vehicle_id,vehicle_number,lap,ThrottleJerk_1s_mean,ThrottleJerk_1s_std,ThrottleJerk_1s_max,BrakeSpikeRate_5s_mean,BrakeSpikeRate_5s_max,BrakeSpikeRate_5s_sum,SteerEntropy_10s_mean,SteerEntropy_10s_max,MicroVariability_mean,MicroVariability_std,ath_mean,ath_std,ath_min,ath_max,pbrake_f_mean,pbrake_f_max,pbrake_f_sum,Steering_Angle_mean,Steering_Angle_std,speed_mean,speed_std,speed_min,speed_max,accx_can_mean,accx_can_std,accy_can_mean,accy_can_std
GR86-002-002,2,1.0,7.965022505972504,18.322983445695662,93.64782608695651,0.7215528781793842,5.0,539.0,0.6377800043266472,2.3025850929940455,0.0,0.0,19.451853492871873,26.147055081963416,2.423529411764706,100.14695652173914,1.3680331290942747,54.341818181818184,1021.9207474334231,-3.1960764006531326,21.44210665518253,33.475566934404284,45.56702383144449,0.0,127.03,0.0030617871865869922,0.12908378078151753,-0.03850084675990342,0.37881978892341067
GR86-002-002,2,1.2727272727272727,0.35681818181818414,,0.35681818181818414,1.0,1.0,1.0,1.2798542258336676,1.2798542258336676,0.0,,24.813181818181818,,24.813181818181818,24.813181818181818,0.0,0.0,0.0,4.263636363636365,,112.596,,112.596,112.596,0.09672727272727273,,-0.003772727272727272,
GR86-002-002,2,2.0,16.14739852074053,19.6875991434972,90.31871541501977,1.518987341772152,5.0,240.0,1.4811046383003914,2.163955656882057,0.0,0.0,30.175789363124732,30.529520806262024,2.415217391304348,100.18045454545454,1.9339154766074138,26.053863636363634,305.5586453039714,-3.198231710906207,35.928708942646495,93.22380907172996,17.1971077797992,56.408,129.664,-0.00586778688120594,0.1725410094584733,-0.059391926212675125,0.5730094570861783
GR86-002-002,2,2.652173913043478,0.004881422924910339,,0.004881422924910339,0.0,0.0,0.0,1.0549201679861442,1.0549201679861442,0.0,,100.00260869565217,,100.00260869565217,100.00260869565217,0.0,0.0,0.0,2.721739130434783,,132.995,,132.995,132.995,0.2070869565217391,,-0.003695652173913044,
GR86-002-002,2,3.0,14.841274980235418,22.985462922247113,86.02118181818182,1.8421052631578947,5.0,210.0,1.744752934142558,2.163955656882057,0.0,0.0,72.0267778880493,38.27055444328447,2.445217391304348,100.15782608695653,7.131779943930974,127.1991304347826,813.022913608131,-5.334009017064539,43.067502947415285,127.67791666666666,29.775950997638855,62.274,186.292,0.01373952344108312,0.36069680083331823,-0.0938846857322559,0.8339726269384979
GR86-002-002,2,3.772727272727273,0.012569169960457316,,0.012569169960457316,0.0,0.0,0.0,1.313834033192747,1.313834033192747,0.0,,99.9909090909091,,99.9909090909091,99.9909090909091,0.0,0.0,0.0,20.150000000000002,,169.8025,,169.8025,169.8025,0.1630909090909091,,0.5269545454545455,
GR86-002-002,2,4.0,17.204561257662796,24.30562327718465,92.83789473684209,1.8141592920353982,5.0,205.0,1.736581022296776,2.163955656882057,0.0,0.0,70.17462147936183,38.40993349361324,2.411818181818182,100.17826086956521,6.887101282711132,151.56476190476192,778.242444946358,-4.3141995617505176,43.010213914063506,128.55501488095237,30.854619953773035,63.612500000000004,187.14499999999998,0.008307369968200551,0.3581506994907755,-0.08791803760899035,0.8515855373851234
GR86-002-002,2,4.695652173913044,0.0013636363636493343,,0.0013636363636493343,0.0,0.0,0.0,1.2798542258336674,1.2798542258336674,0.0,,100.0,,100.0,100.0,0.0,0.0,0.0,19.756521739130438,,169.602,,169.602,169.602,0.15643478260869564,,0.45569565217391306,
GR86-002-002,2,5.0,15.121732178678627,22.847046608133745,92.22909090909091,1.6071428571428572,5.0,180.0,1.7067047199128194,2.163955656882057,0.0,0.0,70.69405851426279,38.143493901116365,2.424090909090909,100.13681818181817,7.822830286251697,112.87477272727273,876.1569920601901,-3.294033999365297,43.322925752671026,129.88045535714286,31.11368147135102,64.325,186.5925,0.010003871479942094,0.35831779980776735,-0.0928836411283361,0.8581816164493988
GR86-002-002,2,5.869565217391305,0.0003519668736942094,,0.0003519668736942094,0.0,0.0,0.0,1.2798542258336674,1.2798542258336674,0.0,,99.99869565217392,,99.99869565217392,99.99869565217392,0.0,0.0,0.0,18.191304347826087,,170.96800000000002,,170.96800000000002,170.96800000000002,0.16578260869565217,,0.48004347826086957,
GR86-002-002,2,6.0,14.559598065730864,20.454029170652117,89.32518181818182,1.36,5.0,170.0,1.5984910170460649,2.163955656882057,0.0,0.0,39.977400930600545,36.50031816358881,2.4063636363636363,100.12304347826087,2.8901871394692265,51.48136363636363,361.2733924336533,-2.4630570840804253,40.28437992229394,116.350516,28.42977472543988,61.470000000000006,183.735,-0.010499452654032975,0.24859057262380546,-0.06937903402511549,0.7711466194103331
GR86-002-002,2,6.869565217391305,1.95975155279503,,1.95975155279503,0.0,0.0,0.0,1.0296530140645737,1.0296530140645737,0.0,,17.842608695652174,,17.842608695652174,17.842608695652174,0.0,0.0,0.0,9.782608695652174,,125.532,,125.532,125.532,0.002347826086956522,,0.11943478260869565,
GR86-002-002,2,7.0,1.5271567013097127,6.076917208256529,79.79110671936759,0.27746947835738067,5.0,250.0,0.48496909100578317,2.163955656882057,0.0,0.0,8.878167451417596,7.1837636451574705,2.3804761904761906,100.01272727272728,0.4215555599986645,25.701818181818183,379.40000399879807,-18.797374440347028,45.25360236948374,17.518069150908417,33.61228170959261,0.0,126.048,-0.003182989085381506,0.059610874667412245,-0.017634999267621066,0.2001264706260987
GR86-002-002,2,7.666666666666667,2.3819264069264054,,2.3819264069264054,0.0,0.0,0.0,0.6730116670092565,0.6730116670092565,0.0,,15.412380952380952,,15.412380952380952,15.412380952380952,0.0,0.0,0.0,5.847619047619048,,105.444,,105.444,105.444,-0.04133333333333333,,0.04719047619047619,
GR86-002-002,2,8.0,5.9305910564902184,8.296333129586902,65.71256728778468,0.4819277108433735,4.0,80.0,1.4061393737203816,2.163955656882057,0.0,0.0,15.261221487304384,10.37716943167791,2.377391304347826,80.2195238095238,0.6026004327870488,17.185238095238095,100.0316718426501,-3.225183495132421,31.93453555522526,88.15928686868686,14.99403439943159,56.9375,121.54400000000001,-0.011582245866583216,0.12844685762084468,-0.06583437244177161,0.47480245035030116
GR86-002-002,2,8.272727272727273,8.74409090909091,,8.74409090909091,0.0,0.0,0.0,0.6108643020548935,0.6108643020548935,0.0,,18.53590909090909,,18.53590909090909,18.53590909090909,0.0,0.0,0.0,5.368181818181818,,105.035,,105.035,105.035,0.015000000000000001,,0.03409090909090909,
GR86-002-002,2,9.0,12.688652822076735,15.495756254227958,84.57872727272728,1.385135135135135,5.0,205.0,1.6259033400010303,2.3025850929940455,0.0,0.0,32.57207935299783,32.12255859802329,2.3735,100.01086956521739,2.023125730296926,39.833043478260876,299.422608083945,-3.5853092257983565,36.47049155768913,98.90160135135135,18.62331103157474,62.515,162.692,0.00840131608175086,0.18455248278128314,-0.07214354634137243,0.6451368245725536
GR86-002-002,2,9.5,0.00043478260870699614,,0.00043478260870699614,0.0,0.0,0.0,1.4708084763221112,1.4708084763221112,0.0,,100.01,,100.01,100.01,0.0,0.0,0.0,15.66818181818182,,167.675,,167.675,167.675,0.1595909090909091,,0.3794545454545455,
GR86-002-002,2,10.0,16.822263182866585,24.397405930813793,91.80175889328063,1.6517857142857142,5.0,185.0,1.783475846455506,2.3025850929940455,0.0,0.0,72.44677010117462,37.815916384709084,2.4842105263157896,100.0313043478261,7.214500572170828,132.85391304347826,808.0240640831328,-3.989339106872206,41.63169889787799,130.0631443452381,31.38280176929138,66.28999999999999,188.4175,0.008506513217154973,0.3747879783703364,-0.08526166165047948,0.869472149464918
GR86-002-002,2,10.772727272727273,0.00897233201581571,,0.00897233201581571,0.0,0.0,0.0,1.0296530140645737,1.0296530140645737,0.0,,100.00363636363636,,100.00363636363636,100.00363636363636,0.0,0.0,0.0,19.227272727272727,,169.988,,169.988,169.988,0.15563636363636363,,0.49068181818181816,
GR86-002-002,2,11.0,16.921528986111365,24.41051324243573,83.996,1.3963963963963963,5.0,155.0,1.6863930916332277,2.163955656882057,0.0,0.0,72.03977809110475,38.110616544821355,2.451363636363636,100.04,8.688874546241824,133.89227272727274,964.4650746328424,-4.782989308023634,43.22106344787179,129.94027927927928,31.143456220126414,64.9375,185.1175,0.0094791393544826,0.37984645247192556,-0.0958884339567978,0.8652871516761642
GR86-002-002,2,11.304347826086957,0.007370600414063233,,0.007370600414063233,0.0,0.0,0.0,1.1682824501765625,1.1682824501765625,0.0,,100.00739130434783,,100.00739130434783,100.00739130434783,0.0,0.0,0.0,11.626086956521737,,166.69,,166.69,166.69,0.15417391304347827,,0.21004347826086955,
GR86-002-002,2,12.0,16.20772495490638,24.888275481578557,95.26652173913044,1.6964285714285714,5.0,190.0,1.7463831467220177,2.163955656882057,0.0,0.0,71.2974966099981,38.70150122093487,2.552608695652174,100.04695652173913,8.594887068567806,137.99386363636364,962.6273516795942,-3.9691850220689484,42.65214450159409,130.16957589285715,31.564269551801498,63.55,186.512,0.008319234187850301,0.37345545702557714,-0.08159067601721708,0.8746475021364151
GR86-002-002,2,12.909090909090908,0.006422924901158922,,0.006422924901158922,0.0,0.0,0.0,1.2798542258336674,1.2798542258336674,0.0,,100.00227272727274,,100.00227272727274,100.00227272727274,0.0,0.0,0.0,19.272727272727273,,170.708,,170.708,170.708,0.15745454545454546,,0.5532272727272727,
GR86-002-002,2,13.0,16.141138302795053,23.653037590340418,91.84101449275362,1.5315315315315314,5.0,170.0,1.7525611088157482,2.163955656882057,0.0,0.0,71.95550697444747,38.10189166901289,2.4313636363636366,100.03,8.234642920729877,128.56760869565218,914.0453642010165,-3.809182577923997,44.65345089569098,130.04768918918919,31.190853470795084,63.4225,184.6525,0.007232608860755315,0.3771413733771967,-0.09457789221656498,0.8727315325078165
GR86-002-002,2,13.608695652173912,0.00800395256918307,,0.00800395256918307,0.0,0.0,0.0,1.3592367006650063,1.3592367006650063,0.0,,100.00608695652173,,100.00608695652173,100.00608695652173,0.0,0.0,0.0,16.31304347826087,,168.3,,168.3,168.3,0.1528695652173913,,0.41630434782608694,
GR86-002-002,2,14.0,16.553796266091123,23.19756682862282,79.29079051383398,1.4732142857142858,5.0,165.0,1.7102840452267138,2.3025850929940455,0.0,0.0,70.42962531691197,37.91593554145442,2.4417391304347826,100.02714285714286,6.921893546723024,102.06217391304347,775.2520772329786,-1.9681540572876577,38.73174482221232,130.30543393393393,31.433595137741957,62.155,184.1275,0.013136330160618099,0.36435031041298466,-0.08986513589475993,0.8638386936202588
GR86-002-002,2,14.772727272727273,0.0035064935064923475,,0.0035064935064923475,0.0,0.0,0.0,1.0888999753452235,1.0888999753452235,0.0,,100.00636363636363,,100.00636363636363,100.00636363636363,0.0,0.0,0.0,18.954545454545453,,171.32999999999998,,171.32999999999998,171.32999999999998,0.15745454545454546,,0.5437272727272727,
GR86-002-002,2,15.0,16.01221235072386,23.029212216118783,82.70888198757764,1.4864864864864864,5.0,165.0,1.7222025599194928,2.163955656882057,0.0,0.0,71.29932896526597,38.743563931692094,2.44304347826087,100.02,8.719876970561753,147.74722222222223,967.9063437323546,-3.8966281111899628,40.48260115967851,129.99260960960962,31.714188791243167,62.501999999999995,187.652,0.00660783757650765,0.3811938341216147,-0.09236370944903048,0.8621252209181628
GR86-002-002,2,15.5,0.0028063241106792702,,0.0028063241106792702,0.0,0.0,0.0,1.1682824501765625,1.1682824501765625,0.0,,99.96545454545453,,99.96545454545453,99.96545454545453,0.0,0.0,0.0,15.781818181818183,,168.35,,168.35,168.35,0.16077272727272726,,0.335,
GR86-002-002,2,16.0,14.989617626329157,24.427916933223738,89.77565217391304,1.518181818181818,5.0,167.0,1.7522334183204409,2.163955656882057,0.0,0.0,70.96800565715833,39.58349582612145,2.3778260869565218,99.99882352941177,8.529458728661222,124.97021739130435,938.2404601527345,-4.129468806917075,39.375565810922275,130.0640787878788,31.980292724680037,67.464,186.706,0.005838062167946497,0.37577016969139093,-0.09909647055152346,0.8556795030944624
GR86-002-002,2,16.181818181818183,0.00035573122529797274,,0.00035573122529797274,0.0,0.0,0.0,1.2275294114572126,1.2275294114572126,0.0,,99.94818181818182,,99.94818181818182,99.94818181818182,0.0,0.0,0.0,10.236363636363636,,167.17000000000002,,167.17000000000002,167.17000000000002,0.1549090909090909,,0.2529090909090909,
GR86-002-002,2,17.0,15.030779395996786,22.663350336953716,87.64538961038961,1.8468468468468469,5.0,205.0,1.7450188558873112,2.3025850929940455,0.0,0.0,71.71572363952288,38.08494813194046,2.4421739130434785,99.97434782608696,7.579854836767881,89.62204545454546,841.3638868812347,-3.0992814138082676,40.947041108390664,130.18952552552554,31.715443100056618,62.9375,188.14,0.00905225284905592,0.3771406567945672,-0.08910119530298558,0.8672926048683021
GR86-002-002,2,17.09090909090909,0.004901185770748384,,0.004901185770748384,0.0,0.0,0.0,1.3592367006650063,1.3592367006650063,0.0,,99.93272727272728,,99.93272727272728,99.93272727272728,0.0,0.0,0.0,10.45909090909091,,166.05,,166.05,166.05,0.1698181818181818,,0.18040909090909094,
GR86-002-002,2,18.0,14.777587406339348,22.265475757361475,83.12652173913044,1.6964285714285714,5.0,190.0,1.7721237898003575,2.163955656882057,0.0,0.0,73.09670547545434,37.54823970169707,2.447391304347826,99.95913043478261,9.2931863727375,131.41152173913045,1040.8368737466,-5.52807116802584,43.884371158469875,130.14092113095236,32.0222615170782,62.47,188.15,0.0116190713307721,0.38744042669192397,-0.08633750843387421,0.8643291800030399
GR86-002-002,2,18.727272727272727,0.00033596837945992775,,0.00033596837945992775,0.0,0.0,0.0,1.2798542258336674,1.2798542258336674,0.0,,99.92227272727273,,99.92227272727273,99.92227272727273,0.0,0.0,0.0,14.668181818181818,,169.5325,,169.5325,169.5325,0.15854545454545454,,0.37418181818181817,
GR86-002-002,2,19.0,15.098589690763603,21.80576826653101,88.38043478260867,1.6216216216216217,5.0,180.0,1.7433961497724233,2.3025850929940455,0.0,0.0,71.21776477898446,37.62954023755394,2.4475000000000002,99.94272727272727,8.923833310821296,138.88309523809525,990.5454975011639,-4.141541515809251,43.12450788940868,130.18127027027026,31.40495995053125,61.302,185.638,0.00854085209016559,0.3834820779222884,-0.0921232687396303,0.8671813386542377
GR86-002-002,2,19.727272727272727,0.0018831168831212608,,0.0018831168831212608,0.0,0.0,0.0,1.4708084763221112,1.4708084763221112,0.0,,99.88954545454546,,99.88954545454546,99.88954545454546,0.0,0.0,0.0,15.454545454545455,,169.98250000000002,,169.98250000000002,169.98250000000002,0.1625909090909091,,0.4665909090909091,
GR86-002-002,2,20.0,15.886684603382543,24.12792959643831,91.776066252588,1.7567567567567568,5.0,195.0,1.7201059201794686,2.3025850929940455,0.0,0.0,73.19181893397797,37.8213088807704,2.428,99.92739130434782,8.778617816379114,136.86340909090907,974.4265776180818,-4.501988386799599,40.66337125730976,130.07558858858857,31.66498187308239,60.335,186.624,0.009339774807194718,0.3806156993433673,-0.09163817029549297,0.8665175247469569
GR86-002-002,2,20.545454545454547,0.005039525691685753,,0.005039525691685753,0.0,0.0,0.0,1.2798542258336676,1.2798542258336676,0.0,,99.87590909090909,,99.87590909090909,99.87590909090909,0.0,0.0,0.0,16.863636363636363,,168.0325,,168.0325,168.0325,0.16104545454545455,,0.46218181818181814,
GR86-002-002,2,21.0,13.70607077096493,24.547149622345064,85.22420168067227,1.5517241379310345,5.0,45.0,1.7508051032118943,2.163955656882057,0.0,0.0,70.53462388713618,40.207672623851536,3.4783333333333335,99.90705882352941,15.3223633189135,134.23607142857142,444.3485362484915,-10.248918464269803,51.35995706900802,133.71957142857144,39.91504412469301,58.69199999999999,183.91750000000002,-0.03998739210007463,0.43574262115420503,0.03902328609084478,0.837798150397336
GR86-002-002,2,21.217391304347824,0.0017391304347711412,,0.0017391304347711412,0.0,0.0,0.0,1.4184836619456564,1.4184836619456564,0.0,,99.86391304347826,,99.86391304347826,99.86391304347826,0.0,0.0,0.0,10.834782608695651,,167.068,,167.068,167.068,0.1559565217391304,,0.2832173913043478,
GR86-002-002,2,22.0,13.859066971567943,21.30335418823,85.02181818181818,1.6964285714285714,5.0,190.0,1.82507097663172,2.3025850929940455,0.0,0.0,73.40832067135977,37.32007714652109,2.4395,99.89722222222223,9.46061921623063,137.5493181818182,1059.5893522178305,-5.559426012005594,45.10003819315042,130.42557207207207,32.15892867999116,63.114999999999995,188.11,0.01152498071610067,0.383838842515564,-0.08540101305591406,0.8586754700981571
GR86-002-002,2,23.0,14.089073008916444,22.690257140389633,90.67908212560386,1.7010309278350515,5.0,330.0,1.7421063444752956,2.163955656882057,0.0,0.0,72.55466958844757,37.973289715437595,2.3877272727272727,99.89571428571428,7.956261628601371,138.05931818181818,1543.514755948666,-5.754699636793518,39.9529124329929,129.2680120274914,32.22876072093855,62.624,188.16,0.008872260699764298,0.3807836844457556,-0.08908228905427118,0.8475454845935216
GR86-002-002,2,23.363636363636363,0.006363636363644787,,0.006363636363644787,0.0,0.0,0.0,1.6957425341696346,1.6957425341696346,0.0,,99.76954545454545,,99.76954545454545,99.76954545454545,0.0,0.0,0.0,-1.9045454545454545,,166.625,,166.625,166.625,0.1255,,-0.3285909090909091,
GR86-002-002,2,23.608695652173914,0.0,,0.0,0.0,0.0,0.0,1.2798542258336676,1.2798542258336676,0.0,,99.83695652173913,,99.83695652173913,99.83695652173913,0.0,0.0,0.0,15.134782608695653,,169.06,,169.06,169.06,0.17052173913043478,,0.4451304347826088,
GR86-002-002,2,24.0,3.2244220575025473,11.983186949165527,91.61168181818182,0.5053763440860215,5.0,470.0,0.5040632128888063,2.163955656882057,0.0,0.0,17.5929958308954,26.436230302954257,2.3577272727272724,99.8691304347826,1.7443794805672361,135.395,1622.2729169275296,-19.72988308514071,28.691833768097336,31.4188654467169,52.04525805461144,0.0,186.298,0.018176455129777638,0.14950881011503472,-0.0170539689401227,0.3768708873248082
GR86-002-002,2,24.304347826086957,0.008902691511394778,,0.008902691511394778,0.0,0.0,0.0,1.1682824501765625,1.1682824501765625,0.0,,99.82347826086956,,99.82347826086956,99.82347826086956,0.0,0.0,0.0,7.878260869565217,,167.996,,167.996,167.996,0.16395652173913042,,0.17121739130434782,
GR86-002-002,2,25.0,11.241613605171683,17.326291457592404,73.70500000000001,0.9493670886075949,5.0,150.0,1.3615641817617081,2.3025850929940455,0.0,0.0,23.16394014060267,26.020712512358124,2.3985714285714286,99.80304347826086,1.723492130458106,37.895714285714284,272.31175661238075,-3.496669882416052,33.211471025832076,94.72507805907173,36.575243112996944,31.392000000000003,174.03400000000002,-0.03287883498647554,0.18154539832994018,-0.054665490106162985,0.6264999119939072
GR86-002-002,2,25.956521739130434,0.388260869565217,,0.388260869565217,0.0,0.0,0.0,0.0,0.0,0.0,,8.815217391304348,,8.815217391304348,8.815217391304348,0.0,0.0,0.0,2.391304347826087,,37.803999999999995,,37.803999999999995,37.803999999999995,-0.021956521739130434,,-0.01965217391304348,
GR86-002-002,2,26.0,0.16714121869871656,0.8243643920673389,14.385158102766797,0.11962782454585734,5.0,270.0,0.15269293421645755,2.3025850929940455,0.0,0.0,7.691458513802094,1.179606487119236,2.379565217391304,19.655454545454546,0.12671914826583394,22.81681818181818,286.0051176359872,-8.221878146352593,28.398610259574678,1.5010509525919362,6.139419117619432,0.0,63.962500000000006,0.021876662272307328,0.025555642807851508,-0.0025334450961665093,0.030049579969158833
GR86-003-017,17,1.0,6.037937742338752,13.457861867001684,90.95563636363636,0.8123287671232877,5.0,593.0,0.5741002611653896,2.3025850929940455,0.0,0.0,24.376878055822772,19.988924987337626,2.4404545454545454,100.23521739130435,4.652034685489036,63.62078947368421,3395.985320406996,-8.62847420007868,21.39643690660458,33.86431641518061,47.60803575887574,0.0,166.762,0.0062711618477583496,0.14601877565241989,-0.037685074575392045,0.3721127473049106
GR86-003-017,17,1.7142857142857142,14.86428571428571,,14.86428571428571,3.0,3.0,3.0,1.0296530140645737,1.0296530140645737,0.0,,11.846666666666668,,11.846666666666668,11.846666666666668,16.25261904761905,16.25261904761905,16.25261904761905,-1.5238095238095237,,110.83,,110.83,110.83,-0.3933333333333333,,-0.029285714285714286,
GR86-003-017,17,2.0,15.43261628028214,17.839771222650544,91.71931818181818,2.3533333333333335,5.0,353.0,1.4780676002449045,2.163955656882057,0.0,0.0,38.46189129471088,35.38703469768792,2.4204545454545454,100.24761904761904,3.24063586391869,46.48952380952381,486.0953795878035,-10.275870465232707,37.16691716448703,97.90477333333334,21.74049597541423,49.7775,149.6025,0.003819102082255399,0.23606159207054223,-0.08367236156419224,0.6041981302033093
GR86-003-017,17,3.0,15.41102798337033,23.242140332427812,85.44250988142291,1.6581196581196582,5.0,194.0,1.7411682982687573,2.163955656882057,0.0,0.0,69.88923190074821,39.46204659632288,2.4354545454545455,100.11,5.893158532288967,92.21636363636364,689.4995482778091,-11.703338167468601,40.460965020266194,123.6974131054131,30.71449127251041,63.0975,183.54250000000002,0.01041035130328609,0.3597723206495618,-0.060816647462843106,0.7946413982703499
GR86-003-017,17,3.409090909090909,0.014545454545469738,,0.014545454545469738,0.0,0.0,0.0,1.504788283681191,1.504788283681191,0.0,,100.00954545454546,,100.00954545454546,100.00954545454546,0.0,0.0,0.0,3.536363636363636,,166.93200000000002,,166.93200000000002,166.93200000000002,0.15627272727272729,,0.20577272727272727,
GR86-003-017,17,4.0,17.74783681003936,23.26903461313418,89.59974308300394,1.434782608695652,5.0,165.0,1.7234578739087942,2.163955656882057,0.0,0.0,67.3842672482999,39.148883803711264,2.466190476190476,100.2309090909091,5.561005970793541,72.12909090909092,639.5156866412573,-12.876095839573155,43.79604364180699,126.18281739130434,31.119547267622647,62.27,183.7175,0.008679480662689549,0.35568409849305405,-0.0717954660226352,0.8316410766209886
GR86-003-017,17,4.136363636363637,0.0023320158102677624,,0.0023320158102677624,0.0,0.0,0.0,1.5047882836811908,1.5047882836811908,0.0,,99.99636363636364,,99.99636363636364,99.99636363636364,0.0,0.0,0.0,2.272727272727273,,166.55,,166.55,166.55,0.16495454545454546,,0.17750000000000002,
GR86-003-017,17,5.0,14.821473991740692,23.501061830083284,89.33448051948051,1.3716814159292035,5.0,155.0,1.7496210106418892,2.163955656882057,0.0,0.0,70.97977659373989,38.83722179728067,2.432,100.21,5.975503633817834,69.29108695652174,675.2319106214152,-13.291295088754335,41.329900701947956,129.14193215339233,31.121467608516717,65.9675,183.464,0.011493986432262284,0.36284722179579487,-0.07572942029102393,0.8470655978802558
GR86-003-017,17,5.85,0.0030000000000001137,,0.0030000000000001137,0.0,0.0,0.0,1.2798542258336676,1.2798542258336676,0.0,,100.003,,100.003,100.003,0.0,0.0,0.0,7.9,,169.97,,169.97,169.97,0.16085,,0.41875,
GR86-003-017,17,6.0,12.811182953565355,18.55552908202378,90.55809523809523,1.5508021390374331,5.0,290.0,1.3696408549300498,2.3025850929940455,0.0,0.0,29.78157337036618,34.453696963646046,2.4690909090909092,100.185,2.5638866418947504,56.60333333333334,479.44680203431835,-26.850403209081144,58.53344025667264,81.83954395604395,57.38800699643004,0.0,181.63,-0.004274990633454019,0.21899173427940422,-0.04766221228037767,0.6335157125929823
GR86-003-017,17,6.6,37.694456521739134,,37.694456521739134,1.0,1.0,1.0,1.2798542258336676,1.2798542258336676,0.0,,2.5425,,2.5425,2.5425,6.264,6.264,6.264,1.6350000000000002,,146.2875,,146.2875,146.2875,-0.25615,,0.0827,
GR86-003-017,17,7.0,7.963108533297626,10.385949803100663,74.7,1.2784090909090908,5.0,225.0,1.289626349449432,2.163955656882057,0.0,0.0,18.82446474100054,19.458407610518023,2.43,100.0515,1.9229853364490546,31.752499999999998,338.4454192150336,-11.33541968441809,31.35647949705226,83.15038257575758,26.12762950749749,17.5575,135.29250000000002,-0.0069921285790312945,0.17970641959523592,-0.04692527748635053,0.48092878340979694
GR86-003-017,17,7.894736842105263,3.769545454545455,,3.769545454545455,2.0,2.0,2.0,0.6108643020548935,0.6108643020548935,0.0,,6.2,,6.2,6.2,0.0,0.0,0.0,-0.5578947368421053,,104.70599999999999,,104.70599999999999,104.70599999999999,-0.10652631578947369,,0.019421052631578947,
GR86-003-017,17,8.0,8.551302806936384,12.689480167834546,79.7290909090909,1.216867469879518,5.0,202.0,1.3779418903514997,2.0253262207700677,0.0,0.0,20.66099491491529,23.50618257800728,2.4442857142857144,100.05,1.1142727182020007,28.19340909090909,184.9692712215321,-11.372014105910004,32.06059116939363,87.82163554216868,20.386899833308025,46.6925,139.6,-0.007167978374810625,0.1665328928694965,-0.06073318289776738,0.5229406572110369
GR86-003-017,17,8.19047619047619,0.28826086956521735,,0.28826086956521735,0.0,0.0,0.0,0.6730116670092565,0.6730116670092565,0.0,,15.37,,15.37,15.37,0.0,0.0,0.0,-3.5619047619047617,,94.66,,94.66,94.66,-0.029952380952380953,,-0.017285714285714286,
GR86-003-017,17,9.0,13.655550982571093,18.588350605733297,92.08545454545455,1.952054794520548,5.0,285.0,1.571567733205784,2.3025850929940455,0.0,0.0,33.688134612135514,32.36038477149988,2.4305882352941177,100.05454545454545,2.239333806984108,39.20522727272727,326.9427358196798,-12.00887723985126,34.98518679255757,100.10126712328767,22.350884445060082,49.182500000000005,161.13,0.011119294973152727,0.2186224733073585,-0.0778308472236228,0.6411874494729966
GR86-003-017,17,9.454545454545455,0.005454545454540494,,0.005454545454540494,0.0,0.0,0.0,1.2798542258336674,1.2798542258336674,0.0,,100.00863636363637,,100.00863636363637,100.00863636363637,0.0,0.0,0.0,3.3863636363636362,,166.82999999999998,,166.82999999999998,166.82999999999998,0.151,,0.26095454545454544,
GR86-003-017,17,10.0,15.275571143191383,23.767068605918528,88.4624016563147,1.2831858407079646,5.0,145.0,1.7047019519149236,2.163955656882057,0.0,0.0,68.97117845383276,39.547083858763735,2.4577272727272725,100.06666666666668,5.261480443693795,64.0058695652174,594.5472901373988,-12.85097122053563,39.18643377847704,128.68207079646018,30.639388967956986,65.07000000000001,184.59,0.012066064693313032,0.3524704478632091,-0.0845708626796859,0.8508196414364799
GR86-003-017,17,10.565217391304348,0.002351778656134229,,0.002351778656134229,0.0,0.0,0.0,1.313834033192747,1.313834033192747,0.0,,100.00173913043479,,100.00173913043479,100.00173913043479,0.0,0.0,0.0,5.056521739130435,,167.952,,167.952,167.952,0.1488695652173913,,0.3793478260869565,
GR86-003-017,17,11.0,15.68009257768011,25.12442368679375,94.21686147186146,1.415929203539823,5.0,160.0,1.7972112747248925,2.163955656882057,0.0,0.0,70.31398340095627,39.52898637634989,2.4543478260869565,100.09130434782608,5.835568205681711,88.7725,659.4192072420334,-14.700269390307868,41.98764215736252,128.75613274336283,31.23133096454653,64.15,184.85500000000002,0.008211207981023292,0.3646599908317642,-0.08162415159975761,0.8486345513224548
GR86-003-017,17,11.863636363636363,0.0,,0.0,0.0,0.0,0.0,1.2798542258336674,1.2798542258336674,0.0,,99.99909090909091,,99.99909090909091,99.99909090909091,0.0,0.0,0.0,3.1363636363636362,,170.098,,170.098,170.098,0.1509090909090909,,0.33795454545454545,
GR86-003-017,17,12.0,15.293201887762102,24.019461100222003,90.83258695652174,1.3716814159292035,5.0,155.0,1.716489024135995,2.163955656882057,0.0,0.0,70.8745098989088,39.632293497995455,2.449090909090909,100.09772727272728,7.89000767540783,128.86952380952383,891.5708673210847,-15.56119554739692,39.797382051022694,127.8249646017699,31.72542801521731,63.175,184.95,0.00786060062299203,0.3846522306355055,-0.0728975701364039,0.8408960093322738
GR86-003-017,17,12.636363636363637,0.004437229437229462,,0.004437229437229462,0.0,0.0,0.0,1.313834033192747,1.313834033192747,0.0,,100.00681818181819,,100.00681818181819,100.00681818181819,0.0,0.0,0.0,3.4,,169.224,,169.224,169.224,0.15363636363636363,,0.3345,
GR86-003-017,17,13.0,16.601464297583675,24.308124189602708,82.63909090909092,1.3865546218487395,5.0,165.0,1.736768025958119,2.3025850929940455,0.0,0.0,65.40729477282741,40.213586705897214,2.455,100.10090909090908,5.982040453703151,93.41977272727273,711.862813990675,-12.804856302771888,40.406315035245804,122.74382633053222,32.12004485940143,54.2125,180.73,0.007855346707183878,0.3473108541319878,-0.07167871399843809,0.7934052392007969
GR86-003-017,17,13.652173913043478,0.00029644268772699434,,0.00029644268772699434,0.0,0.0,0.0,1.2798542258336676,1.2798542258336676,0.0,,100.00347826086956,,100.00347826086956,100.00347826086956,0.0,0.0,0.0,3.4652173913043485,,169.158,,169.158,169.158,0.1537391304347826,,0.38060869565217387,
GR86-003-017,17,14.0,13.971629095439164,23.82884983472562,89.4223188405797,1.25,5.0,140.0,1.7286383659432363,2.163955656882057,0.0,0.0,69.12957819547104,39.81925236852674,2.472272727272727,100.08045454545454,6.01249314611168,108.94021739130434,673.3992323645082,-14.946636673912336,40.0203375095205,127.21811160714286,31.23994330234496,64.525,183.494,0.008055392230222645,0.36902569812267655,-0.06685706715882732,0.8301809640153407
GR86-003-017,17,14.045454545454545,0.006245059288531252,,0.006245059288531252,0.0,0.0,0.0,1.4708084763221112,1.4708084763221112,0.0,,100.00363636363636,,100.00363636363636,100.00363636363636,0.0,0.0,0.0,1.4545454545454546,,165.66,,165.66,165.66,0.1479090909090909,,0.21977272727272726,
GR86-003-017,17,15.0,15.806144820306086,21.982071040746042,85.24907114624504,1.3596491228070176,5.0,155.0,1.6774775768928232,2.163955656882057,0.0,0.0,69.65300345182872,38.76158658145655,2.4504545454545457,100.05260869565218,6.169256052543524,92.89704545454546,703.2951899899617,-14.45988900463488,38.30723960438438,128.18797514619882,31.317891439761095,65.425,185.24,0.00806440014524442,0.3705778812745373,-0.07303844899908973,0.8332304777308628
GR86-003-017,17,15.772727272727273,0.007648221343885098,,0.007648221343885098,0.0,0.0,0.0,1.2206072645530173,1.2206072645530173,0.0,,100.0059090909091,,100.0059090909091,100.0059090909091,0.0,0.0,0.0,7.9,,169.628,,169.628,169.628,0.15177272727272728,,0.6505454545454545,
GR86-003-017,17,16.0,15.604777603440551,23.71274255479701,92.69954545454546,1.3274336283185841,5.0,150.0,1.71919793598743,2.3025850929940455,0.0,0.0,68.96754242281348,39.844851477073014,2.4781818181818185,100.04608695652173,5.864659775904486,75.17113636363636,662.7065546772069,-13.413870705919368,38.08739805194249,127.07738495575222,31.0685844601453,66.5575,184.12,0.006960405854785269,0.37085489185357245,-0.07915769613091458,0.8340120951178591
GR86-003-017,17,16.181818181818183,0.002554112554122412,,0.002554112554122412,0.0,0.0,0.0,1.2798542258336674,1.2798542258336674,0.0,,100.00363636363636,,100.00363636363636,100.00363636363636,0.0,0.0,0.0,1.6954545454545455,,166.05599999999998,,166.05599999999998,166.05599999999998,0.14731818181818182,,0.21354545454545457,
GR86-003-017,17,17.0,15.498638743661626,23.334097586688802,89.88105590062112,1.4035087719298245,5.0,160.0,1.7183692747822277,2.163955656882057,0.0,0.0,69.11404369753053,39.20496824686463,2.4640909090909093,100.0295652173913,5.800358774647676,89.78659090909092,661.2409003098351,-14.953746023871883,39.66904731750632,127.72200292397662,31.094486376955924,65.79400000000001,184.82999999999998,0.0052344606448725415,0.3647543167997119,-0.07954012855946492,0.8285849243654029
GR86-003-017,17,17.772727272727273,0.001403162055353846,,0.001403162055353846,0.0,0.0,0.0,1.3661588475692017,1.3661588475692017,0.0,,100.00227272727274,,100.00227272727274,100.00227272727274,0.0,0.0,0.0,6.55,,168.855,,168.855,168.855,0.15418181818181817,,0.36054545454545456,
GR86-003-017,17,18.0,15.628103507763932,25.43343765976187,94.50441558441558,1.3157894736842106,5.0,150.0,1.6796298430715835,2.163955656882057,0.0,0.0,70.44337021746169,39.742310736652776,2.479090909090909,100.02954545454546,5.93641555443633,89.78934782608697,676.7513732057416,-15.151498763725067,40.32481513274204,127.05054678362573,31.368155642118264,59.935,181.73250000000002,0.005394360784945515,0.3730734083704563,-0.07526669699350656,0.8308160814341967
GR86-003-017,17,18.772727272727273,0.0028853754940740828,,0.0028853754940740828,0.0,0.0,0.0,0.8018185525433373,0.8018185525433373,0.0,,99.99363636363637,,99.99363636363637,99.99363636363637,0.0,0.0,0.0,7.5227272727272725,,169.868,,169.868,169.868,0.15263636363636365,,0.5525909090909091,
GR86-003-017,17,19.0,16.299706887869576,24.238587199968208,93.91904761904763,1.293103448275862,5.0,150.0,1.7132486091294346,2.163955656882057,0.0,0.0,67.28209350274214,40.541543915097535,2.45,100.02826086956522,5.436193320141877,66.73666666666666,630.5984251364578,-15.614502784840376,38.84476896217114,124.53583908045977,32.76166514692871,56.8,180.976,0.005167543064671641,0.3572563902692104,-0.07076865497041697,0.8181653346962441
GR86-003-017,17,19.61904761904762,0.012339544513437772,,0.012339544513437772,0.0,0.0,0.0,1.2798542258336674,1.2798542258336674,0.0,,99.99809523809525,,99.99809523809525,99.99809523809525,0.0,0.0,0.0,5.533333333333333,,167.1625,,167.1625,167.1625,0.14547619047619048,,0.4637619047619048,
GR86-003-017,17,20.0,16.958646287986106,23.38106228425729,90.886185770751,1.4035087719298245,5.0,160.0,1.6343040647421998,2.163955656882057,0.0,0.0,68.79028782260936,39.00317501436735,2.4527272727272726,100.02739130434783,5.826868439822252,90.04043478260868,664.2630021397367,-12.147116232089134,34.46811465661531,126.82304970760234,30.55761270603449,63.098,179.01,0.014002745756458271,0.36188967808345024,-0.07862433924419952,0.8265425557276379
GR86-003-017,17,20.272727272727273,0.0027272727272986685,,0.0027272727272986685,0.0,0.0,0.0,1.4708084763221112,1.4708084763221112,0.0,,100.00136363636365,,100.00136363636365,100.00136363636365,0.0,0.0,0.0,1.3772727272727272,,165.082,,165.082,165.082,0.13568181818181818,,0.24586363636363637,
GR86-003-017,17,21.0,15.98312761308305,24.538927903889274,95.29828063241108,1.4035087719298245,5.0,160.0,1.7345082727193675,2.163955656882057,0.0,0.0,67.70098182879187,40.134984085601644,2.4468181818181822,100.02454545454545,4.823468569315252,58.90976190476191,549.8754169019387,-14.126655888473005,35.32651709197337,127.33785233918128,30.528766330360707,63.246,182.23,0.00853281958884452,0.3509083351715962,-0.07882380092975659,0.826817261075723
GR86-003-017,17,21.681818181818183,0.0022529644268871607,,0.0022529644268871607,0.0,0.0,0.0,1.4708084763221112,1.4708084763221112,0.0,,100.00181818181818,,100.00181818181818,100.00181818181818,0.0,0.0,0.0,3.4863636363636363,,167.286,,167.286,167.286,0.151,,0.33236363636363636,
GR86-003-017,17,22.0,15.947514740358084,26.049046895833946,95.45197628458499,1.293103448275862,5.0,150.0,1.6029075694795463,2.0253262207700677,0.0,0.0,68.44484501842622,40.72111694163932,2.4482608695652175,100.02565217391304,5.068506811379854,72.66166666666666,587.946790120063,-13.728301855067569,35.640046703576466,127.88818390804599,30.593128309113226,63.52,180.2375,0.009455360164885086,0.35637672843674817,-0.07356618863080705,0.8155878859065055
GR86-003-017,17,22.636363636363637,0.002748917748917279,,0.002748917748917279,0.0,0.0,0.0,,,0.0,,99.90227272727272,,99.90227272727272,99.90227272727272,0.0,0.0,0.0,2.2681818181818185,,167.35000000000002,,167.35000000000002,167.35000000000002,0.16077272727272726,,0.34422727272727277,
GR86-003-017,17,22.695652173913043,0.007648221343856676,,0.007648221343856676,0.0,0.0,0.0,1.2798542258336676,1.2798542258336676,0.0,,100.01173913043478,,100.01173913043478,100.01173913043478,0.0,0.0,0.0,5.317391304347827,,168.385,,168.385,168.385,0.14300000000000002,,0.5461304347826087,
GR86-003-017,17,23.0,16.734457602011137,24.354443529843962,93.69709486166009,1.3973799126637554,5.0,320.0,1.7185175187412236,2.163955656882057,0.0,0.0,68.16563612520471,39.50333676325626,2.4468181818181822,100.03227272727273,5.3137655965627415,77.16608695652174,1216.8523216128679,-13.397062756795766,36.866557151125,126.17434788937409,31.20341703318818,55.085,183.58,0.00663109294266412,0.3533270432752252,-0.07774502007708255,0.8206775003880459
GR86-003-017,17,23.304347826086957,0.0030848861283772067,,0.0030848861283772067,0.0,0.0,0.0,1.3321790402101223,1.3321790402101223,0.0,,100.00260869565217,,100.00260869565217,100.00260869565217,0.0,0.0,0.0,2.9782608695652173,,165.8,,165.8,165.8,0.14704347826086958,,0.3070869565217392,
GR86-003-017,17,23.636363636363637,33.193577075098815,,33.193577075098815,0.0,0.0,0.0,1.1935496040981333,1.1935496040981333,0.0,,66.69772727272728,,66.69772727272728,66.69772727272728,0.0,0.0,0.0,0.7363636363636364,,166.75,,166.75,166.75,0.12613636363636363,,0.3653181818181819,
GR86-003-017,17,24.0,13.337972375254983,19.344299520096182,88.48037549407115,1.6385135135135136,5.0,485.0,1.4042207075246365,2.163955656882057,0.0,0.0,38.869836814368,39.10708692355572,2.4495454545454547,100.02428571428572,3.358825380046528,93.62547619047619,994.2123124937723,-12.40521399759487,32.90780094849802,99.16120777027027,41.71832186139087,15.0425,182.26,-0.013622517629283131,0.2635355704377241,-0.056330123229776416,0.6526180591573669
GR86-003-017,17,24.227272727272727,0.160098814229249,,0.160098814229249,0.0,0.0,0.0,0.0,0.0,0.0,,11.572272727272727,,11.572272727272727,11.572272727272727,0.0,0.0,0.0,-7.800000000000001,,43.879999999999995,,43.879999999999995,43.879999999999995,0.05245454545454545,,-0.017954545454545456,
GR86-003-017,17,24.59090909090909,0.0022529644268871607,,0.0022529644268871607,0.0,0.0,0.0,1.313834033192747,1.313834033192747,0.0,,100.00181818181818,,100.00181818181818,100.00181818181818,0.0,0.0,0.0,4.604545454545455,,167.926,,167.926,167.926,0.14277272727272727,,0.4232727272727273,
GR86-003-017,17,25.0,5.88106830425307,10.939782644645744,69.94863636363637,1.3831168831168832,5.0,426.0,1.2402622795663905,2.163955656882057,0.0,0.0,15.716381358184195,22.881538404864834,2.2273913043478264,100.01913043478261,1.7320313278732011,47.73404761904762,533.4656489849459,-12.47281517217745,44.1462247142845,56.998837662337664,47.70957627715032,0.0,178.235,-0.025864854977110083,0.16152944763444832,-0.022149963973791695,0.4521475475799069
GR86-003-017,17,25.09090909090909,3.1445454545454563,,3.1445454545454563,0.0,0.0,0.0,0.3250829733914482,0.3250829733914482,0.0,,12.083636363636366,,12.083636363636366,12.083636363636366,0.0,0.0,0.0,-6.368181818181818,,45.658,,45.658,45.658,0.04145454545454546,,-0.022136363636363635,
GR86-003-017,17,26.0,1.7121246251333206,2.7608368793190645,16.218636363636364,1.6333333333333333,5.0,245.0,1.1736790558736738,2.3025850929940455,0.0,0.0,6.007845053014618,4.183782355974485,2.4769565217391305,20.47,1.0142661208356862,21.537608695652175,152.13991812535292,-12.050662839575883,61.07506775105047,18.347550000000002,14.009874699887353,0.0,58.91,-0.024836818495514147,0.07484404583585594,-0.0009123000188217576,0.10022240821308186
GR86-004-078,78,1.0,3.9467636275792595,10.653583136378865,89.16499999999999,0.882091212458287,5.0,793.0,0.5281503379018434,2.3025850929940455,0.0,0.0,14.580373187702572,19.384565591123526,2.4335714285714287,100.14714285714287,1.2458215821614251,41.10068181818182,1119.9936023631212,1.448029282724119,33.15618117567037,28.12207132216015,43.9737663544648,0.0,141.228,0.010667182548226139,0.10296330431246715,-0.0358659572913059,0.3518537024684868
GR86-004-078,78,1.7,7.490181818181821,,7.490181818181821,2.0,2.0,2.0,1.8343719702816237,1.8343719702816237,0.0,,14.812999999999999,,14.812999999999999,14.812999999999999,0.0,0.0,0.0,-16.37,,114.10799999999999,,114.10799999999999,114.10799999999999,-0.027100000000000003,,-0.4894,
GR86-004-078,78,2.0,12.941998361899904,17.5112226870315,82.61195454545455,2.458064516129032,5.0,381.0,1.587475910258833,2.163955656882057,0.0,0.0,29.730619604529167,29.146753316457517,2.4295454545454547,100.19434782608695,2.7280035729093304,34.18727272727273,422.8405538009462,-3.795980241383547,39.3668459954473,95.33425806451612,18.530168432606395,58.4525,135.16750000000002,0.0009254144242637015,0.19326551507417894,-0.06939485811001692,0.6093621227680326
GR86-004-078,78,2.9523809523809526,0.008530020703929608,,0.008530020703929608,0.0,0.0,0.0,1.0296530140645737,1.0296530140645737,0.0,,99.99809523809525,,99.99809523809525,99.99809523809525,0.0,0.0,0.0,5.919047619047619,,137.36399999999998,,137.36399999999998,137.36399999999998,0.22409523809523813,,0.0678095238095238,
GR86-004-078,78,3.0,14.24534820088544,20.55263974436621,77.27796536796536,1.5217391304347827,5.0,175.0,1.7251499100592853,2.163955656882057,0.0,0.0,68.12232211935579,39.59835923649895,2.4495454545454547,100.19782608695652,5.244788931987987,72.60043478260869,603.1507271786185,-5.347855930856528,45.04442410476047,126.74746521739131,30.296946095500974,65.926,187.004,0.01523247528082967,0.35723621068541045,-0.0872619477547624,0.8333915689962598
GR86-004-078,78,3.9545454545454546,0.004664031620549736,,0.004664031620549736,0.0,0.0,0.0,1.313834033192747,1.313834033192747,0.0,,100.00727272727272,,100.00727272727272,100.00727272727272,0.0,0.0,0.0,21.20909090909091,,171.25,,171.25,171.25,0.15313636363636365,,0.565,
GR86-004-078,78,4.0,14.546644848286723,20.716184339151614,79.64714285714285,1.4285714285714286,5.0,160.0,1.8126052034716411,2.163955656882057,0.0,0.0,68.84686338818929,39.00255413604878,2.444545454545455,100.17454545454547,6.126695708051007,93.52181818181818,686.1899193017127,-5.771710256217372,47.22358194081343,129.08506101190477,31.45955620045087,63.49250000000001,189.9525,0.013357226710374186,0.366306911394627,-0.0880644885313315,0.8643534644634581
GR86-004-078,78,4.545454545454546,0.005000000000009663,,0.005000000000009663,0.0,0.0,0.0,1.2798542258336676,1.2798542258336676,0.0,,99.99772727272726,,99.99772727272726,99.99772727272726,0.0,0.0,0.0,11.459090909090909,,169.705,,169.705,169.705,0.16068181818181818,,0.23027272727272727,
GR86-004-078,78,5.0,13.780585407087738,21.959402181643274,86.02818181818182,1.3392857142857142,5.0,150.0,1.8065317875172313,2.163955656882057,0.0,0.0,68.45330158346884,39.44362520840012,2.4465,100.21190476190475,6.24287055167917,79.45568181818182,699.201501788067,-5.15200812030311,45.36009509884032,129.76654464285716,31.538247970909318,64.67,189.14249999999998,0.012069481981822614,0.3655235715525686,-0.08729039615967737,0.8635560150265957
GR86-004-078,78,5.6,0.001434782608711771,,0.001434782608711771,0.0,0.0,0.0,1.313834033192747,1.313834033192747,0.0,,100.001,,100.001,100.001,0.0,0.0,0.0,12.425,,169.91400000000002,,169.91400000000002,169.91400000000002,0.1656,,0.2994,
GR86-004-078,78,6.0,16.520098012382736,21.26741077166485,83.58900621118013,1.4,5.0,175.0,1.6175646074822452,2.163955656882057,0.0,0.0,42.91993233352155,38.11569776641378,2.4123809523809525,100.17363636363638,3.1749887307002687,50.36113636363636,396.8735913375336,-3.668541660475299,43.51021214004393,116.44856,28.537515946444074,61.505,182.285,-0.006642698477418843,0.2646582704664731,-0.06596466949983655,0.7783288512566569
GR86-004-078,78,6.285714285714286,4.824696969696969,,4.824696969696969,0.0,0.0,0.0,1.0296530140645737,1.0296530140645737,0.0,,27.023333333333333,,27.023333333333333,27.023333333333333,0.0,0.0,0.0,8.804761904761905,,124.33500000000001,,124.33500000000001,124.33500000000001,0.12009523809523809,,0.12328571428571429,
GR86-004-078,78,7.0,5.374407245925115,8.19597646297144,59.44636363636364,0.8849557522123894,5.0,200.0,1.0410470530034357,2.0253262207700677,0.0,0.0,13.406755675493374,13.59995027795491,2.394285714285714,99.77045454545454,0.6959951384555362,17.33021739130435,157.29490129095117,-2.2216357515162577,28.540288550217312,67.10791743119266,38.09902048122888,0.0,132.14249999999998,0.001370663007543024,0.11407358046854889,-0.04502185102547647,0.4037702373858518
GR86-004-078,78,7.380952380952381,1.7110389610389607,,1.7110389610389607,0.0,0.0,0.0,0.9433483923290391,0.9433483923290391,0.0,,2.4571428571428573,,2.4571428571428573,2.4571428571428573,0.0,0.0,0.0,4.828571428571429,,111.34,,111.34,111.34,-0.0991904761904762,,0.008142857142857143,
GR86-004-078,78,8.0,7.590554741073096,9.805175729473145,52.78999999999999,1.1077844311377245,5.0,185.0,1.5526242480462453,2.3025850929940455,0.0,0.0,17.068473719406164,15.82204813241216,2.4186363636363635,99.94636363636364,1.1737214500981097,19.922727272727272,196.01148216638433,-2.962327265288734,34.81076109367234,88.16567664670659,16.00176097811853,49.7475,125.15,-0.006093712477963428,0.14249155193728652,-0.06206313709470714,0.5317088804312068
GR86-004-078,78,8.818181818181818,2.15909090909091,,2.15909090909091,0.0,0.0,0.0,1.4184836619456564,1.4184836619456564,0.0,,24.176363636363636,,24.176363636363636,24.176363636363636,0.0,0.0,0.0,4.931818181818182,,105.52799999999999,,105.52799999999999,105.52799999999999,0.12200000000000001,,0.0135,
GR86-004-078,78,9.0,9.927860258656644,12.444950021689088,75.90272727272728,1.598639455782313,5.0,235.0,1.6699905683355742,2.3025850929940455,0.0,0.0,28.03149301793422,28.44286138430842,2.410476190476191,100.00500000000001,1.6184817200330557,43.05840909090909,237.91681284485918,-3.8378167262823784,38.41645924593498,99.59286394557823,18.816209818853423,63.3575,164.4075,0.009435404680262943,0.1853685855500009,-0.0729946098676823,0.6431508198815958
GR86-004-078,78,9.727272727272727,0.003181818181829499,,0.003181818181829499,0.0,0.0,0.0,1.6094379124341,1.6094379124341,0.0,,100.00181818181818,,100.00181818181818,100.00181818181818,0.0,0.0,0.0,17.363636363636363,,169.50799999999998,,169.50799999999998,169.50799999999998,0.15486363636363637,,0.42872727272727273,
GR86-004-078,78,10.0,16.287738658298768,23.058033100143323,84.41818181818181,1.4732142857142858,5.0,165.0,1.7972364672120729,2.163955656882057,0.0,0.0,69.08393388074754,39.274043041990026,2.4204545454545454,100.0395652173913,5.790743992781219,59.013695652173915,648.5633271914966,-5.391064277983921,44.827194828706595,129.96533482142857,31.231836207885134,64.97749999999999,187.4625,0.010318897960421946,0.36426217070992895,-0.08768980862393845,0.871546228791374
GR86-004-078,78,10.826086956521738,0.005859213250516859,,0.005859213250516859,0.0,0.0,0.0,1.2798542258336674,1.2798542258336674,0.0,,99.99652173913044,,99.99652173913044,99.99652173913044,0.0,0.0,0.0,19.043478260869566,,170.945,,170.945,170.945,0.15743478260869564,,0.5070869565217392,
GR86-004-078,78,11.0,13.898734014507612,19.897592603128547,85.18727272727273,1.2946428571428572,5.0,145.0,1.8124038021569455,2.3025850929940455,0.0,0.0,68.52002453395805,38.03169921112304,2.4269565217391302,100.055,6.08737030674424,81.57840909090909,681.7854743553548,-4.499602201526543,45.4462720666324,129.3539955357143,30.853878838277332,66.23400000000001,189.03,0.013244667012321886,0.3714488064223199,-0.08906469349103277,0.8655590378106485
GR86-004-078,78,11.772727272727273,0.003181818181829499,,0.003181818181829499,0.0,0.0,0.0,1.2798542258336674,1.2798542258336674,0.0,,100.00363636363636,,100.00363636363636,100.00363636363636,0.0,0.0,0.0,14.836363636363636,,169.37,,169.37,169.37,0.15036363636363637,,0.39236363636363636,
GR86-004-078,78,12.0,13.851640155082558,18.460043458241138,83.91628260869567,1.3839285714285714,5.0,155.0,1.7421758958080127,2.163955656882057,0.0,0.0,66.60156799783137,38.28089198157515,2.4481818181818182,100.06272727272727,5.658120461631623,55.427727272727275,633.7094917027417,-5.067366702211014,45.79837113560739,129.94608482142857,31.048087859975507,62.63,187.295,0.012808138488042058,0.3611993953234957,-0.08475589190750497,0.8713183430842386
GR86-004-078,78,12.954545454545455,0.010086580086564823,,0.010086580086564823,0.0,0.0,0.0,1.313834033192747,1.313834033192747,0.0,,100.00818181818181,,100.00818181818181,100.00818181818181,0.0,0.0,0.0,19.131818181818183,,172.01,,172.01,172.01,0.16954545454545455,,0.5248181818181817,
GR86-004-078,78,13.0,13.859632657262509,22.713104457922515,88.36254940711463,1.3392857142857142,5.0,150.0,1.7980143426310506,2.3025850929940455,0.0,0.0,68.43941450524544,39.81984921477557,2.4385714285714286,100.05304347826086,6.554282546096502,101.73727272727274,734.0796451628082,-1.6554436781300137,44.1101855563273,129.6669234234234,32.05200500018226,64.5675,185.16,0.009528995702365267,0.37442216973916204,-0.08071486409122278,0.866264939516381
GR86-004-078,78,14.0,13.111062584865962,19.011540641901153,71.60999999999999,1.4732142857142858,5.0,165.0,1.7299832056150817,2.3025850929940455,0.0,0.0,68.91951202999422,38.18490295742516,2.4600000000000004,100.04350000000001,6.555417114943803,87.1015,734.206716873706,-0.7174943190118699,43.80657430563546,130.04439285714287,31.50754843480052,65.74000000000001,188.148,0.014334187482861476,0.38628003865312444,-0.08448060873282759,0.8713641004830758
GR86-004-078,78,14.571428571428571,0.0014699792960470859,,0.0014699792960470859,0.0,0.0,0.0,1.1682824501765625,1.1682824501765625,0.0,,100.01190476190476,,100.01190476190476,100.01190476190476,0.0,0.0,0.0,16.857142857142858,,169.145,,169.145,169.145,0.14919047619047618,,0.3391904761904762,
GR86-004-078,78,15.0,14.541102903627646,22.65817138508561,80.44714285714286,1.3392857142857142,5.0,150.0,1.7921700177646263,2.163955656882057,0.0,0.0,69.85570915236283,39.11805223908064,2.409047619047619,100.02904761904763,6.350213904657713,86.92909090909092,711.2239573216639,-0.3910226131746647,43.21526944551731,130.08620982142858,31.388269724535196,64.37,187.0075,0.013757287014296047,0.3680962050137947,-0.08386768603998704,0.8719962938176842
GR86-004-078,78,16.0,14.009288162087177,22.494571905439894,90.3545,1.3392857142857142,5.0,150.0,1.7103242301660797,2.1639556568820564,0.0,0.0,70.72965397157667,39.13065120072049,2.453684210526316,100.02952380952381,6.174724285657679,82.1,691.56911999366,-0.8489194093836135,44.06657497187718,130.65548214285715,31.156260869294538,66.6825,188.48399999999998,0.013454820304101113,0.3782830887405745,-0.08454914963775192,0.8757420057658146
GR86-004-078,78,16.772727272727273,0.0020948616600833248,,0.0020948616600833248,0.0,0.0,0.0,1.1935496040981333,1.1935496040981333,0.0,,99.99818181818182,,99.99818181818182,99.99818181818182,0.0,0.0,0.0,20.272727272727273,,169.655,,169.655,169.655,0.15154545454545454,,0.49000000000000005,
GR86-004-078,78,17.0,13.924797743902603,22.119311054121283,91.63470355731225,1.3963963963963963,5.0,155.0,1.8018103096138525,2.163955656882057,0.0,0.0,69.19831849463563,39.340363784918154,2.4241176470588237,100.0290909090909,5.862927445113507,75.12863636363636,650.7849464075993,-1.6976764451572637,43.18608952763894,130.08628378378378,31.047891946271832,67.666,187.38,0.012504301996629365,0.37730486171820987,-0.08997023828302601,0.8733834152501238
GR86-004-078,78,17.285714285714285,0.0012008281573372415,,0.0012008281573372415,0.0,0.0,0.0,1.2798542258336676,1.2798542258336676,0.0,,99.98380952380951,,99.98380952380951,99.98380952380951,0.0,0.0,0.0,13.100000000000001,,166.75,,166.75,166.75,0.14685714285714285,,0.19642857142857142,
GR86-004-078,78,18.0,14.323095263790915,22.150155553525813,92.3723593073593,1.3063063063063063,5.0,145.0,1.7377154372909664,2.3025850929940455,0.0,0.0,70.25092870079254,38.95555972234462,2.4272727272727272,100.02380952380952,6.219962583212584,77.15886363636363,690.4158467365968,-2.309287497228001,43.582458713760616,130.6251936936937,31.128370230471813,66.896,186.016,0.015446767106835756,0.37643401638093854,-0.08553488336657672,0.8824136341818146
GR86-004-078,78,18.26086956521739,0.0034387351778519815,,0.0034387351778519815,0.0,0.0,0.0,1.1682824501765625,1.1682824501765625,0.0,,99.98434782608695,,99.98434782608695,99.98434782608695,0.0,0.0,0.0,13.373913043478263,,166.9925,,166.9925,166.9925,0.15443478260869564,,0.20821739130434783,
GR86-004-078,78,19.0,14.586843992496167,23.460979762785158,94.00545454545454,1.3513513513513513,5.0,150.0,1.6821426940135966,2.3025850929940455,0.0,0.0,70.47950068583249,39.2352878763524,2.4,100.0190909090909,6.230045956035087,72.23695652173913,691.5351011198946,-0.046894035555362736,42.90400024764114,130.4700960960961,31.1560111686361,65.418,185.9675,0.012694948592088182,0.3757849780907775,-0.08612614828713226,0.8819837621751417
GR86-004-078,78,19.045454545454547,0.0008300395257094806,,0.0008300395257094806,0.0,0.0,0.0,1.2206072645530175,1.2206072645530175,0.0,,99.96909090909092,,99.96909090909092,99.96909090909092,0.0,0.0,0.0,12.75,,165.985,,165.985,165.985,0.1524090909090909,,0.1655,
GR86-004-078,78,20.0,13.974287751068806,21.83353629153828,88.78710869565217,1.3392857142857142,5.0,150.0,1.742876892847659,2.163955656882057,0.0,0.0,70.789673984598,38.522457264178364,2.409,100.00545454545454,6.466102731308615,82.17068181818182,724.2035059065648,-1.5214654038753006,41.83533015365959,130.44392410714286,31.5232300571369,64.10249999999999,187.908,0.015692710456087996,0.37724000116596224,-0.0823667482069799,0.870474823316607
GR86-004-078,78,20.818181818181817,0.0010389610389722748,,0.0010389610389722748,0.0,0.0,0.0,1.1935496040981333,1.1935496040981333,0.0,,99.96818181818183,,99.96818181818183,99.96818181818183,0.0,0.0,0.0,20.172727272727272,,171.375,,171.375,171.375,0.15286363636363637,,0.49722727272727274,
GR86-004-078,78,21.0,13.763756644843602,20.32814612986784,75.49804347826088,1.4414414414414414,5.0,160.0,1.798736017488243,2.3025850929940455,0.0,0.0,69.50886079194889,38.2724374336241,2.4086363636363637,100.00619047619048,6.337725456681978,91.42547619047619,703.4875256916996,-1.4277851833229411,43.97121429172142,130.57823423423423,31.41295205910075,65.605,191.0325,0.012625440019948024,0.3790843827188238,-0.08808714188348057,0.881115478361103
GR86-004-078,78,21.857142857142858,0.0014285714285762197,,0.0014285714285762197,0.0,0.0,0.0,1.1682824501765625,1.1682824501765625,0.0,,99.96619047619048,,99.96619047619048,99.96619047619048,0.0,0.0,0.0,19.295238095238094,,170.842,,170.842,170.842,0.15704761904761905,,0.426,
GR86-004-078,78,22.0,13.182650821852196,19.952902616240575,76.31363636363636,1.3513513513513513,5.0,150.0,1.7901344746734482,2.3025850929940455,0.0,0.0,69.65342166462877,38.754508606205455,2.4295652173913043,100.00130434782609,6.519115957133692,91.14891304347827,723.6218712418398,-1.3199292742771003,45.03161268822993,130.6000855855856,31.417063863511686,64.4625,189.518,0.012665168266426852,0.3802958703315907,-0.08750535811451142,0.8798818919405342
GR86-004-078,78,22.869565217391305,0.00012422360248365294,,0.00012422360248365294,0.0,0.0,0.0,1.0888999753452238,1.0888999753452238,0.0,,99.96869565217392,,99.96869565217392,99.96869565217392,0.0,0.0,0.0,17.82608695652174,,171.552,,171.552,171.552,0.15865217391304348,,0.39591304347826084,
GR86-004-078,78,23.0,2.7839096318766687,11.021534627610936,90.39909090909092,0.26159921026653504,5.0,265.0,0.4135045797416332,2.163955656882057,0.0,0.0,18.76092418420408,28.700661310047472,2.3966666666666665,100.00761904761904,1.1925676148466553,87.1765909090909,1208.070993839662,15.09631536831687,94.20459285762522,22.06141609081935,50.21087327385657,0.0,190.2225,-0.008349946285710116,0.16690732338519015,0.004220502016621965,0.35822744168282666
GR86-004-078,78,23.652173913043477,0.0020082815735094073,,0.0020082815735094073,0.0,0.0,0.0,1.1682824501765625,1.1682824501765625,0.0,,99.96391304347826,,99.96391304347826,99.96391304347826,0.0,0.0,0.0,18.36521739130435,,170.80599999999998,,170.80599999999998,170.80599999999998,0.1562608695652174,,0.4265652173913043,
GR86-004-078,78,24.0,15.407642290809605,22.313474249334647,80.84681818181818,1.3839285714285714,5.0,155.0,1.7639317925463707,2.163955656882057,0.0,0.0,70.74356163285472,38.54684062232831,2.3922727272727276,100.00045454545456,6.792308480210266,91.19543478260869,760.7385497835497,-1.7079680231776504,43.88796173884719,129.27104910714286,31.183137581226955,63.93399999999999,188.526,0.013409904109865289,0.3782717811951278,-0.08307418923597107,0.86415037640288
GR86-004-078,78,24.652173913043477,14.038873517786556,,14.038873517786556,0.0,0.0,0.0,1.3592367006650063,1.3592367006650063,0.0,,85.90521739130435,,85.90521739130435,85.90521739130435,0.0,0.0,0.0,17.33478260869565,,169.598,,169.598,169.598,0.14908695652173914,,0.39691304347826084,
GR86-004-078,78,25.0,6.031259205989473,8.896937908369951,82.45430830039525,1.3756613756613756,5.0,260.0,1.3813354626610823,2.3025850929940455,0.0,0.0,14.192839708082213,12.453874127858878,2.378095238095238,99.8940909090909,1.813697399458696,27.637857142857143,342.78880849769354,3.015330606128271,34.66229429543092,78.8769585537919,36.97875773710425,0.0,172.4025,-0.029201580509633118,0.13715588063919104,-0.022553374649227638,0.4796502646194181
GR86-004-078,78,25.772727272727273,0.6475757575757584,,0.6475757575757584,0.0,0.0,0.0,0.6730116670092565,0.6730116670092565,0.0,,6.239090909090908,,6.239090909090908,6.239090909090908,0.0,0.0,0.0,5.968181818181819,,38.9125,,38.9125,38.9125,-0.031863636363636365,,-0.023954545454545454,
GR86-004-078,78,26.0,0.14046497251571335,0.667484073360654,12.68679841897233,0.14012997562956944,5.0,345.0,0.1467100516638717,2.0794415416798357,0.0,0.0,7.950478076877611,2.405787660582209,2.5121739130434784,19.018636363636364,0.8557787810060177,16.892045454545453,2106.9273588368155,12.763144295967665,37.22141550321314,1.5932554833468724,5.71073402868706,0.0,43.977999999999994,0.005574682157247481,0.018346802010098574,0.0015168765650398872,0.023161659539795605
GR86-006-007,7,1.0,9.243838345666468,20.271683659576013,97.22357142857142,1.048780487804878,5.0,1075.0,0.6692498848333506,2.3025850929940455,0.0,0.0,24.538230679930916,32.283847615219706,2.456666666666667,100.09772727272728,2.243210899867275,61.88431818181818,2297.0479614640894,-1.9731979884248845,27.998919432162214,39.37828120915033,53.22870616557881,0.0,186.164,0.010005899190833743,0.1872892539559137,-0.034929911281575514,0.43547185287054013
GR86-006-007,7,1.3636363636363635,0.0008658008657960181,,0.0008658008657960181,0.0,0.0,0.0,1.4708084763221112,1.4708084763221112,0.0,,99.86181818181818,,99.86181818181818,99.86181818181818,0.0,0.0,0.0,10.704545454545455,,168.5,,168.5,168.5,0.15763636363636363,,0.21818181818181817,
GR86-006-007,7,1.5,66.75187747035574,,66.75187747035574,5.0,5.0,5.0,1.6094379124341,1.6094379124341,0.0,,99.94318181818181,,99.94318181818181,99.94318181818181,0.0,0.0,0.0,-31.986363636363638,,108.4575,,108.4575,108.4575,0.21745454545454546,,-0.8507272727272728,
GR86-006-007,7,2.0,19.292483042979654,24.322741192495084,94.54652777777778,2.6082089552238807,5.0,699.0,1.7107631649844945,2.3025850929940455,0.0,0.0,53.007503545527136,38.82487141347679,2.455,100.15565217391304,4.803359896548806,56.250681818181825,1287.30045227508,-4.686221272701417,37.88948976802723,109.11946268656716,30.712971265562654,52.36,186.272,0.007265686276525923,0.293288316998889,-0.06854115733996366,0.7380895242690398
GR86-006-007,7,2.0952380952380953,0.005194805194818741,,0.005194805194818741,0.0,0.0,0.0,1.4708084763221112,1.4708084763221112,0.0,,99.85571428571427,,99.85571428571427,99.85571428571427,0.0,0.0,0.0,7.266666666666667,,167.54500000000002,,167.54500000000002,167.54500000000002,0.1742857142857143,,0.03652380952380953,
GR86-006-007,7,2.6363636363636362,0.0009090909090900823,,0.0009090909090900823,1.0,1.0,1.0,0.9502705392332347,0.9502705392332347,0.0,,99.99954545454547,,99.99954545454547,99.99954545454547,0.0,0.0,0.0,4.027272727272727,,132.2725,,132.2725,132.2725,0.23486363636363636,,0.00509090909090909,
GR86-006-007,7,3.0,13.911765345759726,22.037478301904763,86.32428571428572,1.4601769911504425,5.0,330.0,1.755623340261311,2.163955656882057,0.0,0.0,69.54871605509395,39.66603374804234,2.453181818181818,100.14818181818183,5.228998531060562,65.03304347826086,1181.753668019687,-4.524680019594967,40.61510426085748,128.69755309734515,30.743253938013268,61.42,187.585,0.018636106412246528,0.357514912384842,-0.08632951422667458,0.8490055661525931
GR86-006-007,7,3.1818181818181817,0.005000000000009663,,0.005000000000009663,0.0,0.0,0.0,1.1682824501765625,1.1682824501765625,0.0,,100.00318181818183,,100.00318181818183,100.00318181818183,0.0,0.0,0.0,11.118181818181819,,168.78,,168.78,168.78,0.1635,,0.22045454545454543,
GR86-006-007,7,3.217391304347826,0.002509881422923854,,0.002509881422923854,0.0,0.0,0.0,1.4708084763221112,1.4708084763221112,0.0,,99.85521739130435,,99.85521739130435,99.85521739130435,0.0,0.0,0.0,13.326086956521738,,168.882,,168.882,168.882,0.16756521739130434,,0.23360869565217393,
GR86-006-007,7,4.0,15.038942170812053,21.797840105256967,91.58863354037267,1.4732142857142858,5.0,330.0,1.7170057375931072,2.3025850929940455,0.0,0.0,68.14170375342383,38.68654433734813,2.4633333333333334,100.11181818181818,5.49543724519205,72.60595238095237,1230.977942923019,-2.9070055264148515,38.46189762246517,129.87704613095238,30.81395433367378,62.4475,188.138,0.017736494939795143,0.3675627723552441,-0.08905472644149193,0.8673306723597535
GR86-006-007,7,4.136363636363637,0.005909090909099746,,0.005909090909099746,0.0,0.0,0.0,1.4708084763221112,1.4708084763221112,0.0,,99.82181818181817,,99.82181818181817,99.82181818181817,0.0,0.0,0.0,11.486363636363636,,168.1225,,168.1225,168.1225,0.15640909090909091,,0.165,
GR86-006-007,7,4.523809523809524,0.0012987012986940272,,0.0012987012986940272,0.0,0.0,0.0,1.3592367006650063,1.3592367006650063,0.0,,100.00142857142858,,100.00142857142858,100.00142857142858,0.0,0.0,0.0,14.252380952380953,,170.305,,170.305,170.305,0.16495238095238096,,0.4182857142857143,
GR86-006-007,7,5.0,14.312786345194416,21.749819642235032,91.31536231884057,1.390134529147982,5.0,310.0,1.7335419963836523,2.163955656882057,0.0,0.0,68.63764940022472,39.387882028154124,2.4325,100.06318181818182,5.5756720831778,68.17568181818181,1243.3748745486494,-3.6544988351566277,37.57985900859653,130.56773318385652,31.382923312943642,62.9375,187.006,0.017754013940894528,0.36850654958074286,-0.08788993584676875,0.8688988482626525
GR86-006-007,7,5.238095238095238,0.002960662525879343,,0.002960662525879343,0.0,0.0,0.0,1.3592367006650066,1.3592367006650066,0.0,,100.00095238095238,,100.00095238095238,100.00095238095238,0.0,0.0,0.0,12.428571428571429,,169.1,,169.1,169.1,0.1657142857142857,,0.2743809523809524,
GR86-006-007,7,5.6521739130434785,0.006086956521741627,,0.006086956521741627,0.0,0.0,0.0,1.2275294114572126,1.2275294114572126,0.0,,99.80608695652174,,99.80608695652174,99.80608695652174,0.0,0.0,0.0,13.769565217391303,,171.74,,171.74,171.74,0.16952173913043478,,0.38221739130434784,
GR86-006-007,7,6.0,13.333743208071295,19.85215779633475,80.56612648221345,1.3900414937759336,5.0,335.0,1.679894270055942,2.3025850929940455,0.0,0.0,52.85615867193549,40.170207644408116,2.446086956521739,100.07,4.414539714700541,71.41045454545454,1063.9040712428305,-4.29081658355128,39.12227554856379,121.20329875518672,32.04160226122633,56.47,185.03,0.0021255701998534712,0.3152712446078098,-0.06710424180717296,0.7909876050888249
GR86-006-007,7,6.809523809523809,0.0022294372294453524,,0.0022294372294453524,0.0,0.0,0.0,1.3592367006650063,1.3592367006650063,0.0,,99.79095238095239,,99.79095238095239,99.79095238095239,0.0,0.0,0.0,17.595238095238095,,171.18,,171.18,171.18,0.15271428571428572,,0.5851904761904761,
GR86-006-007,7,6.904761904761905,0.10896103896103781,,0.10896103896103781,0.0,0.0,0.0,0.6730116670092565,0.6730116670092565,0.0,,20.612857142857145,,20.612857142857145,20.612857142857145,0.0,0.0,0.0,9.72857142857143,,125.74600000000001,,125.74600000000001,125.74600000000001,0.047285714285714285,,0.18866666666666665,
GR86-006-007,7,7.0,8.38381126064021,14.21309666891841,78.0994861660079,1.1267605633802817,5.0,320.0,1.5284343619929999,2.163955656882057,0.0,0.0,34.60326995023021,36.79457014335691,2.4321739130434783,99.8290909090909,2.4753561610108608,67.91904761904762,703.0011497270845,-4.7502427523645805,33.61644386493952,102.08978697183099,32.36308728166352,36.138,184.916,-0.0008273570131674744,0.2435819284031667,-0.07380441298688317,0.6448961741557495
GR86-006-007,7,7.086956521739131,0.005039525691699964,,0.005039525691699964,0.0,0.0,0.0,1.5571130980576458,1.5571130980576458,0.0,,99.78086956521739,,99.78086956521739,99.78086956521739,0.0,0.0,0.0,9.52608695652174,,166.404,,166.404,166.404,0.1391304347826087,,0.14634782608695654,
GR86-006-007,7,7.260869565217392,8.182193675889328,,8.182193675889328,0.0,0.0,0.0,1.1682824501765625,1.1682824501765625,0.0,,13.848260869565218,,13.848260869565218,13.848260869565218,0.0,0.0,0.0,9.930434782608696,,105.73600000000002,,105.73600000000002,105.73600000000002,0.005521739130434785,,0.3448695652173913,
GR86-006-007,7,8.0,9.036872256266234,15.759482975806446,87.04154150197628,1.7849162011173185,5.0,639.0,1.4671615351631502,2.163955656882057,0.0,0.0,31.945290359835543,36.130609437952195,2.43,99.90652173913043,2.937265370035312,72.46227272727273,1051.5410024726418,-9.74584839622776,42.41414406821051,84.917131826742,48.772468104306206,0.0,187.652,0.0006860288152717568,0.23519724473545842,-0.06363718945932526,0.5978629960826488
GR86-006-007,7,8.045454545454545,14.697944664031619,,14.697944664031619,2.0,2.0,2.0,1.5571130980576458,1.5571130980576458,0.0,,28.69272727272727,,28.69272727272727,28.69272727272727,0.0,0.0,0.0,-45.90909090909091,,107.2425,,107.2425,107.2425,0.11181818181818182,,-1.0185454545454546,
GR86-006-007,7,8.863636363636363,0.0064426877470253885,,0.0064426877470253885,0.0,0.0,0.0,1.2798542258336674,1.2798542258336674,0.0,,99.7781818181818,,99.7781818181818,99.7781818181818,0.0,0.0,0.0,14.390909090909092,,171.0675,,171.0675,171.0675,0.1617727272727273,,0.48272727272727267,
GR86-006-007,7,9.0,18.677151085465848,23.753345835579733,89.78045454545455,2.2720306513409962,5.0,593.0,1.6130412487230263,2.3025850929940455,0.0,0.0,51.578149916061186,39.53095729446643,2.435,99.95045454545453,3.9725557119765473,56.05195652173913,1036.8370408258788,-5.006723679627491,34.863145141951115,112.2962816091954,29.197925841905782,61.675,184.764,0.014941216234937138,0.28322188382758623,-0.08074641525785295,0.7332463297425604
GR86-006-007,7,9.523809523809524,0.0004761904761920732,,0.0004761904761920732,0.0,0.0,0.0,1.4708084763221112,1.4708084763221112,0.0,,99.9504761904762,,99.9504761904762,99.9504761904762,0.0,0.0,0.0,12.147619047619047,,170.675,,170.675,170.675,0.16495238095238096,,0.4126666666666667,
GR86-006-007,7,9.956521739130435,6.211180124182647e-05,,6.211180124182647e-05,0.0,0.0,0.0,1.5047882836811908,1.5047882836811908,0.0,,99.78565217391305,,99.78565217391305,99.78565217391305,0.0,0.0,0.0,14.97391304347826,,172.00799999999998,,172.00799999999998,172.00799999999998,0.14021739130434782,,0.5539565217391305,
GR86-006-007,7,10.0,14.59419301726847,22.583090417531544,91.12395454545454,1.4125560538116593,5.0,315.0,1.7088485275822596,2.163955656882057,0.0,0.0,68.84650097372352,39.44525336279959,2.4425,100.01739130434783,5.351554072955272,70.79108695652175,1193.3965582690257,-3.9973712460932194,37.07363144298468,130.2747100149477,31.264208757949163,61.5625,188.3475,0.017098452198783646,0.3706914300771575,-0.09205208612037427,0.8671767039159284
GR86-006-007,7,10.545454545454545,0.0009090909090900823,,0.0009090909090900823,0.0,0.0,0.0,1.4708084763221112,1.4708084763221112,0.0,,99.79,,99.79,99.79,0.0,0.0,0.0,12.504545454545456,,169.48,,169.48,169.48,0.16354545454545455,,0.3942727272727273,
GR86-006-007,7,10.956521739130435,0.0037549407114596534,,0.0037549407114596534,0.0,0.0,0.0,1.2798542258336676,1.2798542258336676,0.0,,99.99739130434783,,99.99739130434783,99.99739130434783,0.0,0.0,0.0,21.900000000000002,,172.728,,172.728,172.728,0.16178260869565217,,0.6862173913043479,
GR86-006-007,7,11.0,14.281736393366828,22.291060372199254,88.14227272727273,1.4864864864864864,5.0,330.0,1.7169930219200247,2.163955656882057,0.0,0.0,68.9220934933444,39.62936185900362,2.442222222222222,100.01913043478261,5.194005652013324,72.325,1153.069254746958,-2.842856955731501,36.40278796993076,130.04615765765766,31.201845977483973,63.384,188.175,0.01711055506530335,0.3677383801975552,-0.09125225428362459,0.8677733633249985
GR86-006-007,7,11.043478260869565,15.564513457556941,,15.564513457556941,1.0,1.0,1.0,1.4184836619456564,1.4184836619456564,0.0,,84.23739130434782,,84.23739130434782,84.23739130434782,2.7163043478260867,2.7163043478260867,2.7163043478260867,8.347826086956522,,167.406,,167.406,167.406,0.10999999999999999,,0.11547826086956522,
GR86-006-007,7,11.347826086956522,0.0014822134387344477,,0.0014822134387344477,0.0,0.0,0.0,1.3592367006650063,1.3592367006650063,0.0,,99.98739130434782,,99.98739130434782,99.98739130434782,0.0,0.0,0.0,12.030434782608696,,169.66199999999998,,169.66199999999998,169.66199999999998,0.1671304347826087,,0.3174347826086957,
GR86-006-007,7,12.0,10.650574721374625,18.421520833317462,86.57986363636363,1.4203389830508475,5.0,419.0,1.5187164703810347,2.3025850929940455,0.0,0.0,38.54090638044294,38.982400873752226,2.4047619047619047,100.01714285714286,3.253823683027973,58.67931818181818,959.877986493252,-1.9172451454746806,37.34454654967763,99.98546271186441,45.20140673500587,14.3625,184.116,-0.006572189819504675,0.2604500029646616,-0.06155486576978097,0.6787961291793837
GR86-006-007,7,12.26086956521739,0.030355731225297333,,0.030355731225297333,0.0,0.0,0.0,0.0,0.0,0.0,,9.292173913043479,,9.292173913043479,9.292173913043479,0.0,0.0,0.0,4.995652173913044,,44.574,,44.574,44.574,-0.0016086956521739121,,-0.029739130434782605,
GR86-006-007,7,12.363636363636363,0.002411067193662575,,0.002411067193662575,0.0,0.0,0.0,1.3592367006650066,1.3592367006650066,0.0,,99.95454545454545,,99.95454545454545,99.95454545454545,0.0,0.0,0.0,11.618181818181817,,169.0225,,169.0225,169.0225,0.17104545454545453,,0.18904545454545454,
GR86-006-007,7,13.0,6.807849629476168,14.332092023242474,81.18541501976284,1.2140077821011672,5.0,312.0,1.3026007009531255,2.3025850929940455,0.0,0.0,29.210335906803422,38.20163182854745,2.4169565217391304,99.96,2.8922250044878846,47.64431818181818,743.3018261533863,25.355394876087654,118.60626802076258,56.63054085603113,57.02695453249501,0.0,185.60500000000002,0.010837130125782388,0.21202557368318617,-0.00599284346703416,0.5358251437039736
GR86-008-113,113,1.0,10.015458362871936,20.371790893253117,94.7318577075099,1.3162393162393162,5.0,462.0,1.2067803639345298,2.3025850929940455,0.0,0.0,37.61546824003198,41.21432105251735,2.4560000000000004,100.13,4.466044343694405,107.69250000000001,1567.5815646367362,5.79453393861049,90.92049400422668,67.65049855072463,60.796361923067956,0.0,186.6375,0.009866756039443347,0.248139365637589,-0.05203739488666752,0.5736118175137314
GR86-008-113,113,1.608695652173913,0.005217391304341845,,0.005217391304341845,0.0,0.0,0.0,1.2798542258336676,1.2798542258336676,0.0,,99.98260869565217,,99.98260869565217,99.98260869565217,0.0,0.0,0.0,10.521739130434783,,168.72,,168.72,168.72,0.1458695652173913,,0.5435217391304348,
GR86-008-113,113,2.0,14.81796541838079,23.763853819677035,91.49399209486165,1.25,5.0,140.0,1.6914703833579938,2.0253262207700677,0.0,0.0,72.44611507682957,37.54685591565991,2.501904761904762,100.00772727272728,7.47063124494519,89.74304347826087,836.7106994338614,-11.32822578839108,40.50642808626188,128.54257142857142,30.729806414377602,62.425000000000004,186.076,0.009211884405572093,0.381774758299452,-0.09722340897327311,0.8531068688217817
GR86-008-113,113,2.4347826086956523,0.003478260869556493,,0.003478260869556493,0.0,0.0,0.0,1.3592367006650066,1.3592367006650066,0.0,,99.97304347826088,,99.97304347826088,99.97304347826088,0.0,0.0,0.0,3.317391304347826,,167.028,,167.028,167.028,0.15073913043478263,,0.2098695652173913,
GR86-008-113,113,3.0,15.475656392003442,24.793621860527598,87.96513833992095,1.3839285714285714,5.0,155.0,1.7406347418484496,2.163955656882057,0.0,0.0,73.8760432799602,38.177014836824405,2.480952380952381,100.00619047619048,7.210034505155818,91.9715909090909,807.5238645774516,-12.916730618630853,38.67986933701331,128.93032589285716,31.736169764316294,65.77,185.16400000000002,0.009227975266193436,0.3827409846119877,-0.09017369692936464,0.8568574852949219
GR86-008-113,113,3.0434782608695654,0.0011801242236089138,,0.0011801242236089138,0.0,0.0,0.0,1.4708084763221112,1.4708084763221112,0.0,,99.96739130434783,,99.96739130434783,99.96739130434783,0.0,0.0,0.0,-0.782608695652174,,164.69,,164.69,164.69,0.15643478260869564,,0.04408695652173913,
GR86-008-113,113,4.0,15.447480278429936,24.716611253096136,88.09818181818183,1.2719298245614035,5.0,145.0,1.644420114595229,2.3025850929940455,0.0,0.0,75.02171685660488,37.04569379302718,2.5069565217391303,99.99363636363637,8.182816699604743,91.35568181818182,932.8411037549407,-10.109561210240978,41.03477555253869,127.5748201754386,32.639012878960536,60.9375,185.33599999999998,0.011016483174759858,0.38483092852553163,-0.09221660555989032,0.845154198314443
GR86-008-113,113,4.043478260869565,0.004347826086942064,,0.004347826086942064,0.0,0.0,0.0,1.3321790402101223,1.3321790402101223,0.0,,99.9513043478261,,99.9513043478261,99.9513043478261,0.0,0.0,0.0,-0.5391304347826086,,164.35399999999998,,164.35399999999998,164.35399999999998,0.157,,0.07434782608695652,
GR86-008-113,113,5.0,14.756229966609752,25.325720292075417,91.05822134387351,1.2831858407079646,5.0,145.0,1.7361179708421173,2.163955656882057,0.0,0.0,74.23510109726146,38.25822203122184,2.4677272727272728,99.98652173913044,7.598792618928248,91.66782608695652,858.663565938892,-12.09461320319866,37.50606540009493,129.04997345132745,31.52307557326066,63.3375,186.72,0.010195324487368375,0.38581053872533094,-0.09284963026741823,0.844016553493356
GR86-008-113,113,5.636363636363637,0.0005138339921018087,,0.0005138339921018087,0.0,0.0,0.0,1.2798542258336676,1.2798542258336676,0.0,,99.94818181818182,,99.94818181818182,99.94818181818182,0.0,0.0,0.0,8.85,,166.57750000000001,,166.57750000000001,166.57750000000001,0.14736363636363636,,0.49922727272727274,
GR86-008-113,113,6.0,15.478483754401376,23.61560785942143,87.03006211180124,1.4473684210526316,5.0,165.0,1.6843861946324945,2.163955656882057,0.0,0.0,71.27462238572937,38.18431742923532,2.49,99.985,7.207323918464365,79.16181818181818,821.6349267049376,-11.59075327206906,36.098736170501816,127.13242105263157,31.555550911317024,66.812,183.005,0.01225046088541512,0.37570807428582503,-0.0857465335219912,0.8423677635043485
GR86-008-113,113,6.476190476190476,0.003809523809508164,,0.003809523809508164,0.0,0.0,0.0,1.0888999753452238,1.0888999753452238,0.0,,99.95380952380951,,99.95380952380951,99.95380952380951,0.0,0.0,0.0,2.6333333333333333,,166.4075,,166.4075,166.4075,0.15076190476190476,,0.1802857142857143,
GR86-008-113,113,7.0,10.320357086264039,19.594822064072584,77.78485645933014,1.2077294685990339,5.0,250.0,1.4222284430297634,2.163955656882057,0.0,0.0,41.864161551298956,43.29921735770414,2.4773913043478264,99.9804347826087,4.336567698544542,67.80260869565218,897.6695135987202,-15.461971959290898,45.8519167243187,75.24663300492611,64.35383356956157,0.0,183.48,0.0020934736308736244,0.2778096153907866,-0.0648109592217731,0.6285117715711893
GR86-008-113,113,7.636363636363637,0.0009090909090900823,,0.0009090909090900823,0.0,0.0,0.0,1.2798542258336676,1.2798542258336676,0.0,,99.94863636363635,,99.94863636363635,99.94863636363635,0.0,0.0,0.0,1.3954545454545455,,166.61,,166.61,166.61,0.13922727272727273,,0.15063636363636365,
GR86-008-113,113,8.0,16.993475420949448,24.0752102799424,80.30730848861283,1.415929203539823,5.0,160.0,1.6473640558422757,2.0253262207700677,0.0,0.0,74.93477751765997,36.58370834164343,2.4686363636363637,99.97909090909091,8.098692741464001,84.71934782608696,915.152279785432,-9.245835053109005,36.23764362917807,128.15446607669617,31.380742235518643,63.0475,186.335,0.008831885223920624,0.3930066817818928,-0.09137405487291982,0.8457479542171121
GR86-008-113,113,8.26086956521739,0.00043478260870699614,,0.00043478260870699614,0.0,0.0,0.0,1.5047882836811906,1.5047882836811906,0.0,,99.93304347826087,,99.93304347826087,99.93304347826087,0.0,0.0,0.0,4.1173913043478265,,164.65,,164.65,164.65,0.15852173913043477,,0.11178260869565218,
GR86-008-113,113,9.0,15.805054486882725,24.66394419864377,92.94232620320855,1.238938053097345,5.0,140.0,1.7008570563876457,2.0253262207700677,0.0,0.0,73.61059907698561,37.80764353923253,2.520909090909091,99.96863636363636,7.480876304406124,90.10195652173914,845.339022397892,-10.148388251854625,39.13668944235499,127.76782300884955,31.25027541713778,63.620000000000005,184.97199999999998,0.009863017368415434,0.38241830440545227,-0.08561455496897272,0.8474489123405231
GR86-008-113,113,9.045454545454545,0.009090909090900823,,0.009090909090900823,0.0,0.0,0.0,1.2798542258336676,1.2798542258336676,0.0,,99.91409090909092,,99.91409090909092,99.91409090909092,0.0,0.0,0.0,1.3727272727272728,,163.41750000000002,,163.41750000000002,163.41750000000002,0.151,,0.04754545454545455,
GR86-008-113,113,10.0,12.511042593638244,19.301771553505016,90.164209486166,1.8611111111111112,5.0,335.0,1.2792351091979102,2.163955656882057,0.0,0.0,26.836569453882838,33.17962704182037,2.4304347826086956,99.94,2.3131880790304704,57.318260869565215,416.37385422548465,-8.070066402831849,31.576449913572347,82.97295277777778,45.09567845860192,12.254000000000001,179.71,-0.02368372284190934,0.19148478576717462,-0.0434996841136658,0.5816563206936475
GR86-008-113,113,10.238095238095237,2.158737060041408,,2.158737060041408,0.0,0.0,0.0,0.0,0.0,0.0,,2.5395238095238093,,2.5395238095238093,2.5395238095238093,0.0,0.0,0.0,-1.4,,46.737500000000004,,46.737500000000004,46.737500000000004,-0.11195238095238096,,-0.023333333333333334,
GR86-008-113,113,11.0,1.4243033341146758,2.3944435992874338,13.377826086956523,0.695364238410596,4.0,105.0,1.148869253583021,2.3025850929940455,0.0,0.0,5.256282513668408,3.36226315972724,2.4795454545454545,20.03090909090909,0.3815661634650981,8.115,57.61649068322981,-12.401069354668246,57.5913499058851,18.72948344370861,13.64146538956589,0.0,62.2,-0.022399480650032274,0.062106616689061485,-0.004727011915701355,0.1151347489814729
GR86-009-005,5,1.0,10.995164867161199,18.880255269086344,90.80681818181819,1.1552631578947368,5.0,439.0,1.015908698289692,2.1972245773362196,0.0,0.0,26.555876273165133,31.34465132807043,2.4104347826086956,100.0186956521739,6.27236736064251,56.446000000000005,2383.4995970441537,-10.489426571117136,72.26645528167414,61.449187002652515,51.92419917036965,0.0,149.5275,0.001678995771907936,0.20259185909617553,-0.04484003154760001,0.4708473444227425
GR86-009-005,5,1.3636363636363635,0.004268774703547251,,0.004268774703547251,0.0,0.0,0.0,0.8979457248567798,0.8979457248567798,0.0,,99.98818181818181,,99.98818181818181,99.98818181818181,0.0,0.0,0.0,2.1636363636363636,,147.09,,147.09,147.09,0.21554545454545454,,-0.03531818181818182,
GR86-009-005,5,2.0,16.238403976340805,23.301030506894943,92.68623188405796,1.4610389610389611,5.0,225.0,1.620954420267158,2.3025850929940455,0.0,0.0,45.86690116257322,39.44047344078621,2.4404545454545454,100.02090909090909,4.807947996434802,73.62522727272727,740.4239914509594,22.704477645720996,51.46362397031043,96.39859415584415,40.174886821497864,35.1875,179.635,-0.026583412225027688,0.31503692106274606,-0.0432236862834284,0.5933442892987139
GR86-009-005,5,2.227272727272727,0.9037272727272736,,0.9037272727272736,0.0,0.0,0.0,0.639031859650177,0.639031859650177,0.0,,13.882272727272728,,13.882272727272728,13.882272727272728,0.0,0.0,0.0,68.02727272727273,,49.489999999999995,,49.489999999999995,49.489999999999995,-0.0005909090909090908,,-0.009409090909090909,
GR86-009-005,5,3.0,1.755259260788983,8.909404764312526,80.15666007905139,0.2106969205834684,5.0,260.0,0.2517051515870547,2.3025850929940455,0.0,0.0,13.14940033721231,20.405772770444607,2.4143478260869564,99.43826086956521,1.09130022377911,56.23681818181819,1346.6644761434218,5.741328389620689,190.29805106745434,12.078314424635332,34.937751291794,0.0,180.9325,-0.0027964639326206243,0.10711892599573888,0.06509494323719577,0.23010669371958126
GR86-009-005,5,3.652173913043478,0.27881422924901145,,0.27881422924901145,0.0,0.0,0.0,0.3250829733914482,0.3250829733914482,0.0,,12.13391304347826,,12.13391304347826,12.13391304347826,0.0,0.0,0.0,4.086956521739131,,50.16,,50.16,50.16,-0.015695652173913045,,-0.02526086956521739,
GR86-009-005,5,4.0,16.154397121167307,22.25416128040935,86.03714285714284,1.1904761904761905,5.0,150.0,1.5505116669811227,2.163955656882057,0.0,0.0,64.34872803829481,38.351859627322675,2.455909090909091,99.52318181818183,4.135896352985639,57.27659090909091,521.1229404761905,-2.328209363675202,38.3880565089368,115.43991666666666,32.31801806823866,49.7375,174.802,0.02932536381263089,0.32055647197179366,-0.11161036548567603,0.7538177021719223
GR86-009-005,5,4.190476190476191,0.003961038961037389,,0.003961038961037389,0.0,0.0,0.0,1.5047882836811908,1.5047882836811908,0.0,,99.50714285714287,,99.50714285714287,99.50714285714287,0.0,0.0,0.0,6.233333333333333,,154.864,,154.864,154.864,0.16847619047619047,,-0.0010000000000000009,
GR86-009-005,5,5.0,18.448402398019567,23.670291897514456,89.40743083003954,1.3135593220338984,5.0,155.0,1.687049870319922,2.163955656882057,0.0,0.0,62.5673476264101,38.281426938654064,2.459047619047619,99.61190476190475,5.217005253868744,62.005217391304356,615.6066199565118,-2.696701643487025,41.62280901656178,122.96405084745763,31.662767164315664,52.275,180.32999999999998,0.006360583503039773,0.34324023539651616,-0.06964502387811158,0.8089891179624235
GR86-009-005,5,5.090909090909091,0.0002380952381173529,,0.0002380952381173529,0.0,0.0,0.0,1.470808476322111,1.470808476322111,0.0,,99.575,,99.575,99.575,0.0,0.0,0.0,11.486363636363636,,163.2125,,163.2125,163.2125,0.1390909090909091,,0.13436363636363635,
GR86-009-005,5,6.0,15.096132558801145,21.64476764815927,88.89829004329005,1.3478260869565217,5.0,155.0,1.7043820171782498,2.163955656882057,0.0,0.0,68.28156506801477,37.651235663140405,2.442727272727273,99.65045454545454,5.896526122963363,58.12760869565217,678.1005041407867,-5.391654689392392,44.22180923495107,127.73586257309942,30.997754707529765,62.134,182.98000000000002,0.007675072362679391,0.3566564391116144,-0.08309813294807465,0.8272774776324245
GR86-009-005,5,6.909090909090909,0.0,,0.0,0.0,0.0,0.0,1.1935496040981333,1.1935496040981333,0.0,,99.61772727272728,,99.61772727272728,99.61772727272728,0.0,0.0,0.0,22.795454545454547,,168.085,,168.085,168.085,0.13413636363636364,,0.5543181818181818,
GR86-009-005,5,7.0,1.2717414326803664,7.0915397470049815,89.3548814229249,0.2291421856639248,5.0,390.0,0.24645738127221403,2.3025850929940455,0.0,0.0,11.080370370900571,17.02768634839416,2.433157894736842,99.67863636363636,0.585535735307263,58.90380952380953,996.5818214929617,-3.1713721651194295,29.757274457639767,9.667916764937106,32.37306174101664,0.0,184.5625,-0.008794605744642909,0.09236449182230048,-0.010730614809177448,0.2101117814373967
GR86-009-005,5,7.681818181818182,0.0010869565217319632,,0.0010869565217319632,0.0,0.0,0.0,1.470808476322111,1.470808476322111,0.0,,99.65499999999999,,99.65499999999999,99.65499999999999,0.0,0.0,0.0,19.84090909090909,,167.668,,167.668,167.668,0.14722727272727273,,0.44531818181818184,
GR86-009-005,5,8.0,16.15368758433902,22.049709366584977,87.30833992094861,1.271186440677966,5.0,150.0,1.7858550033724299,2.3025850929940455,0.0,0.0,65.30613452971126,39.011577505513365,2.453181818181818,99.69571428571429,5.249379633262832,50.86369565217392,619.4267967250141,-0.2548205552737609,39.97854083059175,122.98379661016949,33.007894131765426,56.205,179.7925,0.004487449157327564,0.34849554392670906,-0.06802367083297445,0.7901187664402468
GR86-009-005,5,8.181818181818182,0.008300395256910065,,0.008300395256910065,0.0,0.0,0.0,1.2798542258336676,1.2798542258336676,0.0,,99.6590909090909,,99.6590909090909,99.6590909090909,0.0,0.0,0.0,14.090909090909092,,164.2225,,164.2225,164.2225,0.15727272727272726,,0.2834090909090909,
GR86-009-005,5,9.0,15.536584064740245,21.770734707294515,83.44352173913043,1.3157894736842106,5.0,150.0,1.7255572928209681,2.163955656882057,0.0,0.0,69.28489494647964,37.799023758026976,2.4465,99.70727272727272,6.075183982358121,67.5741304347826,692.5709739888258,-2.624310963335111,41.041333914638216,128.2269956140351,31.077787219387414,59.81600000000001,183.385,0.008030333665625125,0.3636817194303098,-0.08856664805346005,0.8352663446562844
GR86-009-005,5,9.869565217391305,0.0019347826086857367,,0.0019347826086857367,0.0,0.0,0.0,1.5047882836811906,1.5047882836811906,0.0,,99.6704347826087,,99.6704347826087,99.6704347826087,0.0,0.0,0.0,22.09130434782609,,169.435,,169.435,169.435,0.14056521739130434,,0.5182173913043479,
GR86-009-005,5,10.0,16.16559862649383,22.47313068102206,81.32181818181817,1.3716814159292035,5.0,155.0,1.7861644087764872,2.163955656882057,0.0,0.0,68.98264123287862,37.64893636208804,2.4086363636363637,99.71,5.471776795275292,59.54404761904762,618.310777866108,-2.377199864188787,40.118964324068294,127.53809292035399,30.782094774669492,64.23,180.85750000000002,0.00741492987514433,0.35187563913569914,-0.09044130446179109,0.8360924290711548
GR86-009-005,5,10.333333333333334,0.003441558441565462,,0.003441558441565462,0.0,0.0,0.0,1.4184836619456567,1.4184836619456567,0.0,,99.6742857142857,,99.6742857142857,99.6742857142857,0.0,0.0,0.0,12.680952380952382,,165.076,,165.076,165.076,0.139,,0.24333333333333335,
GR86-009-005,5,11.0,16.850799076027332,22.649288083731683,93.48107769423558,1.638655462184874,5.0,195.0,1.6719360402991843,2.1972245773362196,0.0,0.0,66.4247926488257,38.36487077309762,2.4595454545454545,99.71565217391304,5.268123283804889,54.38347826086956,626.9066707727818,-7.581376652595717,46.34226718966815,122.81676470588235,31.489389208961953,62.129999999999995,184.274,0.013106562808189637,0.3342042862053772,-0.07408543767829577,0.7988098612584601
GR86-009-005,5,11.761904761904763,0.005714285714276457,,0.005714285714276457,0.0,0.0,0.0,1.2798542258336676,1.2798542258336676,0.0,,99.67761904761905,,99.67761904761905,99.67761904761905,0.0,0.0,0.0,15.738095238095237,,166.78400000000002,,166.78400000000002,166.78400000000002,0.14533333333333334,,0.3163809523809524,
GR86-009-005,5,12.0,8.28989464025419,17.065669356968687,83.04101731601732,0.7048458149779736,5.0,160.0,0.90852761008081,2.163955656882057,0.0,0.0,37.53003299624672,39.65695233101354,2.466666666666667,99.71739130434783,3.1737742348699713,99.44704545454546,720.4467513154835,152.30438307952633,160.57885541922317,63.68681497797356,66.71074230551137,0.0,180.35399999999998,0.008845176977598198,0.2598370596873737,-0.03724755695360736,0.5810570930233884
GR86-009-005,5,12.272727272727273,87.86727272727272,,87.86727272727272,0.0,0.0,0.0,1.4708084763221114,1.4708084763221114,0.0,,8.415909090909091,,8.415909090909091,8.415909090909091,0.0,0.0,0.0,5.713636363636364,,150.175,,150.175,150.175,-0.05977272727272727,,0.04645454545454546,
GR86-009-005,5,13.0,17.496524015227966,24.076378789435154,92.34498023715415,1.1304347826086956,5.0,130.0,1.678165077291621,2.163955656882057,0.0,0.0,69.62662344677997,37.30208914515447,2.459,99.72545454545455,5.8697447320866285,63.35947368421052,675.0206441899622,-2.8298618207569204,39.476399118650626,126.4959536231884,29.103044896293014,65.005,182.454,0.010611964999637576,0.3595878624254247,-0.09766897424282074,0.8138167282137748
GR86-009-005,5,13.409090909090908,0.002727272727270247,,0.002727272727270247,0.0,0.0,0.0,1.4708084763221114,1.4708084763221114,0.0,,99.68454545454546,,99.68454545454546,99.68454545454546,0.0,0.0,0.0,14.763636363636364,,166.4725,,166.4725,166.4725,0.14663636363636365,,0.29654545454545456,
GR86-009-005,5,14.0,15.39044967725812,22.263785193143967,81.75067193675889,1.2719298245614035,5.0,145.0,1.752461091260527,2.3025850929940455,0.0,0.0,70.20836743147655,37.559472152148246,2.4463157894736844,99.7209090909091,6.268600391789751,62.70272727272727,714.6204446640317,-4.209092560122309,40.87443353033701,127.99127631578946,31.500065845842975,61.972500000000004,184.75,0.008603960050949088,0.36488429679112805,-0.08044178585809923,0.8339004655052153
GR86-009-005,5,14.782608695652174,0.006857707509880129,,0.006857707509880129,0.0,0.0,0.0,1.1935496040981333,1.1935496040981333,0.0,,99.6791304347826,,99.6791304347826,99.6791304347826,0.0,0.0,0.0,20.36521739130435,,168.77,,168.77,168.77,0.14804347826086958,,0.5037391304347826,
GR86-009-005,5,15.0,9.473651047815821,14.620591804787386,67.4949209486166,1.0795454545454546,5.0,190.0,1.3278821339712583,2.0253262207700677,0.0,0.0,21.266614660074364,23.897748165322664,1.5372727272727273,99.67590909090909,2.4370559186675482,41.40204545454546,428.92184168548846,-0.9772131912265933,32.860646219294246,84.02091477272728,43.94280083678402,14.7175,177.138,-0.030794907208034062,0.19799206570996353,-0.04789046536056171,0.5674115563386204
GR86-009-005,5,15.681818181818182,0.5245059288537561,,0.5245059288537561,0.0,0.0,0.0,0.3250829733914482,0.3250829733914482,0.0,,14.356363636363636,,14.356363636363636,14.356363636363636,0.0,0.0,0.0,3.2,,49.4775,,49.4775,49.4775,-0.021272727272727273,,-0.021363636363636362,
GR86-009-005,5,16.0,0.32192523701172837,3.3102822675491788,87.53915019762846,0.13255106475445458,5.0,305.0,0.14366672990635845,2.0794415416798357,0.0,0.0,7.755807904521553,3.9673982494803997,2.416818181818182,99.64045454545455,0.19439735773928848,28.333695652173912,447.3083201581028,5.518877328748756,24.80943436685264,1.6788939591481966,6.393223711923975,0.0,74.926,-0.0022847381727748636,0.029318166281961204,-0.01354925919261528,0.04202044750568181
GR86-010-016,16,1.0,16.988502434472977,26.065924847568308,96.41287784679088,1.7136465324384786,5.0,766.0,1.1641507905350357,2.163955656882057,0.0,0.0,33.35998333306344,37.641140759028,2.4077272727272727,100.25578947368422,3.4459596352242254,64.82695652173913,1540.3439569452287,-4.027739438861853,35.970028082048586,61.34416255605382,48.071230752680435,0.0,136.8275,0.02470989436482534,0.23038133159879645,-0.04261572087749571,0.5444669086075326
GR86-010-016,16,1.4090909090909092,1.6032467532467507,,1.6032467532467507,0.0,0.0,0.0,1.8866967846580784,1.8866967846580784,0.0,,33.67181818181818,,33.67181818181818,33.67181818181818,0.0,0.0,0.0,-47.8909090909091,,117.708,,117.708,117.708,0.08554545454545455,,-1.1140909090909092,
GR86-010-016,16,2.0,26.1093431800084,27.54968130099562,92.68608695652173,2.3615384615384616,5.0,307.0,1.702815133936894,2.3025850929940455,0.0,0.0,38.69820708325491,36.74343688352025,2.3636363636363638,100.25521739130434,3.4533339346643697,52.24444444444444,448.93341150636803,-6.516714333975204,39.711711970099735,90.8261141025641,17.88322540497178,57.386,130.43800000000002,-0.00977319284580154,0.2628623568121988,-0.09005665498752456,0.6314507344631876
GR86-010-016,16,2.0454545454545454,0.0009090909090900823,,0.0009090909090900823,2.0,2.0,2.0,1.0296530140645737,1.0296530140645737,0.0,,99.99818181818182,,99.99818181818182,99.99818181818182,0.0,0.0,0.0,3.1727272727272733,,129.292,,129.292,129.292,0.26027272727272727,,0.028227272727272726,
GR86-010-016,16,3.0,15.97308706904312,23.56103695060915,76.30328063241107,1.5304347826086957,5.0,176.0,1.7620123905665321,2.163955656882057,0.0,0.0,68.2830697138138,40.38819007990992,2.4272727272727277,100.23227272727273,5.268956899197211,75.03282608695653,605.9300434076792,-6.768211438582422,40.21600908671704,126.75516521739131,30.29307688189603,63.8775,188.1475,0.022823812831256122,0.34861488904778976,-0.08945183859933387,0.8249969769739174
GR86-010-016,16,3.3684210526315788,6.864988560550955e-05,,6.864988560550955e-05,0.0,0.0,0.0,1.4708084763221114,1.4708084763221114,0.0,,99.99789473684211,,99.99789473684211,99.99789473684211,0.0,0.0,0.0,7.06842105263158,,168.22600000000003,,168.22600000000003,168.22600000000003,0.166,,0.18057894736842106,
GR86-010-016,16,4.0,15.307787368353832,22.355479122224068,83.07909090909091,1.25,5.0,140.0,1.7606191649296454,2.0253262207700677,0.0,0.0,67.90490491147052,39.493231377528794,2.4521739130434783,100.22652173913043,6.295019533035547,70.50047619047619,705.0421876999812,-5.953555320843753,40.3133338032267,129.55745684523808,31.92896052446031,65.16,185.0875,0.016571830046247748,0.37767792418514967,-0.08501546577128874,0.8634969983559709
GR86-010-016,16,4.090909090909091,0.003162055335977243,,0.003162055335977243,0.0,0.0,0.0,1.5047882836811908,1.5047882836811908,0.0,,99.99727272727273,,99.99727272727273,99.99727272727273,0.0,0.0,0.0,4.8136363636363635,,167.004,,167.004,167.004,0.16722727272727272,,0.08018181818181819,
GR86-010-016,16,5.0,14.30379272875158,23.03456767321771,85.50314229249011,1.2053571428571428,5.0,135.0,1.7211931543796193,2.163955656882057,0.0,0.0,68.00902365863134,40.031807447162564,2.4447826086956526,100.16217391304347,6.169421390591809,81.8125,690.9751957462827,-4.888735092070946,38.358240429321235,129.56273214285713,31.60562381754352,64.72200000000001,186.61599999999999,0.01804159159633273,0.3678245933555497,-0.08961459664035158,0.8616702053233372
GR86-010-016,16,5.045454545454546,0.004130434782624093,,0.004130434782624093,0.0,0.0,0.0,1.5047882836811908,1.5047882836811908,0.0,,99.99499999999999,,99.99499999999999,99.99499999999999,0.0,0.0,0.0,5.359090909090909,,166.53,,166.53,166.53,0.1694090909090909,,0.0895909090909091,
GR86-010-016,16,6.0,14.056554908744351,20.17472420923709,90.60525879917185,1.1904761904761905,5.0,150.0,1.5997488791440964,2.163955656882057,0.0,0.0,40.79455514005203,37.88755620264216,2.36695652173913,100.12130434782608,3.5616007120898425,70.92857142857143,448.76168972332016,-5.221760365238626,40.03194218440686,116.499958994709,29.731315703769205,60.64,183.1725,-0.0012321966048674158,0.2730379170761279,-0.06224952646847057,0.7704129610343119
GR86-010-016,16,6.826086956521739,0.040434782608695485,,0.040434782608695485,0.0,0.0,0.0,0.6730116670092565,0.6730116670092565,0.0,,21.995217391304347,,21.995217391304347,21.995217391304347,0.0,0.0,0.0,7.986956521739131,,126.394,,126.394,126.394,0.07604347826086957,,0.13482608695652173,
GR86-010-016,16,7.0,5.610360441389576,11.159090952859108,67.17942687747036,0.8550185873605948,5.0,230.0,1.1786213801223664,2.3025850929940455,0.0,0.0,11.735091260746252,15.699482383975665,2.301739130434783,100.02913043478262,1.0267398138098747,17.46763157894737,276.1930099148563,-8.922472245264995,37.33347676926979,57.90476100628931,39.7932449928996,0.0,129.548,-0.00584703242868381,0.10662250793422402,-0.05199327748507015,0.38146124327574804
GR86-010-016,16,7.95,11.638590909090908,,11.638590909090908,0.0,0.0,0.0,1.8343719702816235,1.8343719702816235,0.0,,16.2895,,16.2895,16.2895,0.0,0.0,0.0,36.59,,107.0575,,107.0575,107.0575,0.012050000000000002,,0.76395,
GR86-010-016,16,8.0,11.700768056236358,16.68888102713716,87.525,0.8734939759036144,5.0,145.0,1.6264517908392178,2.163955656882057,0.0,0.0,19.562686483698172,22.238365044474627,2.433181818181818,100.0,1.1261486953490207,21.57315789473684,186.94068342793744,-5.0897279128102655,34.58128151660476,88.18580722891566,16.141889719332706,53.535,122.694,-0.0039174323732565864,0.15482989978879158,-0.06720784278306129,0.5219772210594823
GR86-010-016,16,8.478260869565217,15.196403162055336,,15.196403162055336,0.0,0.0,0.0,1.8343719702816237,1.8343719702816237,0.0,,20.18913043478261,,20.18913043478261,20.18913043478261,0.0,0.0,0.0,0.3217391304347825,,103.772,,103.772,103.772,0.043347826086956524,,-0.22804347826086957,
GR86-010-016,16,9.0,21.188521416898524,25.38016676590661,94.46913043478261,1.4625850340136055,5.0,215.0,1.7216555989343036,2.3025850929940455,0.0,0.0,35.65933042134075,34.84971488528396,2.424782608695652,100.0321739130435,2.19174914983676,50.17181818181818,322.18712502600374,-5.360658818247432,37.24448046614905,99.07477551020408,18.375930650664362,64.05,161.08,0.014061300075585788,0.22386167298417758,-0.0761668985882828,0.6559736372314343
GR86-010-016,16,9.090909090909092,0.006363636363644787,,0.006363636363644787,0.0,0.0,0.0,1.6957425341696348,1.6957425341696348,0.0,,100.00363636363636,,100.00363636363636,100.00363636363636,0.0,0.0,0.0,8.909090909090908,,166.4625,,166.4625,166.4625,0.15527272727272726,,0.2546818181818182,
GR86-010-016,16,10.0,14.643692953268266,23.71583725216442,93.05521739130435,1.2946428571428572,5.0,145.0,1.7925429888418964,2.163955656882057,0.0,0.0,70.04425756903552,39.42155767307421,2.475,100.04636363636364,6.5639925822107505,87.425,735.167169207604,-4.923482338917121,39.484336930453516,129.72391964285714,32.14580334536236,62.885000000000005,187.51,0.015464789756482305,0.3859371426806302,-0.08531929658721195,0.8698402932024402
GR86-010-016,16,10.045454545454545,0.004288537549427929,,0.004288537549427929,0.0,0.0,0.0,1.4184836619456564,1.4184836619456564,0.0,,100.00136363636362,,100.00136363636362,100.00136363636362,0.0,0.0,0.0,6.622727272727274,,165.7075,,165.7075,165.7075,0.15,,0.15409090909090908,
GR86-010-016,16,11.0,14.055514958256028,20.098594495296915,73.75229813664595,1.25,5.0,140.0,1.791850203410664,2.163955656882057,0.0,0.0,68.93480234235362,38.65930779605225,2.4577272727272725,100.0395652173913,6.358082936732004,77.31204545454545,712.1052889139845,-4.694191964595283,39.806642085433616,130.62493750000002,31.474199953561644,64.78,189.225,0.018947041366473776,0.3729497589445289,-0.08812482172841052,0.880554058017766
GR86-010-016,16,11.73913043478261,0.0005928853754824104,,0.0005928853754824104,0.0,0.0,0.0,1.366158847569202,1.366158847569202,0.0,,100.00304347826088,,100.00304347826088,100.00304347826088,0.0,0.0,0.0,12.234782608695653,,169.772,,169.772,169.772,0.16386956521739132,,0.33869565217391306,
GR86-010-016,16,12.0,15.27479513692829,22.047500705265012,86.07272727272726,1.2053571428571428,5.0,135.0,1.7597465981274247,2.163955656882057,0.0,0.0,67.0161889222751,38.828536329009324,2.448571428571429,100.03260869565217,6.093698721212794,64.39181818181818,682.4942567758329,-5.130634716172372,42.45454329193299,129.48507142857142,30.777571809888947,64.276,184.39000000000001,0.015128337304948333,0.36233689504260913,-0.09268454966143243,0.8728097726339268
GR86-010-016,16,12.85,0.0016363636363507794,,0.0016363636363507794,0.0,0.0,0.0,1.4184836619456564,1.4184836619456564,0.0,,99.997,,99.997,99.997,0.0,0.0,0.0,9.33,,170.08749999999998,,170.08749999999998,170.08749999999998,0.1626,,0.2555,
GR86-010-016,16,13.0,14.714105047452874,23.03139566082918,89.05652173913045,1.3513513513513513,5.0,150.0,1.7173826215585994,2.0253262207700677,0.0,0.0,70.80559263752743,38.97539831916791,2.447391304347826,100.02863636363637,6.5272957413935675,79.68818181818182,724.529827294686,-5.312299620343098,40.2823096491379,130.75250450450451,31.257249039186203,64.928,187.805,0.02128290650899347,0.37438242227145263,-0.09755650721302896,0.879291818968065
GR86-010-016,16,13.565217391304348,0.0021541501976116706,,0.0021541501976116706,0.0,0.0,0.0,1.4184836619456564,1.4184836619456564,0.0,,99.99739130434783,,99.99739130434783,99.99739130434783,0.0,0.0,0.0,9.269565217391305,,168.8925,,168.8925,168.8925,0.15821739130434784,,0.2302608695652174,
GR86-010-016,16,14.0,14.985184809701972,22.17073947683405,91.59132411067195,1.3963963963963963,5.0,155.0,1.767656667560063,2.163955656882057,0.0,0.0,67.60584068030407,38.926129014626206,2.4650000000000003,100.02,5.972490082693172,63.99363636363636,662.9463991789421,-3.676002379984074,38.80941800729842,130.43577477477479,30.981958900136082,65.9,185.2425,0.021357292500084266,0.3596448323979348,-0.09151783702630382,0.8859107289589733
GR86-010-016,16,14.318181818181818,0.0038735177865589776,,0.0038735177865589776,0.0,0.0,0.0,1.1682824501765625,1.1682824501765625,0.0,,99.9909090909091,,99.9909090909091,99.9909090909091,0.0,0.0,0.0,7.513636363636365,,168.042,,168.042,168.042,0.16386363636363635,,0.1926363636363636,
GR86-010-016,16,15.0,13.641398270314408,22.912429635889495,94.04217391304348,1.3513513513513513,5.0,150.0,1.7857240502645662,2.163955656882057,0.0,0.0,68.22869936045868,40.20382226745186,2.433,100.01636363636364,5.886072777954929,65.79363636363637,653.3540783529971,-5.924822359599584,40.15869287522649,130.3393063063063,31.592931673165808,65.76,190.8425,0.017939394848642393,0.3677505806477315,-0.08812418474366247,0.8837932789458802
GR86-010-016,16,15.095238095238095,0.0013457556935776438,,0.0013457556935776438,0.0,0.0,0.0,1.4184836619456564,1.4184836619456564,0.0,,99.97047619047619,,99.97047619047619,99.97047619047619,0.0,0.0,0.0,4.923809523809524,,166.3725,,166.3725,166.3725,0.17823809523809522,,0.12166666666666667,
GR86-010-016,16,16.0,15.27629263464279,22.752873604098408,90.46421739130433,1.3392857142857142,5.0,150.0,1.774381927465043,2.3025850929940455,0.0,0.0,67.56167080370457,39.74789342837465,2.459090909090909,99.99869565217391,6.211407525510204,89.77068181818181,695.6776428571428,-4.855388728766059,40.61158968726615,130.04240178571428,31.98754147805185,65.5975,187.802,0.01607849568909351,0.3797985237965696,-0.08341722001471615,0.8732925722570267
GR86-010-016,16,16.681818181818183,0.003142292490124987,,0.003142292490124987,0.0,0.0,0.0,1.4184836619456564,1.4184836619456564,0.0,,99.94227272727272,,99.94227272727272,99.94227272727272,0.0,0.0,0.0,8.277272727272727,,170.352,,170.352,170.352,0.1789090909090909,,0.22740909090909092,
GR86-010-016,16,17.0,14.034187879013967,22.383260604050385,85.59152173913043,1.2612612612612613,5.0,140.0,1.7426186306576887,2.163955656882057,0.0,0.0,68.92448668411711,39.37095793501645,2.466818181818182,99.96478260869566,6.302712312494921,73.52782608695652,699.6010666869363,-6.6686887297756865,39.52292325015947,130.2426036036036,31.603508456421064,65.158,186.148,0.018347355384311904,0.3752330715595661,-0.09400744158787637,0.8799759708811256
GR86-010-016,16,17.272727272727273,0.0013043478260783559,,0.0013043478260783559,0.0,0.0,0.0,1.4184836619456564,1.4184836619456564,0.0,,99.91,,99.91,99.91,0.0,0.0,0.0,5.377272727272728,,166.87,,166.87,166.87,0.15790909090909092,,0.09313636363636363,
GR86-010-016,16,18.0,13.80021672666102,21.758884328899466,91.59565217391305,1.3392857142857142,5.0,150.0,1.7742103577024686,2.163955656882057,0.0,0.0,69.14198790912116,39.02144992261386,2.46875,99.93652173913043,6.172853026122752,81.47340909090909,691.3595389257482,-6.294546128851738,39.06790977401835,130.21923660714285,31.561985043731323,63.998000000000005,187.092,0.01960119564377134,0.37952598090542883,-0.08953452704451346,0.8696527995364957
GR86-010-016,16,18.772727272727273,0.0018181818181801646,,0.0018181818181801646,0.0,0.0,0.0,1.4184836619456564,1.4184836619456564,0.0,,99.8840909090909,,99.8840909090909,99.8840909090909,0.0,0.0,0.0,10.431818181818182,,169.60750000000002,,169.60750000000002,169.60750000000002,0.16818181818181818,,0.31986363636363635,
GR86-010-016,16,19.0,14.391654242610764,22.187270997519146,89.80926877470357,1.2612612612612613,5.0,140.0,1.7720047302851236,2.163955656882057,0.0,0.0,69.94845501091153,38.81131129965596,2.4495,99.91173913043477,6.484082633452198,76.03717391304347,719.733172313194,-5.805054159184594,37.08967973683947,130.3892762762763,31.42600120286179,65.042,186.3325,0.020447360629969328,0.37936658502108195,-0.09343233866277344,0.8777023445428989
GR86-010-016,16,19.47826086956522,0.0008695652173855706,,0.0008695652173855706,0.0,0.0,0.0,1.2798542258336674,1.2798542258336674,0.0,,99.87565217391304,,99.87565217391304,99.87565217391304,0.0,0.0,0.0,8.065217391304348,,167.82,,167.82,167.82,0.15439130434782608,,0.24469565217391304,
GR86-010-016,16,20.0,13.809640678400546,20.947810573390882,85.58292207792206,1.25,5.0,140.0,1.7299836822329475,2.163955656882057,0.0,0.0,67.74746124610651,39.26869127194135,2.4413043478260867,99.9,6.6911810980815245,95.92347826086957,749.4122829851308,-5.427940232339035,39.58467785734323,129.96796875,31.49738347915263,64.49600000000001,188.82999999999998,0.018359875549970355,0.37157416250523156,-0.08995363618585565,0.8735537954288936
GR86-010-016,16,20.863636363636363,0.010909090909080987,,0.010909090909080987,0.0,0.0,0.0,1.2798542258336676,1.2798542258336676,0.0,,99.865,,99.865,99.865,0.0,0.0,0.0,13.795454545454545,,170.475,,170.475,170.475,0.15609090909090909,,0.46813636363636363,
GR86-010-016,16,21.0,15.226016364220026,22.391917585402418,89.47636363636364,1.3963963963963963,5.0,155.0,1.7422636737143518,2.163955656882057,0.0,0.0,69.5179308449093,38.59903778787217,2.4386363636363635,99.89782608695653,6.379931381795058,82.36347826086957,708.1723833792514,-5.428852007656019,39.3897374868777,130.37886486486485,31.092961747501203,63.5975,186.4125,0.018043447424380254,0.38236588037075786,-0.09936991410604952,0.8745071151974034
GR86-010-016,16,21.68421052631579,0.003867276887874027,,0.003867276887874027,0.0,0.0,0.0,1.4184836619456564,1.4184836619456564,0.0,,99.85526315789474,,99.85526315789474,99.85526315789474,0.0,0.0,0.0,6.647368421052632,,169.49200000000002,,169.49200000000002,169.49200000000002,0.1488421052631579,,0.15931578947368422,
GR86-010-016,16,22.0,15.677215784092216,23.367746967588822,90.79915113871635,1.3513513513513513,5.0,150.0,1.6903373648622364,2.163955656882057,0.0,0.0,70.11096864539657,38.545924328148686,2.400909090909091,99.90130434782608,6.1278217948326645,68.08130434782609,680.1882192264258,-5.484054866629236,35.9363982011091,130.0653918918919,31.484901475180806,64.26,185.768,0.021102843464285113,0.3650237315068018,-0.09505603442159506,0.8702649630472383
GR86-010-016,16,22.08695652173913,0.0004545454545308303,,0.0004545454545308303,0.0,0.0,0.0,1.6434177197931796,1.6434177197931796,0.0,,99.86000000000001,,99.86000000000001,99.86000000000001,0.0,0.0,0.0,6.543478260869565,,165.62,,165.62,165.62,0.16730434782608694,,0.20139130434782607,
GR86-010-016,16,23.0,3.069652584675965,11.893660390786623,91.71565217391306,0.2859960552268245,5.0,290.0,0.4350887273793208,2.163955656882057,0.0,0.0,20.56747978539778,27.563090294681643,2.4039130434782607,99.89545454545454,1.4290004476354812,92.05717391304348,1449.0064539023779,-94.70461348439885,125.65309952432811,27.057368178829716,50.156313751986644,0.0,190.16199999999998,0.011263867203427607,0.1654439109798394,-0.030640133622610404,0.363643173257359
GR86-010-016,16,23.954545454545453,0.0017786561264898637,,0.0017786561264898637,0.0,0.0,0.0,0.9433483923290391,0.9433483923290391,0.0,,99.85090909090908,,99.85090909090908,99.85090909090908,0.0,0.0,0.0,12.836363636363636,,169.48000000000002,,169.48000000000002,169.48000000000002,0.16768181818181818,,0.45322727272727276,
GR86-010-016,16,24.0,14.165328456275825,21.701420309040188,91.83555335968379,1.3063063063063063,5.0,145.0,1.7501853625198416,2.163955656882057,0.0,0.0,70.43944148317132,38.51907022472088,2.461818181818182,99.89227272727273,6.824273967643533,85.21357142857144,757.4944104084321,-5.6709907160115804,36.34867920055372,130.09413063063064,31.834995708461783,64.316,187.805,0.017992756710275896,0.3924988757788653,-0.09045734715141096,0.8696191089968028
GR86-010-016,16,24.652173913043477,0.006284584980235763,,0.006284584980235763,0.0,0.0,0.0,1.4708084763221114,1.4708084763221114,0.0,,99.86173913043478,,99.86173913043478,99.86173913043478,0.0,0.0,0.0,10.517391304347827,,169.644,,169.644,169.644,0.1761304347826087,,0.37582608695652175,
GR86-010-016,16,25.0,5.628786961717329,11.045197515580442,68.29764822134388,1.0520833333333333,5.0,202.0,1.4548365265500882,2.1972245773362196,0.0,0.0,12.718171641318863,12.942466898081088,2.317272727272727,86.8190909090909,1.7639879888755567,42.36545454545455,338.6856938641069,-13.657529328079065,67.89233774722135,76.04493663194445,40.10888985152498,0.0,174.4675,-0.02869969392715567,0.14234782741960117,-0.02720408459836735,0.4655064634093142
GR86-013-080,80,1.0,9.228901098091189,14.914455916092665,77.67581818181819,1.4273743016759777,5.0,511.0,1.261805140172849,2.3025850929940455,0.0,0.0,25.541882822818785,30.18989910944203,2.436666666666667,100.01,3.181823259595227,47.875,1139.0927269350914,-16.950290794247135,61.56514375392675,63.56600704225352,50.91631468897698,0.0,165.206,0.0033211877647823973,0.21596394431849142,-0.028430711539853205,0.43530613019406933
GR86-013-080,80,1.5909090909090908,49.49909090909091,,49.49909090909091,0.0,0.0,0.0,1.4184836619456562,1.4184836619456562,0.0,,50.157272727272726,,50.157272727272726,50.157272727272726,0.0,0.0,0.0,9.640909090909092,,164.402,,164.402,164.402,0.06445454545454544,,0.3599090909090909,
GR86-013-080,80,2.0,22.510911906010644,18.986891382199982,79.04697628458499,2.2535211267605635,5.0,320.0,1.5136565854207649,2.1639556568820564,0.0,0.0,42.53965866930311,32.6515850310253,2.5247619047619048,99.67954545454545,5.565024220421342,65.30727272727273,790.2334392998306,-11.056789262026635,38.59538663524317,102.76152464788733,29.050822293407574,53.826,162.98,-0.018126384037530783,0.3142499656898135,-0.06669800475413329,0.6133454029982219
GR86-013-080,80,2.1904761904761907,0.2112337662337751,,0.2112337662337751,1.0,1.0,1.0,1.2206072645530175,1.2206072645530175,0.0,,63.31714285714286,,63.31714285714286,63.31714285714286,2.988809523809524,2.988809523809524,2.988809523809524,-2.0285714285714285,,159.304,,159.304,159.304,0.07295238095238095,,0.04033333333333333,
GR86-013-080,80,3.0,17.640084022452537,22.417985053101884,88.46170995670997,1.846774193548387,5.0,229.0,1.6845498053823351,2.163955656882057,0.0,0.0,60.38659337317539,38.522327591320334,2.5263636363636364,99.69181818181819,5.786707414254749,72.98428571428572,717.5517193675889,-11.247049088279157,41.49172904601181,118.09681451612904,32.88464158924529,44.32,178.79000000000002,-0.008343647520880484,0.34487249230782174,-0.06347318640059284,0.7294431857252306
GR86-013-080,80,3.909090909090909,0.00541125541126064,,0.00541125541126064,0.0,0.0,0.0,1.0888999753452238,1.0888999753452238,0.0,,99.61363636363636,,99.61363636363636,99.61363636363636,0.0,0.0,0.0,12.045454545454545,,169.644,,169.644,169.644,0.1525909090909091,,0.4649090909090909,
GR86-013-080,80,4.0,14.969947069943288,20.571397006162627,83.92987012987012,1.434782608695652,5.0,165.0,1.6836115742065183,2.163955656882057,0.0,0.0,64.12066663154235,39.11265449933178,2.5354545454545456,99.63227272727272,6.04654878260292,90.58272727272728,695.3531099993357,-10.799222938989423,40.20721767358251,125.7621652173913,31.341303851823206,60.05800000000001,180.7375,-0.006954651223839477,0.37034503215094666,-0.06859135821848932,0.8136620596468516
GR86-013-080,80,4.363636363636363,0.006363636363630576,,0.006363636363630576,0.0,0.0,0.0,1.3592367006650063,1.3592367006650063,0.0,,99.56136363636364,,99.56136363636364,99.56136363636364,0.0,0.0,0.0,5.159090909090909,,167.405,,167.405,167.405,0.16186363636363635,,0.22872727272727272,
GR86-013-080,80,5.0,16.338698879154972,23.085987813433317,87.08136363636363,1.6379310344827587,5.0,190.0,1.7094350282863595,2.0253262207700677,0.0,0.0,66.54980469075,38.57319265373866,2.5217647058823527,99.57238095238095,6.553236224542076,84.98704545454547,760.1754020468808,-9.945173702024587,40.537735739859315,126.02438793103448,31.669359378488426,68.775,183.41,-0.006860967488793899,0.38210131396618097,-0.07933297909818361,0.8161316919557857
GR86-013-080,80,5.909090909090909,0.0,,0.0,0.0,0.0,0.0,1.0888999753452238,1.0888999753452238,0.0,,99.5109090909091,,99.5109090909091,99.5109090909091,0.0,0.0,0.0,12.895454545454545,,164.426,,164.426,164.426,0.11986363636363637,,0.48613636363636364,
GR86-013-080,80,6.0,17.24417158591472,21.44780798663757,86.65942687747037,1.6666666666666667,5.0,200.0,1.690226442827322,2.163955656882057,0.0,0.0,53.51401357936177,39.8656446629818,2.494,99.52454545454545,4.2570690688967145,49.0995652173913,510.84828826760577,-10.141028042905903,39.87168805366181,120.87791666666666,29.978656299480946,63.922000000000004,177.4875,-0.012836938350762724,0.31116002973756146,-0.06756569242055513,0.7729838636439046
GR86-013-080,80,6.5,7.950909090909091,,7.950909090909091,0.0,0.0,0.0,1.2798542258336676,1.2798542258336676,0.0,,5.174090909090909,,5.174090909090909,5.174090909090909,0.0,0.0,0.0,0.740909090909091,,139.706,,139.706,139.706,-0.13436363636363635,,0.09768181818181819,
GR86-013-080,80,7.0,1.3973148226763992,4.422580723468649,62.898571428571415,0.5087579617834395,5.0,639.0,0.48936708521292216,2.3025850929940455,0.0,0.0,9.188613312529471,9.236630206071581,2.488888888888889,97.98913043478261,1.364609147549721,47.858695652173914,1713.9490893224497,-7.615843944969588,57.3474636564741,14.300949055599895,31.08230118889372,0.0,147.73000000000002,0.002796676856744391,0.08945057273751934,-0.010962356632833037,0.18694666519219205
GR86-013-080,80,7.9523809523809526,0.22722943722943967,,0.22722943722943967,1.0,1.0,1.0,1.0296530140645737,1.0296530140645737,0.0,,21.22095238095238,,21.22095238095238,21.22095238095238,0.0,0.0,0.0,4.5476190476190474,,116.71000000000001,,116.71000000000001,116.71000000000001,0.0641904761904762,,0.16747619047619047,
GR86-013-080,80,8.0,8.626440928801838,9.419368942259123,45.80668831168832,1.4036144578313252,5.0,233.0,1.7045030732563122,2.163955656882057,0.0,0.0,21.80841123434263,22.38531843112676,2.469047619047619,99.38272727272728,1.7477189852011092,28.671904761904763,290.12135154338415,-9.941786260151277,35.168830759250916,88.58122891566265,27.204294083816905,37.184000000000005,149.0275,-0.012254558943196563,0.18933086728308665,-0.044002102566299856,0.5476349430646849
GR86-013-080,80,9.0,11.640846737300542,14.892284453717451,78.55545454545454,1.8194444444444444,5.0,262.0,1.6569241014767355,2.3025850929940455,0.0,0.0,35.30932410696858,33.35203214391041,2.4761904761904763,99.37863636363636,3.074495686026936,39.93347826086956,442.72737878787876,-10.206739864570482,37.08850064845989,101.65944444444443,27.471359155619368,61.5125,172.175,-0.003783793965360996,0.25280374965570124,-0.07451147976922433,0.6465057868561185
GR86-013-080,80,9.181818181818182,0.002272727272710995,,0.002272727272710995,0.0,0.0,0.0,1.2206072645530175,1.2206072645530175,0.0,,99.36818181818181,,99.36818181818181,99.36818181818181,0.0,0.0,0.0,1.5772727272727274,,162.12,,162.12,162.12,0.14422727272727273,,0.13663636363636364,
GR86-013-080,80,10.0,15.677550071538251,21.727123755625282,85.13672768878719,1.5217391304347827,5.0,175.0,1.7457187193405141,2.163955656882057,0.0,0.0,64.07878922416754,39.56949401160413,2.56,99.4,5.680449542430176,74.63652173913044,653.2516973794702,-10.97262146494989,40.174464312298774,126.23414347826086,30.21380664993527,63.06,178.71800000000002,-0.004003228491403804,0.3658379654346944,-0.07018514603196027,0.8254252105724503
GR86-013-080,80,10.095238095238095,0.0003463203462956699,,0.0003463203462956699,0.0,0.0,0.0,1.4184836619456564,1.4184836619456564,0.0,,99.37238095238096,,99.37238095238096,99.37238095238096,0.0,0.0,0.0,1.3952380952380952,,164.832,,164.832,164.832,0.11690476190476191,,0.15352380952380953,
GR86-013-080,80,11.0,16.56582208813049,22.209600448237186,89.39227272727274,1.5677966101694916,5.0,185.0,1.6521562052615588,2.163955656882057,0.0,0.0,61.941712517585586,39.65593590037915,2.4995652173913046,99.41090909090909,5.808248770205476,88.54239130434782,685.3733548842462,-8.473240253360002,39.377623176496236,124.75255932203389,31.2410393164724,64.522,182.3225,-0.002045155311404389,0.3598558385385496,-0.06602098299023501,0.8072545012331577
GR86-013-080,80,11.772727272727273,0.0,,0.0,0.0,0.0,0.0,0.8979457248567798,0.8979457248567798,0.0,,99.38727272727273,,99.38727272727273,99.38727272727273,0.0,0.0,0.0,9.322727272727272,,167.2525,,167.2525,167.2525,0.14981818181818182,,0.40254545454545454,
GR86-013-080,80,12.0,15.167856957614266,21.17496172594563,88.88090909090909,1.4224137931034482,5.0,165.0,1.6504558371587967,2.0253262207700677,0.0,0.0,62.81918144904025,38.92115351459838,2.533809523809524,99.42217391304348,6.1295537819564245,79.87954545454546,711.0282387069452,-8.573167695818503,38.62575510723953,125.55983189655173,31.23421033675456,66.86250000000001,180.708,-0.005744377898585718,0.3731319413162114,-0.07738285664033913,0.8078604872052986
GR86-013-080,80,12.909090909090908,0.0002380952381173529,,0.0002380952381173529,0.0,0.0,0.0,0.8979457248567798,0.8979457248567798,0.0,,99.38499999999999,,99.38499999999999,99.38499999999999,0.0,0.0,0.0,9.681818181818182,,166.1825,,166.1825,166.1825,0.15413636363636363,,0.43704545454545457,
GR86-013-080,80,13.0,16.803567219044346,22.647572841431703,86.56016666666666,1.608695652173913,5.0,185.0,1.6618840004338804,2.163955656882057,0.0,0.0,64.03196064835572,38.950630074428204,2.5833333333333335,99.395,5.974078139346476,77.8515,687.0189860248447,-8.800267375633908,39.712361830097294,126.38352608695652,30.901165810620384,66.2525,182.0025,-0.0035092588189842193,0.37220750279896275,-0.07957357462224042,0.8166712597810893
GR86-013-080,80,13.727272727272727,0.0001383399209515801,,0.0001383399209515801,0.0,0.0,0.0,1.1682824501765625,1.1682824501765625,0.0,,99.36318181818181,,99.36318181818181,99.36318181818181,0.0,0.0,0.0,9.754545454545454,,166.93,,166.93,166.93,0.13245454545454546,,0.4199090909090909,
GR86-013-080,80,14.0,16.46505569560609,23.18474380109353,83.88381422924903,1.3478260869565217,5.0,155.0,1.6876173137599648,2.163955656882057,0.0,0.0,64.80431210026914,38.70311570434457,2.54,99.39090909090909,6.107545058061032,78.43976190476191,702.3676816770187,-10.076401013166187,37.44695465328292,126.8344652173913,30.200708634267798,65.33500000000001,179.502,-0.003937567826164486,0.3713792042254241,-0.07663456436675121,0.8300226942315444
GR86-013-080,80,14.909090909090908,0.005000000000009663,,0.005000000000009663,0.0,0.0,0.0,0.9433483923290392,0.9433483923290392,0.0,,99.38000000000001,,99.38000000000001,99.38000000000001,0.0,0.0,0.0,10.522727272727273,,168.03,,168.03,168.03,0.12454545454545456,,0.4407272727272727,
GR86-013-080,80,15.0,16.5476064124911,23.00066214205051,87.70445887445888,1.434782608695652,5.0,165.0,1.6508125147650983,2.1639556568820564,0.0,0.0,64.96555691126768,38.829588501439076,2.5345454545454547,99.39181818181818,6.152986321491992,79.92340909090909,707.5934269715791,-9.87643000351885,37.627737530487536,126.39371304347826,29.74175465054557,65.14200000000001,178.704,-0.001543554611739869,0.36648764682306434,-0.07959637738443032,0.8306959655697046
GR86-013-080,80,15.681818181818182,0.003814229249016421,,0.003814229249016421,0.0,0.0,0.0,0.9433483923290392,0.9433483923290392,0.0,,99.35772727272727,,99.35772727272727,99.35772727272727,0.0,0.0,0.0,10.14090909090909,,165.19,,165.19,165.19,0.16695454545454547,,0.3911818181818182,
GR86-013-080,80,16.0,15.631980212815671,21.639269137295322,75.43871635610765,1.5086206896551724,5.0,175.0,1.6559438580722015,2.163955656882057,0.0,0.0,63.91847320820109,40.031283285693306,2.542,99.37681818181818,5.962369448392686,90.1304347826087,691.6348560135516,-9.157212092005945,37.582644253275284,125.29714655172413,30.71105858134871,67.04,180.54,-0.003465607537140526,0.3647617037257535,-0.07678322754207313,0.8056760163689899
GR86-013-080,80,16.545454545454547,0.0001082251082351604,,0.0001082251082351604,0.0,0.0,0.0,1.1682824501765625,1.1682824501765625,0.0,,99.32227272727272,,99.32227272727272,99.32227272727272,0.0,0.0,0.0,5.327272727272727,,166.0675,,166.0675,166.0675,0.17054545454545453,,0.24372727272727274,
GR86-013-080,80,17.0,15.781675357952148,21.975651933334614,86.35207509881423,1.25,5.0,145.0,1.6825986686053898,2.163955656882057,0.0,0.0,65.49169720580869,39.07324570449486,2.5604545454545455,99.36227272727272,5.897669015870853,69.37568181818182,684.1296058410189,-9.674299333729126,38.08934669677101,125.7701551724138,31.260699025774517,67.352,180.302,-0.005647525798504259,0.36951029399863805,-0.07361181874032224,0.8052188839357093
GR86-013-080,80,17.681818181818183,0.00027667984188894934,,0.00027667984188894934,0.0,0.0,0.0,1.1682824501765625,1.1682824501765625,0.0,,99.31636363636363,,99.31636363636363,99.31636363636363,0.0,0.0,0.0,8.686363636363636,,166.972,,166.972,166.972,0.13454545454545455,,0.35413636363636364,
GR86-013-080,80,18.0,16.498072104668786,21.66830031128617,83.58571146245058,1.5948275862068966,5.0,185.0,1.6757858011140263,2.163955656882057,0.0,0.0,66.63021366989736,38.26080639936639,2.5652173913043477,99.38454545454546,6.479509295406409,86.37931818181818,751.6230782671435,-10.241033710545617,37.486000717473395,125.47052586206897,30.905921471026186,64.01,178.57999999999998,-0.004841525200318504,0.37650726571685716,-0.077850704389062,0.7917100576882766
GR86-013-080,80,18.818181818181817,0.005039525691685753,,0.005039525691685753,0.0,0.0,0.0,1.2798542258336676,1.2798542258336676,0.0,,99.31590909090909,,99.31590909090909,99.31590909090909,0.0,0.0,0.0,9.972727272727273,,167.98000000000002,,167.98000000000002,167.98000000000002,0.13354545454545455,,0.4120909090909091,
GR86-013-080,80,19.0,17.712575246467672,22.57614184838938,79.89636363636363,1.5948275862068966,5.0,185.0,1.705131632162089,2.163955656882057,0.0,0.0,63.154361185094395,39.14847228516975,2.533913043478261,99.36181818181818,5.787114429798088,72.0690909090909,671.3052738565782,-9.934640758055695,37.727208979891024,124.62274568965516,30.436966860217538,63.817499999999995,177.118,-0.009281716400002324,0.3581164019280069,-0.07255571102862786,0.7968046450938526
GR86-013-080,80,19.217391304347824,0.00011857707508511339,,0.00011857707508511339,0.0,0.0,0.0,1.2798542258336676,1.2798542258336676,0.0,,99.32260869565218,,99.32260869565218,99.32260869565218,0.0,0.0,0.0,5.360869565217391,,161.41,,161.41,161.41,0.20095652173913042,,0.24639130434782608,
GR86-013-080,80,20.0,16.340709921318616,22.94044846889927,79.8649604743083,1.5811965811965811,5.0,185.0,1.64155676156359,2.163955656882057,0.0,0.0,64.29758764102242,39.620547993459525,2.526521739130435,99.3575,6.042790895497417,72.52,707.0065347731978,-10.422883412883413,37.22364080292897,124.79320512820513,30.377172781317366,65.6725,177.815,-0.006535335437509353,0.3675086363841048,-0.07074178591135112,0.7960416921914714
GR86-013-080,80,20.47826086956522,0.0018840579710115435,,0.0018840579710115435,0.0,0.0,0.0,1.1682824501765625,1.1682824501765625,0.0,,99.31521739130434,,99.31521739130434,99.31521739130434,0.0,0.0,0.0,6.3304347826086955,,165.60999999999999,,165.60999999999999,165.60999999999999,0.1551304347826087,,0.2619130434782609,
GR86-013-080,80,21.0,16.59246019278628,22.31960037041921,90.7567391304348,1.7521367521367521,5.0,205.0,1.6335242349048118,2.0253262207700677,0.0,0.0,62.91154340596039,39.87963277399108,2.5272727272727273,99.36521739130436,5.511610146542085,78.93431818181818,644.858387145424,-10.124336196164505,37.94360233585008,124.41016666666667,29.133793167959574,66.7425,178.26,-0.003820284510636512,0.3585634259747992,-0.07470859974704705,0.8028198603406919
GR86-013-080,80,21.5,0.0022924901185774615,,0.0022924901185774615,0.0,0.0,0.0,1.1682824501765625,1.1682824501765625,0.0,,99.31727272727272,,99.31727272727272,99.31727272727272,0.0,0.0,0.0,7.172727272727273,,163.656,,163.656,163.656,0.18959090909090912,,0.3386818181818182,
GR86-013-080,80,22.0,15.48728177457432,22.711852149297098,84.91367588932806,1.5827338129496402,5.0,220.0,1.6467583557003762,2.163955656882057,0.0,0.0,66.1740769475928,38.99035530891713,2.5023809523809524,99.79272727272728,5.854921902782093,69.85704545454546,813.8341444867109,-12.161066215549832,37.94339403141777,124.75798081534772,30.587514855915003,64.478,176.95000000000002,-0.002228800912992553,0.3686149898916386,-0.10496296075886283,0.7699229904456331
GR86-013-080,80,22.285714285714285,0.0026915113871694984,,0.0026915113871694984,0.0,0.0,0.0,1.470808476322111,1.470808476322111,0.0,,99.75095238095238,,99.75095238095238,99.75095238095238,0.0,0.0,0.0,4.20952380952381,,160.455,,160.455,160.455,0.14428571428571427,,0.1911904761904762,
GR86-013-080,80,22.608695652173914,0.0001383399209515801,,0.0001383399209515801,0.0,0.0,0.0,0.8979457248567798,0.8979457248567798,0.0,,99.31695652173913,,99.31695652173913,99.31695652173913,0.0,0.0,0.0,8.856521739130434,,165.07,,165.07,165.07,0.1017391304347826,,0.3554347826086957,
GR86-013-080,80,23.0,15.897047129572776,22.709741176170045,90.27837944664032,1.652542372881356,5.0,390.0,1.6429678308120204,2.163955656882057,0.0,0.0,66.63440159400226,38.857196315558966,2.5354545454545456,99.80913043478262,5.733943485457548,77.55022727272727,1353.2106625679812,-9.985748041820793,36.87408302056792,123.89298305084745,30.759496995682014,60.696000000000005,178.304,-0.006634263300555041,0.35198552954989526,-0.07324069590427801,0.7804509217473315
GR86-013-080,80,23.91304347826087,0.007134387351754867,,0.007134387351754867,0.0,0.0,0.0,1.0888999753452238,1.0888999753452238,0.0,,99.35304347826086,,99.35304347826086,99.35304347826086,0.0,0.0,0.0,9.782608695652174,,164.595,,164.595,164.595,0.1993913043478261,,0.4435217391304348,
GR86-013-080,80,24.0,14.83387873553663,19.655955274633026,91.186976284585,1.8243243243243243,5.0,540.0,1.4762288964205759,2.163955656882057,0.0,0.0,42.843134079373066,39.02298247079799,2.4855,99.77571428571429,4.260913577667797,84.59130434782608,1261.230418989668,-8.93939485036167,33.67376159671735,99.20684628378379,44.00380342947859,14.6775,181.33800000000002,-0.023945470719984447,0.2867638324312919,-0.05178039681446432,0.6480526155316211
GR86-013-080,80,24.130434782608695,7.149071146245059,,7.149071146245059,0.0,0.0,0.0,0.5004024235381879,0.5004024235381879,0.0,,4.259565217391304,,4.259565217391304,4.259565217391304,0.0,0.0,0.0,-1.5826086956521739,,41.564,,41.564,41.564,-0.10686956521739131,,-0.012130434782608694,
GR86-013-080,80,24.227272727272727,19.262575757575746,,19.262575757575746,0.0,0.0,0.0,1.3592367006650063,1.3592367006650063,0.0,,80.0840909090909,,80.0840909090909,80.0840909090909,0.0,0.0,0.0,2.9,,161.4675,,161.4675,161.4675,0.1345909090909091,,0.14577272727272728,
GR86-013-080,80,25.0,5.136218845840793,7.504508741261404,69.8208695652174,1.5849673202614378,5.0,485.0,1.3441605974817141,2.3025850929940455,0.0,0.0,12.370648924399001,11.283638136383601,2.4675000000000002,82.9908695652174,1.7238111050729172,31.515454545454546,527.4861981523127,-12.036756547478822,53.72436436180617,57.784326229508196,44.663761292245574,0.0,165.85999999999999,-0.03417066831354514,0.1470287984680234,-0.026117119748385785,0.3993641755730774
GR86-013-080,80,25.61904761904762,2.5986335403726697,,2.5986335403726697,0.0,0.0,0.0,0.3250829733914482,0.3250829733914482,0.0,,8.534285714285714,,8.534285714285714,8.534285714285714,0.0,0.0,0.0,-5.300000000000001,,38.038,,38.038,38.038,0.004095238095238097,,-0.034333333333333334,
GR86-013-080,80,26.0,1.601720190477577,2.32564676648524,15.604699792960663,0.8839779005524862,5.0,160.0,1.0177154734440268,2.163955656882057,0.0,0.0,6.88321942547537,4.367409313437042,2.486818181818182,22.30304347826087,0.8649507644649369,17.25195652173913,156.55608836815358,-7.452025325143269,53.8789367373461,15.557342541436464,14.143318483624546,0.0,58.288,-0.026738179502724304,0.05926519452143982,-0.0051767447821615496,0.09337444887385903
GR86-015-031,31,1.0,15.707737402895603,22.961349435672698,94.43581027667983,1.858288770053476,5.0,695.0,1.251175263626529,2.3025850929940455,0.0,0.0,30.28743837459688,34.21528428565734,2.5013636363636365,100.20666666666666,8.334573023290075,53.909318181818186,3117.130310710488,-11.346646390615053,48.11290808068762,62.92473315363882,48.68690266037863,0.0,147.388,0.027064042965135995,0.20008843809323396,-0.06563213006803109,0.48558207969123907
GR86-015-031,31,1.3043478260869565,9.881573498964803,,9.881573498964803,1.0,1.0,1.0,0.6730116670092565,0.6730116670092565,0.0,,14.946521739130434,,14.946521739130434,14.946521739130434,0.6434782608695653,0.6434782608695653,0.6434782608695653,-3.9,,120.3725,,120.3725,120.3725,-0.04552173913043479,,0.008826086956521739,
GR86-015-031,31,2.0,18.027289343939543,20.70391157481699,93.1059090909091,2.2697368421052633,5.0,345.0,1.5297323459552155,2.3025850929940455,0.0,0.0,36.69763099605307,32.94341365086058,2.4995652173913046,100.23826086956522,3.193292496309945,43.013571428571424,485.38045943911163,-12.236518430500274,36.54230284619783,96.44144736842105,21.04957223332154,53.239999999999995,133.525,0.014308330455809528,0.22517264916777222,-0.08210830676551426,0.5893935786080186
GR86-015-031,31,2.590909090909091,0.004545454545450411,,0.004545454545450411,2.0,2.0,2.0,1.0296530140645737,1.0296530140645737,0.0,,99.99909090909091,,99.99909090909091,99.99909090909091,0.0,0.0,0.0,-6.2,,139.0075,,139.0075,139.0075,0.23427272727272727,,0.039818181818181815,
GR86-015-031,31,3.0,14.117328274736236,21.6402677798214,92.61430147058823,1.9316239316239316,5.0,226.0,1.8370143199621343,2.3025850929940455,0.0,0.0,69.23299069422735,38.50497462071789,2.606875,100.17954545454545,6.263130661667132,65.33113636363636,732.7862874150544,-13.119662095680402,42.391673211279674,124.81733760683761,30.475826003828715,60.120000000000005,185.388,0.02887511306838269,0.3499399847844218,-0.08717133646871666,0.7960179136695499
GR86-015-031,31,3.7,0.005636363636355668,,0.005636363636355668,0.0,0.0,0.0,1.3661588475692017,1.3661588475692017,0.0,,100.002,,100.002,100.002,0.0,0.0,0.0,4.85,,169.555,,169.555,169.555,0.16255,,0.3859,
GR86-015-031,31,4.0,15.241158514515638,23.650048660409134,88.97681818181817,1.3274336283185841,5.0,150.0,1.8166483086800862,2.3025850929940455,0.0,0.0,73.14691193519013,37.87096881490996,2.5205263157894735,100.21045454545455,7.65513632035158,108.71428571428571,865.0304041997285,-12.799928010798128,42.45470102958859,128.57465044247786,31.446760103450256,65.064,183.8175,0.024555679799664863,0.36708464327089035,-0.09747939471995533,0.8445543045558371
GR86-015-031,31,4.666666666666667,0.0073934837092792804,,0.0073934837092792804,0.0,0.0,0.0,1.313834033192747,1.313834033192747,0.0,,100.0047619047619,,100.0047619047619,100.0047619047619,0.0,0.0,0.0,3.9047619047619047,,170.1725,,170.1725,170.1725,0.17247619047619048,,0.312952380952381,
GR86-015-031,31,5.0,15.894988448384343,23.631269838203806,88.60270750988143,1.4601769911504425,5.0,165.0,1.8200708871612128,2.3025850929940455,0.0,0.0,73.42920019164156,37.64414754138895,2.5694736842105264,100.15499999999999,7.765658326611225,108.88261904761904,877.5193909070684,-11.93755384199682,41.40587525630535,128.3552772861357,31.64411930880157,61.93,187.26799999999997,0.024223883633482338,0.38055418460390295,-0.09170793264848945,0.8441566214989563
GR86-015-031,31,5.545454545454546,0.002676767676774716,,0.002676767676774716,0.0,0.0,0.0,1.4708084763221112,1.4708084763221112,0.0,,99.99954545454544,,99.99954545454544,99.99954545454544,0.0,0.0,0.0,3.6818181818181817,,169.27,,169.27,169.27,0.17945454545454545,,0.3365909090909091,
GR86-015-031,31,6.0,19.08608150902773,23.463029328654997,90.8882683982684,2.073170731707317,5.0,255.0,1.708205957227016,2.3025850929940455,0.0,0.0,45.93141984210894,38.03967439232895,2.505,100.16636363636363,4.336565398129893,75.95113636363637,533.3975439699768,-12.319929674487309,39.87785912027696,117.91180894308943,28.29579803367964,63.275,182.872,0.010640675357054803,0.2718196337798014,-0.08144297118348857,0.7834595723213319
GR86-015-031,31,6.181818181818182,0.03358851674641272,,0.03358851674641272,3.0,3.0,3.0,1.0888999753452238,1.0888999753452238,0.0,,23.46272727272727,,23.46272727272727,23.46272727272727,6.352954545454545,6.352954545454545,6.352954545454545,-4.972727272727273,,129.68800000000002,,129.68800000000002,129.68800000000002,0.01859090909090909,,-0.028681818181818183,
GR86-015-031,31,7.0,11.986685479261393,19.28695327561518,95.76745238095239,2.01423487544484,5.0,566.0,1.1689414721897524,2.3025850929940455,0.0,0.0,19.596214582867624,26.19068383660723,2.4677272727272728,100.12045454545455,2.9899121716719885,64.28391304347826,840.1653202398288,-16.67781259617919,47.19602302188299,55.98275959232614,40.85371104247317,0.0,136.435,0.010224293229886404,0.15624898972095952,-0.05818321217289352,0.3928587089873976
GR86-015-031,31,7.7272727272727275,17.992272727272724,,17.992272727272724,2.0,2.0,2.0,0.6108643020548935,0.6108643020548935,0.0,,39.93454545454545,,39.93454545454545,39.93454545454545,4.312954545454546,4.312954545454546,4.312954545454546,-3.9863636363636363,,102.696,,102.696,102.696,0.06609090909090909,,0.011727272727272727,
GR86-015-031,31,8.0,17.421558071543554,21.802594484503178,93.03790043290044,2.096969696969697,5.0,346.0,1.3792022532232062,2.3025850929940455,0.0,0.0,26.030445820529245,27.022083540309414,2.4871428571428575,100.065,2.2548101101444953,22.7475,372.0436681738417,-11.814934179126496,33.13861979388589,88.25134747474748,17.520058790178652,49.1175,131.296,0.006620970411003084,0.19591296237981992,-0.09040216369826412,0.5286726299259225
GR86-015-031,31,8.565217391304348,0.3681620553359686,,0.3681620553359686,2.0,2.0,2.0,1.0549201679861442,1.0549201679861442,0.0,,11.090434782608696,,11.090434782608696,11.090434782608696,0.0,0.0,0.0,-4.3,,100.718,,100.718,100.718,-0.06556521739130435,,-0.010347826086956523,
GR86-015-031,31,9.0,20.499133623678247,24.107619680749654,91.74090909090908,2.1232876712328768,5.0,310.0,1.5160188091653837,2.163955656882057,0.0,0.0,39.490932093315756,35.48547301440199,2.488571428571429,100.05521739130435,3.1766082899507873,72.48136363636364,463.7848103328149,-11.79710802350563,34.553731769274016,99.59065068493152,20.41417582696835,53.182500000000005,159.435,0.02860834512133857,0.23411453110710206,-0.09150702919303723,0.6234882930263488
GR86-015-031,31,9.090909090909092,0.005173160173171709,,0.005173160173171709,0.0,0.0,0.0,1.5047882836811908,1.5047882836811908,0.0,,100.00136363636365,,100.00136363636365,100.00136363636365,0.0,0.0,0.0,-2.1636363636363636,,164.704,,164.704,164.704,0.17013636363636364,,0.06813636363636365,
GR86-015-031,31,10.0,15.557128156914493,23.188287176901532,81.02047619047619,1.3274336283185841,5.0,150.0,1.7347686457985738,2.163955656882057,0.0,0.0,72.33707115891832,37.15627505738129,2.5065,100.05428571428571,7.284947088878059,107.30342105263158,823.1990210432207,-12.360004888188097,40.978946133704625,129.36652654867257,31.513978503582965,62.512,184.708,0.023751373610582622,0.36724347930783396,-0.09198119563946805,0.8537784796467562
GR86-015-031,31,10.772727272727273,0.0004545454545308303,,0.0004545454545308303,0.0,0.0,0.0,1.4184836619456564,1.4184836619456564,0.0,,99.99454545454546,,99.99454545454546,99.99454545454546,0.0,0.0,0.0,-1.6863636363636365,,168.91,,168.91,168.91,0.16436363636363638,,0.08472727272727272,
GR86-015-031,31,11.0,15.221978390043605,23.90503867011762,88.54333333333332,1.8421052631578947,5.0,210.0,1.7452416608264654,2.163955656882057,0.0,0.0,71.61376456659553,38.31413445069841,2.522105263157895,100.06714285714285,7.017510383923021,93.0245,799.9961837672244,-10.44156186065875,41.441423923596844,127.69764619883041,30.97451113777677,63.053999999999995,186.16,0.023455193036491212,0.37343705910518993,-0.09480396091299109,0.8402160508378581
GR86-015-031,31,11.954545454545455,0.0,,0.0,0.0,0.0,0.0,1.2798542258336676,1.2798542258336676,0.0,,99.99772727272726,,99.99772727272726,99.99772727272726,0.0,0.0,0.0,5.381818181818182,,167.48,,167.48,167.48,0.16436363636363638,,0.2665909090909091,
GR86-015-031,31,12.0,15.910332677888478,22.965354094856878,84.8833947368421,1.3716814159292035,5.0,155.0,1.7986616870260743,2.163955656882057,0.0,0.0,71.34053692081709,37.94867459577754,2.520909090909091,100.0790909090909,7.169727585480836,96.416,810.1792171593345,-10.121103686291411,42.99411663546538,128.1183761061947,30.857857842273784,65.045,185.408,0.03001592659987792,0.36242308378336585,-0.09518075732985617,0.8608297129469327
GR86-015-031,31,12.65,0.008119047619047137,,0.008119047619047137,0.0,0.0,0.0,1.2798542258336676,1.2798542258336676,0.0,,99.9995,,99.9995,99.9995,0.0,0.0,0.0,3.6700000000000004,,170.205,,170.205,170.205,0.18005,,0.26165000000000005,
GR86-015-031,31,13.0,15.610533887401488,23.562887952106184,87.74671826625388,1.592920353982301,5.0,180.0,1.75648366321973,2.3025850929940455,0.0,0.0,71.7718599136898,38.44431801268344,2.5733333333333333,100.08090909090907,6.8164542509530675,74.85863636363636,770.2593303576966,-10.007525558614295,41.89733766249874,128.02726401179942,31.619694209419322,64.73,185.04000000000002,0.026803894978976013,0.3628589792121214,-0.08742304476416131,0.8581031889828847
GR86-015-031,31,13.217391304347826,0.0026304347826169305,,0.0026304347826169305,0.0,0.0,0.0,1.3661588475692017,1.3661588475692017,0.0,,100.00086956521739,,100.00086956521739,100.00086956521739,0.0,0.0,0.0,0.5304347826086956,,166.9075,,166.9075,166.9075,0.17756521739130432,,0.11295652173913043,
GR86-015-031,31,14.0,16.06900775534366,25.583054029915,91.722,1.3839285714285714,5.0,155.0,1.8061907897709133,2.163955656882057,0.0,0.0,72.36623702641985,38.05471815498863,2.5146666666666664,100.08473684210526,7.600783590712913,105.728,851.2877621598462,-10.735979795565685,41.43319785931668,129.5559538690476,31.46549728054869,61.58,186.4525,0.027503224368157227,0.37244213083526306,-0.09501269032810752,0.8612436878244892
GR86-015-031,31,14.333333333333334,0.005519480519495801,,0.005519480519495801,0.0,0.0,0.0,1.4184836619456564,1.4184836619456564,0.0,,99.99857142857142,,99.99857142857142,99.99857142857142,0.0,0.0,0.0,0.32380952380952377,,167.92000000000002,,167.92000000000002,167.92000000000002,0.17947619047619048,,0.15366666666666667,
GR86-015-031,31,15.0,15.86424486537993,23.58371671082897,80.98718426501034,1.3392857142857142,5.0,150.0,1.7852049933944711,2.163955656882057,0.0,0.0,72.8137083584422,37.46462598285008,2.5149999999999997,100.0405,8.24603482763763,116.47142857142858,923.5559006954145,-11.757945321253112,41.01833637742556,130.13978571428572,31.257217056983205,62.818000000000005,187.24200000000002,0.030419473547081268,0.3728560735602163,-0.09470857458691471,0.8714968041676932
GR86-015-031,31,15.772727272727273,0.0011363636363768137,,0.0011363636363768137,0.0,0.0,0.0,1.2206072645530175,1.2206072645530175,0.0,,100.00136363636362,,100.00136363636362,100.00136363636362,0.0,0.0,0.0,8.395454545454546,,170.99,,170.99,170.99,0.17272727272727273,,0.552409090909091,
GR86-015-031,31,16.0,13.742702612498263,21.49928575813015,76.96143274853802,1.2946428571428572,5.0,145.0,1.7014718974296783,2.163955656882057,0.0,0.0,71.23865053369356,37.98905729261033,2.48875,100.04173913043478,7.4913905097281575,90.41125,839.0357370895537,-10.397200891115498,41.233260326063714,129.49332589285714,31.32816325786281,64.5375,186.006,0.029981726969530616,0.3656743451198517,-0.0991020526208325,0.8625989484816045
GR86-015-031,31,17.0,17.491291544283857,26.823918773157057,93.42151138716356,1.3274336283185841,5.0,150.0,1.7328735827463948,2.3025850929940455,0.0,0.0,73.3762392738618,37.908778884567106,2.46875,100.0442105263158,7.910527770240381,116.58000000000001,893.8896380371631,-9.73653833215715,41.87613248511876,129.57727286135693,31.473167033688984,64.1725,184.2875,0.030037886883583623,0.3707036333614585,-0.09520228189571824,0.8513241088979318
GR86-015-031,31,17.8,0.0006818181818317726,,0.0006818181818317726,0.0,0.0,0.0,1.0888999753452238,1.0888999753452238,0.0,,100.0025,,100.0025,100.0025,0.0,0.0,0.0,8.625,,170.436,,170.436,170.436,0.1728,,0.541,
GR86-015-031,31,18.0,15.320421865883342,23.71168528697791,80.91954545454546,1.3839285714285714,5.0,155.0,1.7115995995976916,2.163955656882057,0.0,0.0,73.46384363287801,37.452575151426274,2.5035,100.0321052631579,7.700771077951108,111.6595238095238,862.4863607305241,-10.391879449735567,42.03414734900772,129.42698214285716,31.036858493109445,64.122,183.8875,0.027727023176694923,0.36832928594760334,-0.09799715119210259,0.8644493558111043
GR86-015-031,31,19.0,15.179219102375864,23.59283428192564,93.05566666666667,1.434782608695652,5.0,165.0,1.8199500188159505,2.1972245773362196,0.0,0.0,73.41864279119132,37.51896989124522,2.5083333333333333,100.036,8.360995150013242,107.17275,961.5144422515227,-9.63327324467472,47.7527938942345,127.52236521739131,33.43571436421347,54.467999999999996,186.47,0.025363247790504067,0.3812552707263317,-0.09286749552203126,0.8506439191215461
GR86-015-031,31,19.90909090909091,0.003636363636360329,,0.003636363636360329,0.0,0.0,0.0,1.313834033192747,1.313834033192747,0.0,,100.01136363636364,,100.01136363636364,100.01136363636364,0.0,0.0,0.0,9.768181818181818,,169.85750000000002,,169.85750000000002,169.85750000000002,0.1645,,0.5454545454545454,
GR86-015-031,31,20.0,15.423275899965423,25.057479052260412,83.86297619047619,1.3839285714285714,5.0,155.0,1.7356218856756627,2.163955656882057,0.0,0.0,73.48873625713634,37.625569650978804,2.5045454545454544,100.01684210526315,8.5372625285292,116.82795454545455,956.1734031952702,-10.098130790073467,40.951724448398664,129.36492410714285,31.241801584626923,65.3525,188.9,0.027948062982734178,0.37803700146263397,-0.10658987276867617,0.8544969124909257
GR86-015-031,31,20.772727272727273,0.000454545454559252,,0.000454545454559252,0.0,0.0,0.0,1.313834033192747,1.313834033192747,0.0,,100.00136363636365,,100.00136363636365,100.00136363636365,0.0,0.0,0.0,7.6863636363636365,,169.55599999999998,,169.55599999999998,169.55599999999998,0.1628181818181818,,0.48736363636363644,
GR86-015-031,31,21.0,15.15859749688309,23.029377359101627,78.46486166007905,1.2946428571428572,5.0,145.0,1.680811112134078,2.163955656882057,0.0,0.0,72.73353762331462,37.78298679034146,2.587619047619048,100.02666666666667,7.719351939145224,108.68477272727273,864.5674171842651,-12.059171348437614,39.168984576518326,129.30920089285715,30.869173127768764,66.574,186.108,0.028916991461201188,0.3684688554443187,-0.10068132939570669,0.8578389179181991
GR86-015-031,31,21.727272727272727,0.004031620553377024,,0.004031620553377024,0.0,0.0,0.0,1.2798542258336674,1.2798542258336674,0.0,,99.98727272727272,,99.98727272727272,99.98727272727272,0.0,0.0,0.0,5.509090909090909,,168.9925,,168.9925,168.9925,0.16136363636363635,,0.3615909090909091,
GR86-015-031,31,22.0,14.347024062920278,21.36202265303695,84.26095238095238,1.25,5.0,140.0,1.742632251645549,2.163955656882057,0.0,0.0,71.89348638015899,37.682048499567266,2.5056249999999998,100.02526315789474,7.636856710677562,109.24214285714285,855.3279515958869,-11.7552001352232,39.631256667952165,129.72551785714285,31.151457623910197,65.432,184.78400000000002,0.029880728245765747,0.3642032890192288,-0.09799469042178363,0.8656129763679772
GR86-015-031,31,22.954545454545453,0.003181818181801077,,0.003181818181801077,0.0,0.0,0.0,1.313834033192747,1.313834033192747,0.0,,100.00272727272727,,100.00272727272727,100.00272727272727,0.0,0.0,0.0,8.645454545454545,,170.485,,170.485,170.485,0.16263636363636363,,0.5606818181818182,
GR86-015-031,31,23.0,14.786790189089418,22.718198005505105,92.42027272727272,1.5566037735849056,5.0,330.0,1.770039366486679,2.163955656882057,0.0,0.0,71.79258079080849,38.269169028397506,2.4955000000000003,100.02391304347827,7.347013180327736,107.19,1557.5667942294801,-12.800408351854479,41.06712345064717,126.32955450236967,32.30498662374142,49.315999999999995,185.8,0.024157603771552866,0.37390331135474064,-0.11198381862909193,0.8307316928767925
GR86-015-031,31,23.59090909090909,0.0017272727272796828,,0.0017272727272796828,0.0,0.0,0.0,1.2798542258336676,1.2798542258336676,0.0,,99.95272727272727,,99.95272727272727,99.95272727272727,0.0,0.0,0.0,5.740909090909091,,169.084,,169.084,169.084,0.16913636363636364,,0.3284090909090909,
GR86-015-031,31,23.714285714285715,0.0004968944099488226,,0.0004968944099488226,0.0,0.0,0.0,1.2798542258336676,1.2798542258336676,0.0,,100.00428571428571,,100.00428571428571,100.00428571428571,0.0,0.0,0.0,6.1952380952380945,,168.552,,168.552,168.552,0.16633333333333333,,0.4672380952380953,
GR86-015-031,31,24.0,11.570009007804202,17.93539049490436,93.68181818181819,1.7736486486486487,5.0,525.0,1.4806785056587324,2.3025850929940455,0.0,0.0,38.45946141086013,37.85270786805562,2.3060869565217392,100.0278947368421,4.023035939190839,105.68050000000001,1190.8186380004884,-8.863059210655098,34.67435590923393,98.94777702702703,41.963510168643495,8.05,183.892,0.0012191184400673807,0.25845907559831244,-0.07098765706719902,0.6683370344357845
GR86-015-031,31,24.363636363636363,0.0049999999999954525,,0.0049999999999954525,0.0,0.0,0.0,1.3321790402101223,1.3321790402101223,0.0,,100.00500000000001,,100.00500000000001,100.00500000000001,0.0,0.0,0.0,2.0772727272727276,,167.156,,167.156,167.156,0.1760909090909091,,0.22949999999999998,
GR86-015-031,31,24.8,1.0356818181818177,,1.0356818181818177,0.0,0.0,0.0,0.0,0.0,0.0,,6.7525,,6.7525,6.7525,0.0,0.0,0.0,-1.7200000000000002,,34.605000000000004,,34.605000000000004,34.605000000000004,-0.005499999999999998,,-0.0214,
GR86-015-031,31,25.0,3.5162698112750657,10.444338082146475,81.64849999999998,0.7270440251572327,5.0,578.0,0.5236940464228118,2.3025850929940455,0.0,0.0,11.64418102874844,15.131805231578745,0.778,100.01142857142858,1.447603864768007,102.28545454545456,1150.8450724905656,-3.8388571065623616,29.31119223157591,22.266138364779877,40.344575138610104,0.0,177.234,0.021733714679804048,0.1029446963145148,-0.01751077589335165,0.279165440303782
GR86-015-031,31,25.363636363636363,10.166818181818183,,10.166818181818183,4.0,4.0,4.0,0.0,0.0,0.0,,5.110454545454545,,5.110454545454545,5.110454545454545,10.554772727272727,10.554772727272727,10.554772727272727,-5.7272727272727275,,41.815999999999995,,41.815999999999995,41.815999999999995,-0.16904545454545453,,-0.030090909090909092,
GR86-015-031,31,26.0,3.647633948390825,8.755163987251883,77.62715311004784,2.0816326530612246,5.0,306.0,1.0955641578936244,2.3025850929940455,0.0,0.0,6.770969819354795,9.037318074879819,2.4986363636363635,99.92136363636364,2.7424281409810995,40.20652173913044,403.13693672422164,-10.489832168330826,64.16445656427182,19.574697278911565,12.236614367684275,0.0,64.7025,-0.005178740997159989,0.09685516586403904,-0.012282612743288776,0.1025530969875561
GR86-016-055,55,1.0,10.250751935915849,21.151269576199134,95.61862700228833,1.2667578659370724,5.0,926.0,0.623322177380935,2.3025850929940455,0.0,0.0,25.641381942207026,32.313886546759505,2.3185714285714285,100.10652173913043,2.836713518143916,58.43826086956521,2073.6375817632024,-1.1611721120686147,20.857283981247402,33.62790492476061,45.93800328360434,0.0,127.85,0.011651334590565512,0.18830620391794617,-0.02124704373861339,0.36156921006411025
GR86-016-055,55,1.3636363636363635,0.020909090909086103,,0.020909090909086103,0.0,0.0,0.0,1.5047882836811906,1.5047882836811906,0.0,,99.99227272727272,,99.99227272727272,99.99227272727272,0.0,0.0,0.0,19.44090909090909,,123.924,,123.924,123.924,0.2513636363636364,,0.41959090909090907,
GR86-016-055,55,2.0,16.6244140013153,20.167081272390348,86.32409090909091,2.4465408805031448,5.0,389.0,1.546595751244218,2.163955656882057,0.0,0.0,36.49729416041201,32.131211846285225,2.4016666666666664,100.1347619047619,3.489967760945876,27.993809523809524,554.9048739903943,-2.458218646825464,35.407455731049744,92.52558805031447,18.204436476380618,55.2675,147.502,-0.00014741067551503296,0.21657197163488887,-0.0332556255385192,0.5638474903327643
GR86-016-055,55,2.380952380952381,0.004523809523803379,,0.004523809523803379,1.0,1.0,1.0,1.0888999753452238,1.0888999753452238,0.0,,99.9995238095238,,99.9995238095238,99.9995238095238,0.0,0.0,0.0,4.119047619047619,,135.086,,135.086,135.086,0.23252380952380952,,-0.015285714285714286,
GR86-016-055,55,3.0,15.800980250796885,25.412012804085535,93.44454545454546,1.6228070175438596,5.0,185.0,1.7839233733026991,2.3025850929940455,0.0,0.0,72.13736911410203,39.02582864538203,2.4954545454545456,100.16227272727274,6.016953584089014,75.9675,685.9327085861476,-3.4318329512545946,39.96534446499179,128.42088157894736,30.28059622213062,60.932,187.1,0.02175820716693204,0.3667585604182109,-0.06697887405052957,0.8320744650930632
GR86-016-055,55,4.0,14.037322304343649,23.40314298443227,90.41471861471862,1.5178571428571428,5.0,170.0,1.7381674278120067,2.163955656882057,0.0,0.0,71.4330417040722,39.56751531557014,2.4536363636363636,100.1447619047619,6.585604857726497,85.11863636363637,737.5877440653677,-1.9325668130849694,41.501096103039664,129.54808482142857,31.854843360217647,61.132000000000005,186.076,0.012800764143506723,0.3739044630099996,-0.0617894119396467,0.8564274084165612
GR86-016-055,55,4.05,0.0018749999999982947,,0.0018749999999982947,0.0,0.0,0.0,1.4184836619456564,1.4184836619456564,0.0,,99.9975,,99.9975,99.9975,0.0,0.0,0.0,11.09,,166.5725,,166.5725,166.5725,0.17124999999999999,,0.18325,
GR86-016-055,55,5.0,14.420489190904675,24.04102454004818,95.00869565217391,1.4732142857142858,5.0,165.0,1.7659730188487504,2.163955656882057,0.0,0.0,71.77463372568967,39.22862068108631,2.498695652173913,100.13727272727273,6.612778479539829,80.57772727272727,740.6311897084609,-1.68344840723891,41.882997792848,130.25458928571427,31.626276821371917,63.5,187.246,0.016467311574879587,0.3838561600854712,-0.06470896696493243,0.8637394252452851
GR86-016-055,55,5.5,0.0005411255411047478,,0.0005411255411047478,0.0,0.0,0.0,1.5047882836811908,1.5047882836811908,0.0,,99.99863636363635,,99.99863636363635,99.99863636363635,0.0,0.0,0.0,16.277272727272727,,169.9075,,169.9075,169.9075,0.16836363636363635,,0.3834090909090909,
GR86-016-055,55,6.0,11.069914233978418,17.29223414126906,86.58350877192981,1.3709677419354838,5.0,170.0,1.724247952353974,2.163955656882057,0.0,0.0,38.60956584753939,35.48888681811853,2.477272727272727,100.1309090909091,3.5713550006439023,53.7575,442.8480200798439,-1.763546204296984,41.80120315756491,117.06730241935483,30.005800638113634,57.5,183.88,-0.0033514358951156334,0.2588096903636873,-0.040061867948525565,0.7684778835764468
GR86-016-055,55,6.05,12.97497619047619,,12.97497619047619,0.0,0.0,0.0,1.0296530140645737,1.0296530140645737,0.0,,3.2555,,3.2555,3.2555,0.0,0.0,0.0,10.004999999999999,,128.785,,128.785,128.785,-0.11265,,0.10035000000000001,
GR86-016-055,55,7.0,1.3883857056759485,4.4984089038018125,69.86863636363637,0.37174095878889823,5.0,442.0,0.45662900528509437,2.3025850929940455,0.0,0.0,8.52453067610085,7.632138646608018,2.308,100.04047619047618,0.30111285526331966,38.46738095238096,358.0231849080871,-2.860770347992476,55.18155677121943,14.573552698145027,30.14739639621739,0.0,124.86399999999999,0.017442438754343325,0.06692733852053859,-0.004691530112939437,0.17308189085999354
GR86-016-055,55,7.3478260869565215,4.96689440993789,,4.96689440993789,2.0,2.0,2.0,1.0296530140645737,1.0296530140645737,0.0,,22.012608695652176,,22.012608695652176,22.012608695652176,0.0,0.0,0.0,3.573913043478261,,100.898,,100.898,100.898,0.10782608695652174,,-0.009043478260869564,
GR86-016-055,55,8.0,15.631140127629898,19.582314128771255,90.10419191919193,2.0843373493975905,5.0,346.0,1.4864735381559833,2.3025850929940455,0.0,0.0,29.60830764757224,30.1275655786756,2.4555,100.06714285714285,3.139322676855599,39.24795454545455,521.1275643580294,-1.8738041824398697,33.888806403593314,88.2989467871486,15.529622250810714,56.135,131.3375,-0.003926895079852676,0.21116448431594312,-0.04177221855300003,0.4940830555931887
GR86-016-055,55,8.095238095238095,28.002815734989646,,28.002815734989646,5.0,5.0,5.0,1.5047882836811908,1.5047882836811908,0.0,,23.467619047619046,,23.467619047619046,23.467619047619046,11.676666666666668,11.676666666666668,11.676666666666668,-4.604761904761905,,96.3825,,96.3825,96.3825,-0.2026666666666667,,-0.14957142857142858,
GR86-016-055,55,9.0,19.334042324622427,22.41270373102097,89.12272727272725,1.9333333333333333,5.0,290.0,1.474701400683935,2.3025850929940455,0.0,0.0,36.37428307810978,35.23257765938085,2.4695652173913047,100.09727272727272,2.4795197261434216,27.639782608695654,371.92795892151327,-1.787246419324034,35.01664956111365,97.74398,17.617376394146206,60.445,163.765,0.014269358868249702,0.21770739589327817,-0.04663228171801277,0.5906336970306008
GR86-016-055,55,9.521739130434783,0.002339544513461078,,0.002339544513461078,0.0,0.0,0.0,1.5047882836811908,1.5047882836811908,0.0,,100.0004347826087,,100.0004347826087,100.0004347826087,0.39282608695652177,0.39282608695652177,0.39282608695652177,15.769565217391303,,169.00799999999998,,169.00799999999998,169.00799999999998,0.1701304347826087,,0.37495652173913047,
GR86-016-055,55,10.0,14.764650515117333,23.306070626256496,94.3526076555024,1.8018018018018018,5.0,200.0,1.7835271034332563,2.3025850929940455,0.0,0.0,71.69510209639043,38.860173801967434,2.419090909090909,100.14,6.806232156968999,88.2125,755.4917694235589,-1.9688829765603224,39.49225545345981,130.33238288288288,31.21004230590146,62.36800000000001,186.59750000000003,0.015773204991969297,0.36974937045092543,-0.0654532443004983,0.871197714380639
GR86-016-055,55,10.090909090909092,0.0014545454545640268,,0.0014545454545640268,0.0,0.0,0.0,1.4184836619456564,1.4184836619456564,0.0,,99.99954545454544,,99.99954545454544,99.99954545454544,0.0,0.0,0.0,12.654545454545456,,167.19,,167.19,167.19,0.1745909090909091,,0.22709090909090907,
GR86-016-055,55,11.0,15.471972474947957,25.435524273517995,86.85801857585139,1.6964285714285714,5.0,190.0,1.7259752142369413,2.163955656882057,0.0,0.0,72.67493941090582,39.256893458608,2.5081818181818183,100.10782608695652,6.913902357977464,76.75904761904762,774.357064093476,-1.2692975675725537,40.71496273353799,130.1914955357143,31.519894548008047,64.52000000000001,187.1175,0.011413340706489238,0.3877943935535084,-0.06116105979429772,0.8682441972075867
GR86-016-055,55,11.652173913043478,0.0035375494071416824,,0.0035375494071416824,0.0,0.0,0.0,1.2798542258336676,1.2798542258336676,0.0,,100.00217391304349,,100.00217391304349,100.00217391304349,0.0,0.0,0.0,19.460869565217394,,170.466,,170.466,170.466,0.17104347826086957,,0.47665217391304354,
GR86-016-055,55,12.0,14.535811979443558,24.174111632575542,90.50714285714285,1.6216216216216217,5.0,180.0,1.7372440425668543,2.163955656882057,0.0,0.0,72.06240923857972,39.464406378306826,2.499090909090909,100.11714285714285,6.779608471290393,64.19545454545454,752.5365403132337,-2.1841437153222047,40.27914849461411,129.79135135135135,32.08014980082873,62.4,185.85,0.012921693675011753,0.37334783549553696,-0.05938785347355142,0.8607612518871587
GR86-016-055,55,12.043478260869565,0.0013457556935918547,,0.0013457556935918547,0.0,0.0,0.0,1.4184836619456564,1.4184836619456564,0.0,,99.99913043478261,,99.99913043478261,99.99913043478261,0.0,0.0,0.0,12.621739130434783,,167.928,,167.928,167.928,0.1657391304347826,,0.19947826086956522,
GR86-016-055,55,13.0,14.109310462951564,22.859363859325512,90.92120082815737,1.6517857142857142,5.0,185.0,1.7583713806522048,2.3025850929940455,0.0,0.0,72.92937585533745,38.57594520391124,2.477272727272727,100.08909090909091,7.40000414821639,85.37,828.8004646002357,-1.4210873350796533,41.560746155020375,130.6663794642857,31.99385424333004,62.977999999999994,188.978,0.014317761946155623,0.3866058009125008,-0.060003239690665115,0.8680796783504305
GR86-016-055,55,13.954545454545455,0.0022924901185632507,,0.0022924901185632507,0.0,0.0,0.0,1.1935496040981333,1.1935496040981333,0.0,,100.00272727272727,,100.00272727272727,100.00272727272727,0.0,0.0,0.0,25.327272727272728,,171.72750000000002,,171.72750000000002,171.72750000000002,0.16404545454545455,,0.6858636363636363,
GR86-016-055,55,14.0,15.59737883479438,21.160078613944926,77.84090909090911,1.991150442477876,5.0,225.0,1.6966818870444682,2.3025850929940455,0.0,0.0,70.64921085774938,37.11728951160272,2.5185714285714287,100.07727272727271,7.091036278522043,79.1584090909091,801.2870994729908,-1.5005032187368514,41.84471058998284,128.31724336283185,31.942216180656025,63.572,183.378,0.015199750735169217,0.37464129869070595,-0.058310700470380304,0.8515382659070491
GR86-016-055,55,14.863636363636363,0.007012987012984695,,0.007012987012984695,0.0,0.0,0.0,1.1935496040981333,1.1935496040981333,0.0,,99.99727272727273,,99.99727272727273,99.99727272727273,0.0,0.0,0.0,20.85,,171.685,,171.685,171.685,0.16922727272727273,,0.5649545454545455,
GR86-016-055,55,15.0,14.782167259297694,22.66739719405414,88.94152173913042,1.6216216216216217,5.0,180.0,1.7513932889085948,2.163955656882057,0.0,0.0,72.11644852760871,38.67067244637037,2.4886363636363638,100.0608695652174,7.093257379344336,93.61925,787.3515691072213,-1.2579471321004505,42.78781379731524,130.22359009009008,31.717731686220603,63.0675,189.448,0.014884835731746484,0.3779266581370365,-0.06435544551208167,0.8714700207046001
GR86-016-055,55,15.666666666666666,0.003995859213262065,,0.003995859213262065,0.0,0.0,0.0,1.2798542258336676,1.2798542258336676,0.0,,99.99904761904762,,99.99904761904762,99.99904761904762,0.0,0.0,0.0,19.442857142857143,,169.7275,,169.7275,169.7275,0.16471428571428573,,0.4953809523809524,
GR86-016-055,55,16.0,14.839487528307423,23.851627219282317,91.85471861471862,1.6666666666666667,5.0,185.0,1.7825110651559595,2.3025850929940455,0.0,0.0,71.83613079982155,39.131988432588805,2.5,100.05045454545456,6.742164493478432,75.25952380952381,748.380258776106,-0.004236937445983035,41.61194759742595,130.23411261261262,31.444902218489794,62.015,187.584,0.014422357260141615,0.38052931275747964,-0.0668068920919843,0.8716648353629718
GR86-016-055,55,16.36842105263158,0.002080200501254126,,0.002080200501254126,0.0,0.0,0.0,1.4184836619456564,1.4184836619456564,0.0,,100.00684210526316,,100.00684210526316,100.00684210526316,0.0,0.0,0.0,15.331578947368422,,168.19,,168.19,168.19,0.16584210526315787,,0.32942105263157895,
GR86-016-055,55,17.0,15.16906373817129,24.175044237777794,80.05225563909775,1.7117117117117118,5.0,190.0,1.7207264545475816,2.163955656882057,0.0,0.0,72.38246177979445,38.57782772418959,2.497777777777778,100.03727272727274,6.926179812379469,80.98636363636363,768.8059591741211,-1.1520470387175186,39.96794528885994,130.21272072072074,31.80592401508109,61.435,186.542,0.01461744789047421,0.3735045658370596,-0.06656750528017691,0.8701742538936975
GR86-016-055,55,17.05,0.007369565217388185,,0.007369565217388185,0.0,0.0,0.0,1.4184836619456567,1.4184836619456567,0.0,,100.0035,,100.0035,100.0035,0.0,0.0,0.0,13.059999999999999,,166.2875,,166.2875,166.2875,0.15905,,0.22854999999999998,
GR86-016-055,55,18.0,14.55672599067908,23.652922520457995,84.57754010695186,1.7117117117117118,5.0,190.0,1.768648289561002,2.3025850929940455,0.0,0.0,72.06042992059946,38.68992728415334,2.5073684210526315,100.03285714285714,6.713456314700056,70.62863636363636,745.1936509317062,-0.4882631256248157,40.24718148109362,130.70602252252252,31.298811809889077,62.7425,188.7575,0.014572768578698044,0.3740663208976525,-0.06475472811137774,0.8730722792115999
GR86-016-055,55,18.047619047619047,0.006190476190482741,,0.006190476190482741,0.0,0.0,0.0,1.4184836619456564,1.4184836619456564,0.0,,100.0095238095238,,100.0095238095238,100.0095238095238,0.0,0.0,0.0,14.395238095238096,,166.4,,166.4,166.4,0.16633333333333333,,0.31452380952380954,
GR86-016-055,55,19.0,14.008094387755103,22.56109030166275,89.89407322654463,1.6071428571428572,5.0,180.0,1.7043182523729743,2.163955656882057,0.0,0.0,71.76340110209884,38.79383752621824,2.4875,100.04454545454546,6.897708482611632,77.72105263157896,772.5433500525028,-0.6665266510962613,39.971316057880586,130.4931875,31.441792966758868,64.25,188.55,0.01480145892652533,0.37287820200903043,-0.061624987904720874,0.8681598618055804
GR86-016-055,55,19.761904761904763,0.000807453416157955,,0.000807453416157955,0.0,0.0,0.0,1.2798542258336676,1.2798542258336676,0.0,,100.01428571428572,,100.01428571428572,100.01428571428572,0.0,0.0,0.0,19.161904761904765,,170.42000000000002,,170.42000000000002,170.42000000000002,0.15904761904761905,,0.5200952380952382,
GR86-016-055,55,20.0,15.126438936525826,24.953563035810557,90.66333333333333,1.5765765765765767,5.0,175.0,1.7347462148891606,2.163955656882057,0.0,0.0,71.8269792915432,39.03597322157506,2.4964705882352938,100.02652173913044,6.786428257722981,76.94023809523809,753.2935366072509,-1.924598859857475,38.8862943290086,130.01455855855855,31.151579239607415,62.646,186.675,0.01361776793862371,0.3811650078660562,-0.07133056341258825,0.8684585419518097
GR86-016-055,55,20.35,0.0013636363636351234,,0.0013636363636351234,0.0,0.0,0.0,1.4184836619456564,1.4184836619456564,0.0,,100.01,,100.01,100.01,0.0,0.0,0.0,17.345000000000002,,168.374,,168.374,168.374,0.16845,,0.4423,
GR86-016-055,55,21.0,14.219499430661902,24.07730449661311,96.24607142857144,1.6666666666666667,5.0,185.0,1.749711366237347,2.163955656882057,0.0,0.0,71.7644656751517,38.902076326642316,2.5104761904761905,100.04086956521739,7.099660584824773,70.82931818181818,788.0623249155498,-1.4137840184629793,40.154447558213164,130.32111711711713,31.569055114790892,60.803999999999995,186.32,0.013205311246305999,0.3791514007629457,-0.06474129808501863,0.8670509204911635
GR86-016-055,55,21.238095238095237,0.011558441558449317,,0.011558441558449317,0.0,0.0,0.0,1.4184836619456564,1.4184836619456564,0.0,,100.00571428571428,,100.00571428571428,100.00571428571428,0.0,0.0,0.0,14.890476190476189,,167.552,,167.552,167.552,0.16533333333333333,,0.34961904761904766,
GR86-016-055,55,22.0,13.794171901073483,22.49674355832902,94.60954545454545,1.7410714285714286,5.0,195.0,1.7535495724068684,2.163955656882057,0.0,0.0,71.96827669526269,38.81859086370556,2.4947826086956524,100.03772727272727,7.35121989462401,78.3059090909091,823.3366281978891,-0.8100976877565124,40.119150863553756,130.74862053571428,31.742077144494683,59.284000000000006,187.418,0.01462129689620484,0.37804666031906725,-0.06223025359347225,0.8656897735526168
GR86-016-055,55,22.956521739130434,0.00505928853755222,,0.00505928853755222,1.0,1.0,1.0,1.2798542258336676,1.2798542258336676,0.0,,100.01130434782608,,100.01130434782608,100.01130434782608,0.5599999999999999,0.5599999999999999,0.5599999999999999,19.11304347826087,,171.9675,,171.9675,171.9675,0.15691304347826088,,0.5388260869565218,
GR86-016-055,55,23.0,13.795071934882433,22.23857291878611,91.58113871635612,1.69377990430622,5.0,354.0,1.7339754714096052,2.163955656882057,0.0,0.0,70.43845962256383,39.26458212843545,2.4904347826086957,100.04,7.275579816375764,87.13886363636364,1520.5961816225347,5.117391062348353,63.620800985591785,122.61573046251995,39.10608683059934,0.89,189.53199999999998,0.020105116875536917,0.3904082102225621,-0.07351017497523893,0.810629672606276
GR86-016-055,55,23.47826086956522,9.054968944099386,,9.054968944099386,0.0,0.0,0.0,1.504788283681191,1.504788283681191,0.0,,90.37217391304348,,90.37217391304348,90.37217391304348,0.0,0.0,0.0,0.9521739130434782,,163.0475,,163.0475,163.0475,0.16017391304347828,,0.1151304347826087,
GR86-016-055,55,23.652173913043477,0.0004968944099346118,,0.0004968944099346118,0.0,0.0,0.0,1.2798542258336676,1.2798542258336676,0.0,,100.01478260869565,,100.01478260869565,100.01478260869565,0.0,0.0,0.0,17.382608695652173,,169.955,,169.955,169.955,0.1611304347826087,,0.4690869565217391,
GR86-016-055,55,24.0,6.524615055652225,16.011785086056314,91.7325,0.9063444108761329,5.0,300.0,1.4343986121043923,2.163955656882057,0.0,0.0,30.51783164526214,37.22341251421766,2.461818181818182,100.0290909090909,2.669907861532538,80.80181818181819,883.7395021672701,-4.966819778902783,34.535302978192206,88.9939667673716,40.649747151889265,21.8575,187.706,-0.012198949393529748,0.23264225527315596,-0.023152391115950677,0.5831714625577417
GR86-016-055,55,24.333333333333332,0.0028571428571382285,,0.0028571428571382285,0.0,0.0,0.0,1.5047882836811908,1.5047882836811908,0.0,,100.01190476190476,,100.01190476190476,100.01190476190476,0.0,0.0,0.0,7.371428571428572,,168.20749999999998,,168.20749999999998,168.20749999999998,0.1619047619047619,,0.06228571428571429,
GR86-016-055,55,24.818181818181817,0.06164031620553345,,0.06164031620553345,0.0,0.0,0.0,0.0,0.0,0.0,,9.122272727272728,,9.122272727272728,9.122272727272728,0.0,0.0,0.0,-2.709090909090909,,39.65,,39.65,39.65,0.004272727272727273,,0.0026363636363636363,
GR86-016-055,55,25.0,1.0730571561226,4.190007337270504,91.97,0.3478802992518703,5.0,279.0,0.5989380196614954,2.3025850929940455,0.0,0.0,8.216182910150874,4.421519330164444,2.3969565217391304,35.00869565217391,0.37590867342308387,32.76195652173913,301.47875608531325,-0.037756776804905585,40.22799994588733,21.97651662510391,35.4769444431116,0.0,172.198,-0.0039843041328361025,0.06970435732903967,0.014069852305806693,0.21422302626949236
GR86-017-067,67,1.0,18.14751593452144,22.97086652122961,96.73663636363636,1.590717299578059,5.0,377.0,1.5961253677652134,2.3025850929940455,0.0,0.0,44.134680489520754,38.143397491453726,2.4322727272727276,100.07142857142857,4.093937064792846,64.887,970.2630843559045,-4.800068429547268,35.96203787253985,95.42810056258791,28.835067734123445,46.18,166.3375,-0.25412743669259835,0.2724042042840033,0.07682424172543283,0.5713261884571359
GR86-017-067,67,1.0909090909090908,55.225,,55.225,1.0,1.0,1.0,1.5047882836811908,1.5047882836811908,0.0,,2.4754545454545456,,2.4754545454545456,2.4754545454545456,8.726136363636364,8.726136363636364,8.726136363636364,2.1454545454545455,,155.686,,155.686,155.686,0.0575,,-0.015454545454545453,
GR86-017-067,67,2.0,15.79892400863546,20.35869239362245,91.98014492753623,1.738255033557047,5.0,259.0,1.6148699006797504,2.3025850929940455,0.0,0.0,37.45990538624101,37.1495742320884,2.4313636363636366,100.09545454545454,2.983548119883073,34.92880952380953,444.54866986257787,-6.656942355498639,37.87037490254167,98.75365100671141,23.51184138901887,57.9225,148.976,-0.23206792623187275,0.24633770776024347,0.0990128895461441,0.5987985892417365
GR86-017-067,67,2.5238095238095237,0.018571428571448223,,0.018571428571448223,0.0,0.0,0.0,1.2206072645530175,1.2206072645530175,0.0,,100.02142857142856,,100.02142857142856,100.02142857142856,0.0,0.0,0.0,-0.02380952380952383,,140.296,,140.296,140.296,-0.44747619047619047,,0.02580952380952381,
GR86-017-067,67,3.0,16.67681929697196,21.32681134623496,87.15627002288329,1.596638655462185,5.0,190.0,1.7531107500469203,2.163955656882057,0.0,0.0,62.243963351362325,40.184819227552474,2.4833333333333334,100.111,6.229485891693894,109.75500000000001,741.3088211115734,-7.311641562664869,41.6596086207814,122.35729831932773,30.5735195394808,64.464,180.9575,-0.24515285603181014,0.3502863375862473,0.08047394935506967,0.7709570417001927
GR86-017-067,67,3.090909090909091,0.010632411067177827,,0.010632411067177827,0.0,0.0,0.0,1.5571130980576458,1.5571130980576458,0.0,,100.00454545454545,,100.00454545454545,100.00454545454545,0.0,0.0,0.0,4.386363636363637,,164.318,,164.318,164.318,-0.4053181818181818,,-0.0755909090909091,
GR86-017-067,67,4.0,14.374156226559126,23.48304900934831,91.83345652173914,1.2280701754385965,5.0,140.0,1.757383520309185,2.163955656882057,0.0,0.0,66.14972650712237,41.22834739702529,2.3930434782608696,100.06,7.167277683451747,102.47550000000001,817.0696559134992,-7.192872114444801,40.39610289163002,127.83188011695907,31.45155468951676,66.20599999999999,182.24200000000002,-0.24670591261201044,0.3610693406928674,0.08411452706155305,0.8193807355530847
GR86-017-067,67,4.809523809523809,0.002028985507251946,,0.002028985507251946,0.0,0.0,0.0,1.2798542258336674,1.2798542258336674,0.0,,99.99666666666666,,99.99666666666666,99.99666666666666,0.0,0.0,0.0,18.042857142857144,,169.57,,169.57,169.57,-0.3922380952380952,,-0.5018571428571429,
GR86-017-067,67,5.0,15.036654562122656,23.04146042203709,89.12718181818181,1.3274336283185841,5.0,150.0,1.8075444740436064,2.163955656882057,0.0,0.0,66.07938487954176,40.72264143082172,2.4186363636363635,100.03909090909092,6.506996474514664,110.78399999999999,735.2906016201571,-8.392216335674322,42.12381741607055,127.92384513274337,30.43562775989266,64.05999999999999,184.1175,-0.24593326803065824,0.3593137210989971,0.10581397633803165,0.8360000073580406
GR86-017-067,67,5.181818181818182,0.001956521739117534,,0.001956521739117534,0.0,0.0,0.0,1.4708084763221114,1.4708084763221114,0.0,,99.985,,99.985,99.985,0.0,0.0,0.0,7.5636363636363635,,165.676,,165.676,165.676,-0.40295454545454545,,-0.17509090909090907,
GR86-017-067,67,6.0,16.279407772709384,21.90062539177956,88.666581027668,1.3524590163934427,5.0,165.0,1.7259955432894059,2.3025850929940455,0.0,0.0,49.158282919212745,41.151121777606825,2.457,100.0059090909091,3.0840386526901398,39.89909090909091,376.25271562819705,-7.746628944553628,40.851597936167785,119.91785655737705,29.76289469493545,61.153999999999996,182.07999999999998,-0.2374248149111011,0.2629111551339654,0.08293732713764934,0.791220511692281
GR86-017-067,67,6.25,11.377545454545453,,11.377545454545453,0.0,0.0,0.0,1.5047882836811908,1.5047882836811908,0.0,,14.238,,14.238,14.238,0.0,0.0,0.0,1.49,,133.6475,,133.6475,133.6475,-0.1893,,0.010150000000000001,
GR86-017-067,67,7.0,8.616898140649713,12.448935327220884,68.94636363636363,0.9375,5.0,165.0,1.4398451286706655,2.3025850929940455,0.0,0.0,19.856681281547363,23.842167897049908,2.345217391304348,99.86739130434782,1.3894565704351758,24.279722222222222,244.54435639659096,-6.818823913744229,33.823176895405645,83.58361931818182,27.878981601967187,14.705,141.2,-0.24140117756625062,0.18087571014257958,0.06554889077097087,0.4868413939794251
GR86-017-067,67,7.523809523809524,12.961190476190477,,12.961190476190477,0.0,0.0,0.0,0.8979457248567797,0.8979457248567797,0.0,,2.5438095238095237,,2.5438095238095237,2.5438095238095237,0.0,0.0,0.0,4.133333333333334,,118.90599999999999,,118.90599999999999,118.90599999999999,-0.12366666666666666,,-0.042666666666666665,
GR86-017-067,67,8.0,9.793354000313995,15.498450138332027,81.425,0.9457831325301205,5.0,157.0,1.385555140203513,2.3025850929940455,0.0,0.0,22.852942510489918,29.589629648619848,2.432857142857143,99.79,1.0361592960348234,22.157105263157895,172.00244314178067,-6.836795850773098,33.0076441014527,88.24473192771084,21.957460225547255,50.8425,151.48200000000003,-0.23716840771135303,0.1734474735621218,0.08004188423207526,0.5099044246707544
GR86-017-067,67,9.0,12.656801922137673,19.978940835615543,90.16090909090909,1.6095890410958904,5.0,235.0,1.6046466048185124,2.3025850929940455,0.0,0.0,34.84557174979083,35.92325798925036,2.4263636363636363,99.77857142857142,1.8580548496494973,25.72738095238095,271.2760080488266,-7.040937169718053,37.87280189126326,100.61646232876713,24.10138560669,50.94,162.41750000000002,-0.2558697720410703,0.20958393242898246,0.1046910490659099,0.6503764338359675
GR86-017-067,67,9.619047619047619,4.329004329406416e-05,,4.329004329406416e-05,0.0,0.0,0.0,1.4708084763221114,1.4708084763221114,0.0,,99.77095238095238,,99.77095238095238,99.77095238095238,0.0,0.0,0.0,14.971428571428573,,167.612,,167.612,167.612,-0.3924285714285714,,-0.3943809523809524,
GR86-017-067,67,10.0,3.9510289633259985,12.65327545605759,84.08287878787878,0.7608695652173914,5.0,140.0,0.6807012245403731,2.163955656882057,0.0,0.0,14.109874102758386,22.03470826886641,2.2936363636363635,99.78227272727273,4.068632096398449,132.42176470588237,748.6283057373147,7.437507986642708,66.47162893681914,22.515105978260866,46.42450840185025,0.0,181.704,-0.20918380801678943,0.10982240466369882,-0.018210522486325594,0.3733164648787405
GR86-022-013,13,1.0,20.559030398940678,24.249259240806797,94.07099378881988,1.8928571428571428,5.0,477.0,1.6031758026158809,2.3025850929940455,0.0,0.0,39.288704586859055,36.210573735947506,2.4366666666666665,100.21166666666666,3.4403551278453888,75.09238095238095,866.969492217038,-1.507062807968421,36.223693747600734,92.81050398406374,20.57261014028079,46.519999999999996,144.54000000000002,0.010496509063949642,0.2035820335094627,-0.04791023211139775,0.5842011254750877
GR86-022-013,13,1.1363636363636365,0.009199134199135983,,0.009199134199135983,0.0,0.0,0.0,1.0296530140645737,1.0296530140645737,0.0,,99.99681818181817,,99.99681818181817,99.99681818181817,0.0,0.0,0.0,5.668181818181818,,131.3675,,131.3675,131.3675,0.23245454545454544,,-0.04140909090909091,
GR86-022-013,13,2.0,15.190505883937268,24.165630096830796,84.93727272727273,1.7982456140350878,5.0,205.0,1.7232683081633455,2.0253262207700677,0.0,0.0,73.36061716061603,37.98570752276072,2.511875,100.17695652173914,6.503034741617368,90.70318181818182,741.34596054438,-1.570429532673876,39.27670779057766,127.90105263157893,30.443760766426347,62.2225,188.404,0.022431089743570085,0.3727975134304347,-0.08405213320317123,0.8288402337650328
GR86-022-013,13,2.4285714285714284,0.005714285714276457,,0.005714285714276457,0.0,0.0,0.0,1.2798542258336676,1.2798542258336676,0.0,,99.99714285714286,,99.99714285714286,99.99714285714286,0.0,0.0,0.0,17.876190476190477,,168.595,,168.595,168.595,0.15804761904761905,,0.35214285714285715,
GR86-022-013,13,3.0,15.260900208594292,24.89105779225774,89.44823913043479,1.6517857142857142,5.0,185.0,1.7261575739381123,2.163955656882057,0.0,0.0,71.79400886094267,39.35215982850488,2.4663636363636363,100.15650000000001,6.271430342627676,102.96190476190475,702.4001983742997,-1.1983677932180257,39.56574960309689,129.31883482142857,31.722860019362315,62.485,189.38,0.015024311038384567,0.3768591340391628,-0.08379025129637008,0.8509195955137626
GR86-022-013,13,3.3157894736842106,0.004421052631585098,,0.004421052631585098,0.0,0.0,0.0,1.2798542258336676,1.2798542258336676,0.0,,100.00157894736842,,100.00157894736842,100.00157894736842,0.0,0.0,0.0,19.089473684210525,,169.404,,169.404,169.404,0.16926315789473687,,0.41689473684210526,
GR86-022-013,13,4.0,14.444827062823606,22.910087569911415,90.0541876430206,1.4285714285714286,5.0,160.0,1.768053516921278,2.163955656882057,0.0,0.0,72.95250595439467,38.75230924433093,2.4872222222222224,100.10666666666665,6.953303862828027,112.66690476190476,778.770032636739,0.5950297082787592,38.898712240176735,129.91713839285714,31.991418582275312,64.616,187.56199999999998,0.01817546014609297,0.37876390148491546,-0.08079360876846317,0.858042160826642
GR86-022-013,13,4.818181818181818,0.009387351778656239,,0.009387351778656239,0.0,0.0,0.0,1.1935496040981333,1.1935496040981333,0.0,,99.9940909090909,,99.9940909090909,99.9940909090909,0.0,0.0,0.0,19.831818181818182,,171.56,,171.56,171.56,0.1579090909090909,,0.43822727272727274,
GR86-022-013,13,5.0,13.250105423734013,20.459816026265155,86.24345454545454,1.2903225806451613,5.0,160.0,1.6046174866837355,2.3025850929940455,0.0,0.0,42.650863225216874,38.51145395406291,2.462727272727273,100.04142857142857,3.384490962420555,57.4855,419.6768793401488,-0.31904947366184144,38.86816574731503,116.53580510752688,29.896963462236375,54.7275,183.31,-0.001638069422088949,0.2676411415523025,-0.05994332282957809,0.7614409947758412
GR86-022-013,13,5.136363636363637,0.875,,0.875,0.0,0.0,0.0,1.0296530140645737,1.0296530140645737,0.0,,24.264545454545456,,24.264545454545456,24.264545454545456,0.0,0.0,0.0,9.945454545454545,,130.528,,130.528,130.528,0.0765,,0.040863636363636366,
GR86-022-013,13,6.0,6.32279227581076,5.508714423223008,26.778623188405795,1.206896551724138,5.0,210.0,1.4737425897782683,2.163955656882057,0.0,0.0,13.504577935506237,9.521843084828076,2.460909090909091,41.49272727272727,0.8268039778636073,17.677941176470586,143.86389214826767,-0.14911276271230398,33.47803474552594,84.16668773946361,16.5332748523638,38.8125,132.525,-0.0076290137107646325,0.1323746028357005,-0.053453336158634304,0.45680319017344634
GR86-022-013,13,6.095238095238095,1.5972510822510841,,1.5972510822510841,0.0,0.0,0.0,0.6108643020548935,0.6108643020548935,0.0,,17.16952380952381,,17.16952380952381,17.16952380952381,0.0,0.0,0.0,10.404761904761905,,103.41,,103.41,103.41,0.04523809523809524,,0.03480952380952381,
GR86-022-013,13,7.0,1.2699220549175239,4.709722089805952,68.17228260869564,0.38071487946799665,5.0,458.0,0.36294664007470606,2.163955656882057,0.0,0.0,8.605826617509358,6.200480261788676,2.4627777777777777,99.8008695652174,0.5464771047531336,16.946388888888887,657.4119570180197,7.261498373583873,69.7278343696073,13.126245621351126,30.919772777794176,0.0,123.0075,0.0023770667865379725,0.05939640073194736,-0.014253767528033654,0.1784154957253296
GR86-022-013,13,7.590909090909091,1.9969047619047586,,1.9969047619047586,0.0,0.0,0.0,1.6094379124341,1.6094379124341,0.0,,21.865,,21.865,21.865,0.0,0.0,0.0,36.52272727272727,,108.924,,108.924,108.924,0.06836363636363636,,0.4319545454545455,
GR86-022-013,13,8.0,9.544421012159475,13.73323899635409,94.55799498746867,1.2416107382550337,5.0,185.0,1.621700778976421,2.163955656882057,0.0,0.0,26.384220990266492,28.807255575830318,2.4678947368421054,99.86166666666666,1.2734208385948798,38.72342105263158,189.73970495063708,-0.5635135743617046,35.620831070979726,98.5138355704698,18.648303634397568,60.96,166.5275,0.012210927081451276,0.16908757937134977,-0.06723227846132823,0.6032559689418217
GR86-022-013,13,8.904761904761905,0.0018571428571334536,,0.0018571428571334536,0.0,0.0,0.0,1.1935496040981333,1.1935496040981333,0.0,,99.85285714285713,,99.85285714285713,99.85285714285713,0.0,0.0,0.0,23.776190476190475,,172.45,,172.45,172.45,0.1630952380952381,,0.5516666666666667,
GR86-022-013,13,9.0,14.358306179950347,23.287043511656442,88.78526315789475,1.3963963963963963,5.0,155.0,1.7379234156644388,2.163955656882057,0.0,0.0,71.55613270165615,39.25275882486914,2.5016666666666665,99.91142857142856,6.9012708321712894,95.00340909090909,766.0410623710131,-1.4422833484618383,38.78520353938124,130.0606831831832,31.717296516238065,63.2625,187.89,0.014777497634190995,0.3809733648028131,-0.08878463041743935,0.859823739939445
GR86-022-013,13,9.5,0.006225296442678996,,0.006225296442678996,0.0,0.0,0.0,1.2798542258336676,1.2798542258336676,0.0,,99.88318181818181,,99.88318181818181,99.88318181818181,0.0,0.0,0.0,22.727272727272727,,169.7475,,169.7475,169.7475,0.16018181818181818,,0.48486363636363633,
GR86-022-013,13,10.0,14.802953283742244,23.71012442010603,89.38045454545454,1.4732142857142858,5.0,165.0,1.7163168396904058,2.3025850929940455,0.0,0.0,70.93313183319147,39.544992348368176,2.4191304347826086,99.91454545454545,6.037847406732352,83.21272727272728,676.2389095540234,-0.4601235788157579,37.81446850717004,129.91482142857143,31.924699389179004,63.355000000000004,187.9725,0.015574517365194464,0.37069025997078614,-0.08180367229037444,0.8544014389676917
GR86-022-013,13,10.91304347826087,0.003181818181815288,,0.003181818181815288,0.0,0.0,0.0,1.1682824501765625,1.1682824501765625,0.0,,99.88999999999999,,99.88999999999999,99.88999999999999,0.0,0.0,0.0,21.73913043478261,,171.85,,171.85,171.85,0.15643478260869564,,0.5179565217391304,
GR86-022-013,13,11.0,15.242039902364844,24.056312556017637,88.56909090909092,1.5765765765765767,5.0,175.0,1.7932824965398506,2.163955656882057,0.0,0.0,71.90594728888894,38.62016811441996,2.432608695652174,99.9191304347826,6.6678185470029,103.04636363636364,740.1278587173219,-0.016324491375978942,37.888736225157146,129.99561711711712,31.637933370470655,63.63000000000001,189.65,0.0181843260326956,0.3810794358546821,-0.08572264848022858,0.8702399191848075
GR86-022-013,13,11.523809523809524,0.0003258145363389531,,0.0003258145363389531,0.0,0.0,0.0,1.1682824501765625,1.1682824501765625,0.0,,99.87809523809524,,99.87809523809524,99.87809523809524,0.0,0.0,0.0,18.18095238095238,,169.91,,169.91,169.91,0.15514285714285714,,0.3700952380952381,
GR86-022-013,13,12.0,14.955732661515269,26.081089861670282,97.34769230769231,1.5315315315315314,5.0,170.0,1.7137122113412346,2.163955656882057,0.0,0.0,71.95768543126343,39.93312378983582,2.46,99.89434782608696,6.505066688393347,82.41,722.0624024116615,-2.1511262713853907,37.785234665643614,129.8920930930931,32.05313689907828,61.224000000000004,187.93,0.016036255766549212,0.38582414836169776,-0.08366313552369549,0.8647556353781063
GR86-022-013,13,12.238095238095237,0.0028571428571240176,,0.0028571428571240176,0.0,0.0,0.0,1.4184836619456567,1.4184836619456567,0.0,,99.83285714285714,,99.83285714285714,99.83285714285714,0.0,0.0,0.0,14.733333333333334,,168.85,,168.85,168.85,0.17238095238095238,,0.251,
GR86-022-013,13,13.0,14.37180862865568,23.91050884571852,93.4767676767677,1.4732142857142858,5.0,165.0,1.742387650509953,2.3025850929940455,0.0,0.0,73.49355637536635,38.314646632939294,2.4854545454545454,99.85045454545455,8.364164429342225,106.9604347826087,936.7864160863292,-0.6589774491812531,38.15070709809668,129.72135267857144,32.351728716752284,61.47,187.084,0.014810317488326032,0.39948360733647836,-0.07936867507707958,0.8606105176154104
GR86-022-013,13,13.363636363636363,0.0010276679842036174,,0.0010276679842036174,0.0,0.0,0.0,1.4184836619456564,1.4184836619456564,0.0,,99.77636363636363,,99.77636363636363,99.77636363636363,0.0,0.0,0.0,14.6,,169.35,,169.35,169.35,0.16563636363636364,,0.2826818181818182,
GR86-022-013,13,14.0,14.096726230055852,24.354716331635277,94.72136363636362,1.6517857142857142,5.0,185.0,1.7428073129075237,2.163955656882057,0.0,0.0,72.95539895550048,38.8209768098453,2.47,99.79,8.36316819348787,110.12261904761904,936.6748376706413,-1.6015506022029502,35.08466763505376,130.10841517857142,32.227192651512404,62.1925,187.16,0.018006690042704554,0.38992479049147843,-0.08204998282762588,0.8582219122661854
GR86-022-013,13,15.0,14.660194580978844,23.06647036104486,93.22838815789474,1.6964285714285714,5.0,190.0,1.7209325265120332,2.163955656882057,0.0,0.0,74.25568609728646,37.5199386635786,2.505333333333333,99.75136363636365,7.482018248746868,102.3157894736842,837.9860438596492,-1.0691943168424363,36.262034975197324,130.74561160714285,31.78098835099784,64.0825,186.0575,0.021984784090028076,0.3874861395003415,-0.08144674433714527,0.8705246952863537
GR86-022-013,13,16.0,14.092577380495,24.196309009597375,88.19595454545454,1.6666666666666667,5.0,185.0,1.7218667757082744,2.163955656882057,0.0,0.0,73.58080739911847,38.14249019611873,2.4757894736842103,99.73727272727272,7.22427144940636,106.49659090909091,801.894130884106,-0.44096822010942394,36.02246168774111,130.32947747747747,31.895036643894876,63.653999999999996,186.868,0.021937950120047307,0.38530725791883524,-0.08397558943872714,0.8663498662792213
GR86-022-013,13,16.047619047619047,0.002510822510814137,,0.002510822510814137,0.0,0.0,0.0,1.4184836619456564,1.4184836619456564,0.0,,99.69476190476192,,99.69476190476192,99.69476190476192,0.0,0.0,0.0,11.514285714285714,,166.798,,166.798,166.798,0.16152380952380951,,0.1945714285714286,
GR86-022-013,13,17.0,15.59073792058312,25.227700879186163,87.48911255411254,1.7567567567567568,5.0,195.0,1.749667736801397,2.3025850929940455,0.0,0.0,73.78747853024929,37.62822362572733,2.4633333333333334,99.72714285714285,8.113291394681992,103.03595238095238,900.5753448097012,-2.6432208319050425,37.32251729273214,130.78883333333334,32.075538257393525,61.97,186.018,0.01877659826265965,0.39483045757243934,-0.08201875676366187,0.8671882260564417
GR86-022-013,13,17.285714285714285,0.008095238095222612,,0.008095238095222612,0.0,0.0,0.0,1.4184836619456564,1.4184836619456564,0.0,,99.67714285714287,,99.67714285714287,99.67714285714287,0.0,0.0,0.0,14.576190476190478,,168.60250000000002,,168.60250000000002,168.60250000000002,0.17347619047619048,,0.3200952380952381,
GR86-022-013,13,18.0,15.253662984910392,23.57445311238916,80.8781746031746,1.7117117117117118,5.0,190.0,1.7506323409675963,2.3025850929940455,0.0,0.0,72.65334472636519,37.96850083982307,2.4766666666666666,99.72571428571428,7.585515513269518,85.31673913043478,841.9922219729165,-1.8557462586154199,36.88035355429426,130.7806981981982,31.928295897944892,61.25,187.45,0.019921470212417847,0.3881501165350228,-0.08281950201526188,0.8703135209527041
GR86-022-013,13,18.523809523809526,0.004870129870127471,,0.004870129870127471,0.0,0.0,0.0,1.4184836619456564,1.4184836619456564,0.0,,99.68285714285715,,99.68285714285715,99.68285714285715,0.0,0.0,0.0,16.728571428571428,,169.98000000000002,,169.98000000000002,169.98000000000002,0.16938095238095238,,0.3875238095238095,
GR86-022-013,13,19.0,15.344481960503702,24.584959108553704,86.26090909090908,1.6666666666666667,5.0,185.0,1.7060940049405109,2.163955656882057,0.0,0.0,73.55490156065156,38.40411256329215,2.461904761904762,99.71952380952382,7.818018788092158,100.32136363636364,867.8000854782296,-3.3599171538845454,37.42975148526753,130.49223873873873,32.20059267247103,61.8125,188.998,0.018678197962665923,0.389358303623442,-0.08562423137088468,0.8652234711421193
GR86-022-013,13,19.545454545454547,0.00786561264823149,,0.00786561264823149,0.0,0.0,0.0,1.5047882836811908,1.5047882836811908,0.0,,99.6809090909091,,99.6809090909091,99.6809090909091,0.0,0.0,0.0,16.55,,170.53250000000003,,170.53250000000003,170.53250000000003,0.16827272727272727,,0.3768181818181818,
GR86-022-013,13,20.0,16.079280924193025,25.4274620437079,91.83073913043478,1.7567567567567568,5.0,195.0,1.71156105502001,2.163955656882057,0.0,0.0,73.19850710525868,38.39298677013349,2.4593333333333334,99.7178260869565,6.716426215373954,78.41238095238096,745.5233099065089,-2.7598508951268403,36.89498659823037,130.26115765765766,32.022069506257004,61.922000000000004,189.23,0.019199707078418886,0.38305586317191226,-0.08432866576414834,0.8637113862878489
GR86-022-013,13,20.40909090909091,0.00114624505927452,,0.00114624505927452,0.0,0.0,0.0,1.5047882836811908,1.5047882836811908,0.0,,99.66636363636363,,99.66636363636363,99.66636363636363,0.0,0.0,0.0,16.513636363636365,,170.128,,170.128,170.128,0.16645454545454544,,0.3804545454545455,
GR86-022-013,13,21.0,16.076838809332763,24.937261823823285,90.24545454545455,1.6071428571428572,5.0,180.0,1.7801035557345384,2.163955656882057,0.0,0.0,72.17417860921974,38.12395606685575,2.4961904761904763,99.70818181818181,8.01058594965056,101.21522727272728,897.1856263608627,-2.122781334945339,37.406200652783355,129.6330892857143,32.59684298807561,56.339999999999996,187.4025,0.016415712516570643,0.3919583642916938,-0.07957757197943534,0.8561414472886566
GR86-022-013,13,21.727272727272727,0.0005335968379398537,,0.0005335968379398537,0.0,0.0,0.0,1.2798542258336676,1.2798542258336676,0.0,,99.64772727272727,,99.64772727272727,99.64772727272727,0.0,0.0,0.0,17.213636363636365,,168.2225,,168.2225,168.2225,0.14818181818181816,,0.2975909090909091,
GR86-022-013,13,22.0,15.550804873856483,24.847203911400694,84.84430952380953,1.6517857142857142,5.0,185.0,1.7756119152304095,2.3025850929940455,0.0,0.0,73.20779944316764,38.25331449410386,2.4881818181818183,99.68272727272728,8.186443314372417,111.57976190476191,916.8816512097106,-0.6661224515289784,38.782069060245604,129.10213690476192,32.47974619838059,60.05800000000001,189.35500000000002,0.01812521083514884,0.3998896371687463,-0.07815620252894515,0.8529992939829261
GR86-022-013,13,22.608695652173914,0.005256916996046357,,0.005256916996046357,0.0,0.0,0.0,1.1682824501765625,1.1682824501765625,0.0,,99.64434782608696,,99.64434782608696,99.64434782608696,0.0,0.0,0.0,20.230434782608697,,170.8375,,170.8375,170.8375,0.16926086956521738,,0.4380434782608696,
GR86-022-013,13,23.0,15.511720464748096,23.621265320144598,93.23857142857145,1.7401960784313726,5.0,355.0,1.6908946072733226,2.3025850929940455,0.0,0.0,70.58127713888932,38.806265275345794,2.5095,99.6791304347826,7.099421649971098,86.0163043478261,1448.2820165941039,-6.2232455157016,40.451797555378924,126.14012500000001,33.90900949001465,46.36,189.026,0.00808576656028197,0.393693219645069,-0.09736062915683574,0.81946977549267
GR86-022-013,13,23.285714285714285,1.0381780538302223,,1.0381780538302223,0.0,0.0,0.0,0.6108643020548935,0.6108643020548935,0.0,,98.42095238095239,,98.42095238095239,98.42095238095239,0.16214285714285714,0.16214285714285714,0.16214285714285714,-20.776190476190475,,161.0025,,161.0025,161.0025,0.14442857142857143,,0.2681904761904762,
GR86-022-013,13,23.636363636363637,34.05863636363638,,34.05863636363638,0.0,0.0,0.0,1.6957425341696348,1.6957425341696348,0.0,,65.57227272727272,,65.57227272727272,65.57227272727272,0.25522727272727275,0.25522727272727275,0.25522727272727275,12.859090909090908,,170.5725,,170.5725,170.5725,0.0775,,0.12081818181818181,
GR86-022-013,13,24.0,0.8399502337605776,4.035739361502922,93.98530020703934,0.19437245464642725,5.0,525.0,0.25266337212957385,2.3025850929940455,0.0,0.0,13.404624827152297,6.537482825895142,2.4204545454545454,99.44454545454545,0.3027510458439603,51.56,817.7305748245367,0.30488667775563183,24.799031136609734,11.341591296296297,30.569003500558125,0.0,169.064,0.007814187493263361,0.05729840038243586,0.002750939249529281,0.1733075846337911
GR86-022-013,13,24.17391304347826,1.448095238095238,,1.448095238095238,0.0,0.0,0.0,0.5004024235381879,0.5004024235381879,0.0,,7.4,,7.4,7.4,0.0,0.0,0.0,-17.743478260869566,,36.406,,36.406,36.406,-0.036130434782608696,,-0.007391304347826086,
GR86-022-013,13,25.0,0.34335103883661056,1.309980236109629,11.208181818181817,0.1043338683788122,4.0,65.0,0.2802541457041753,2.163955656882057,0.0,0.0,7.683620729860256,2.1398934943930272,2.463913043478261,25.363,0.05038378939087293,7.296304347826087,31.389100790513837,-7.674827455703175,24.98320678882502,4.528863563402889,11.208375701268052,0.0,67.728,0.0026361102164659737,0.031110506613875714,0.001549418530093489,0.051425686520893785
GR86-024-041,41,1.0,12.56143190976139,18.532048664079703,91.92385375494072,1.794486215538847,5.0,716.0,1.132428188868628,2.3025850929940455,0.0,0.0,24.50438566284766,30.538354596999593,2.4690909090909092,100.015,3.6959930539894126,70.66833333333334,1474.7012285417757,-3.101686028027138,40.074720313807994,59.41989898989899,48.69129749202191,0.0,150.962,0.013425106713786971,0.19476052675374816,-0.054429645219522496,0.49490803563515257
GR86-024-041,41,1.6956521739130435,20.8792132505176,,20.8792132505176,1.0,1.0,1.0,1.2275294114572126,1.2275294114572126,0.0,,26.05826086956522,,26.05826086956522,26.05826086956522,0.0,0.0,0.0,-3.8086956521739133,,111.644,,111.644,111.644,0.09691304347826088,,-0.01926086956521739,
GR86-024-041,41,2.0,15.456466101317487,16.217211498312754,78.83378787878789,2.735483870967742,5.0,424.0,1.557760817659061,2.163955656882057,0.0,0.0,29.131420774233693,25.54544618000195,2.4704545454545457,100.02181818181818,3.065351584958188,67.11738095238096,475.1294956685191,-7.921006615463516,36.66824475854721,94.5818064516129,19.040117579287024,52.156000000000006,135.14499999999998,-0.002896148386450146,0.22540546269252532,-0.06137077536313026,0.5911754366097869
GR86-024-041,41,2.6363636363636362,24.14722727272727,,24.14722727272727,1.0,1.0,1.0,0.8979457248567798,0.8979457248567798,0.0,,60.32772727272727,,60.32772727272727,60.32772727272727,0.0,0.0,0.0,2.4272727272727272,,132.9125,,132.9125,132.9125,0.21786363636363637,,0.04172727272727273,
GR86-024-041,41,3.0,18.47484431625489,22.17293286961184,83.00863636363636,1.7565217391304349,5.0,202.0,1.6767159819832491,2.163955656882057,0.0,0.0,68.2886038779282,36.90302125092936,2.5073684210526315,100.0608695652174,6.210721048604499,67.07318181818182,714.2329205895173,-9.072619428791949,41.35100938702222,126.41599130434783,29.58990438640204,64.46000000000001,184.566,0.014742978570114926,0.3569150683548122,-0.07740549536971833,0.8170694112533892
GR86-024-041,41,4.0,15.521818917564529,21.415864515565243,89.43380952380951,1.4601769911504425,5.0,165.0,1.7399607435443591,2.3025850929940455,0.0,0.0,67.17740428440602,38.31002508393293,2.4836842105263157,100.04,6.286692434598628,69.37545454545455,710.396245109645,-9.804903052897322,41.33646447262131,128.71179203539825,30.974900953644077,63.945,185.525,0.01019963182584231,0.361852649120324,-0.0859994559720041,0.8560436460758896
GR86-024-041,41,4.043478260869565,0.0040118577075247686,,0.0040118577075247686,0.0,0.0,0.0,1.4184836619456564,1.4184836619456564,0.0,,99.99826086956521,,99.99826086956521,99.99826086956521,0.0,0.0,0.0,4.530434782608696,,165.88400000000001,,165.88400000000001,165.88400000000001,0.1623913043478261,,0.12243478260869564,
GR86-024-041,41,5.0,14.46710800168614,21.129526222337823,86.11635610766045,1.2232142857142858,5.0,137.0,1.76330062641458,2.163955656882057,0.0,0.0,69.2449429841722,38.4454105374058,2.462727272727273,100.03173913043479,6.4062526528462955,107.2805,717.500297118785,-10.160265543626437,42.86225922114511,129.66369642857143,31.410353439157287,63.214,186.7225,0.009410612262552897,0.36086584846495606,-0.07527470968147677,0.8553291721505281
GR86-024-041,41,5.571428571428571,0.0043064182194711975,,0.0043064182194711975,0.0,0.0,0.0,1.1935496040981333,1.1935496040981333,0.0,,100.01047619047618,,100.01047619047618,100.01047619047618,0.0,0.0,0.0,7.1952380952380945,,168.5675,,168.5675,168.5675,0.15723809523809523,,0.19942857142857143,
GR86-024-041,41,6.0,1.9169391246884209,7.400834708187311,68.32020202020202,0.6231454005934718,5.0,210.0,0.4849228141594595,2.3025850929940455,0.0,0.0,21.175318037222816,14.251691520371018,2.553888888888889,100.01285714285714,8.586303356175964,119.06605263157896,2893.5842310313,21.80805939473959,88.39691690027038,9.579384272997032,33.23528797464226,0.0,182.7175,-0.04898826504498875,0.1002068022140814,0.07984285021864068,0.24684808784581197
GR86-024-041,41,7.0,0.27799925161373706,1.0396004212381198,14.061082251082249,0.30200729927007297,5.0,331.0,0.29023166857858074,2.163955656882057,0.0,0.0,6.809412578061252,1.8870787256026376,2.5243478260869563,19.01695652173913,0.4767184211542452,16.56975,522.4833895850527,-18.6067923489788,45.450178717130946,1.9193328754578756,4.6719540949485845,0.0,22.6525,0.0038572381766489882,0.027266554746772646,0.0013109955229347596,0.026850617802016096
GR86-025-047,47,1.0,14.921049314089089,21.973911962040233,88.99832015810277,1.6820652173913044,5.0,619.0,1.2516288654846122,2.3025850929940455,0.0,0.0,29.82303899482702,34.69277034310276,2.4534782608695656,100.175,2.643805111212303,48.514736842105265,970.2764758149151,-7.499490106940996,46.34791513978395,67.24764594843462,45.93294842977032,0.0,151.9725,0.022294335989332382,0.20426360912194422,-0.043509215205239274,0.5480866304796158
GR86-025-047,47,1.2608695652173914,0.16847826086956275,,0.16847826086956275,3.0,3.0,3.0,1.5047882836811908,1.5047882836811908,0.0,,100.00652173913043,,100.00652173913043,100.00652173913043,0.0,0.0,0.0,-22.430434782608696,,115.53800000000001,,115.53800000000001,115.53800000000001,0.26621739130434785,,-0.5096521739130434,
GR86-025-047,47,2.0,15.926305660052977,18.941009468334055,91.36292207792208,2.8051948051948052,5.0,432.0,1.4365887422851142,2.3025850929940455,0.0,0.0,32.037792247165015,30.89632579110659,2.429130434782609,100.2447619047619,3.144085898219993,51.82000000000001,484.18922832587896,-7.334528575054407,37.68406820787181,95.42495887445887,20.048985133316098,52.557500000000005,136.06199999999998,0.005564759153167982,0.21924940877504254,-0.049687555515930806,0.5822746345117584
GR86-025-047,47,2.4782608695652173,0.01913043478261045,,0.01913043478261045,1.0,1.0,1.0,1.1682824501765625,1.1682824501765625,0.0,,100.00391304347826,,100.00391304347826,100.00391304347826,0.0,0.0,0.0,-0.11304347826086956,,134.03,,134.03,134.03,0.14156521739130437,,-0.005999999999999999,
GR86-025-047,47,3.0,14.137611153741588,20.768395262643008,81.9686956521739,1.6666666666666667,5.0,195.0,1.7373410781837357,2.3025850929940455,0.0,0.0,70.32324343496998,36.3658259445699,2.6065,100.2309090909091,7.288226202647255,98.44309523809522,852.7224657097289,-8.56532008080063,45.24228133039364,125.8005,30.525720763822463,64.7275,186.678,0.027466092395611843,0.36678097045320035,-0.0709958996296525,0.7957844200901569
GR86-025-047,47,3.9545454545454546,0.0013636363636209126,,0.0013636363636209126,0.0,0.0,0.0,1.2206072645530175,1.2206072645530175,0.0,,100.00227272727274,,100.00227272727274,100.00227272727274,0.0,0.0,0.0,11.159090909090908,,171.18400000000003,,171.18400000000003,171.18400000000003,0.17077272727272727,,0.35054545454545455,
GR86-025-047,47,4.0,14.26005594481569,20.835853303360178,88.8231422924901,1.4285714285714286,5.0,160.0,1.8214519029298117,2.163955656882057,0.0,0.0,69.82582564663234,38.161127797611336,2.472272727272727,100.18545454545455,6.601373733717883,79.48613636363638,739.3538581764028,-7.508741635683293,44.63403428993786,128.9222425595238,31.275668292397526,64.124,189.3775,0.019674366132929492,0.36715206913813275,-0.0743375305997295,0.8523506619732287
GR86-025-047,47,4.473684210526316,0.002700228832964058,,0.002700228832964058,0.0,0.0,0.0,1.4708084763221114,1.4708084763221114,0.0,,100.00052631578947,,100.00052631578947,100.00052631578947,0.0,0.0,0.0,8.205263157894738,,171.01999999999998,,171.01999999999998,171.01999999999998,0.1853157894736842,,0.3092105263157895,
GR86-025-047,47,5.0,8.798328638913853,18.149186036577735,90.79818181818182,1.5638297872340425,5.0,294.0,1.5018086393066112,2.3025850929940455,0.0,0.0,43.792176798297405,43.162096072042914,2.507727272727273,100.21952380952382,5.1373583341114255,99.01863636363636,965.823366812948,-15.698450649737593,51.30415026288547,83.8187679558011,63.97582411857951,0.0,188.064,0.011858887580226752,0.28963740848051495,-0.04673088047375049,0.6623113257953599
GR86-025-047,47,5.869565217391305,0.0009109730848848585,,0.0009109730848848585,0.0,0.0,0.0,1.1682824501765625,1.1682824501765625,0.0,,99.9995652173913,,99.9995652173913,99.9995652173913,0.0,0.0,0.0,11.204347826086956,,173.154,,173.154,173.154,0.1806086956521739,,0.31317391304347825,
GR86-025-047,47,6.0,15.614460606364181,20.935006645574077,84.81854066985646,1.717741935483871,5.0,213.0,1.6898263075274627,2.3025850929940455,0.0,0.0,41.17299987257766,37.4867885560073,2.4545454545454546,100.20454545454545,3.914248048860357,67.8171052631579,485.36675805868424,-7.643693509161786,43.11874370897647,117.32363575268816,28.04606552147798,63.17,183.435,0.00010104341722596192,0.26049228589662277,-0.05864642383802807,0.7830498788991253
GR86-025-047,47,6.913043478260869,14.56391304347826,,14.56391304347826,3.0,3.0,3.0,0.8979457248567798,0.8979457248567798,0.0,,21.96608695652174,,21.96608695652174,21.96608695652174,0.0,0.0,0.0,4.469565217391304,,114.48,,114.48,114.48,0.09165217391304348,,0.11234782608695652,
GR86-025-047,47,7.0,8.179914105100886,12.22934685627762,90.25233201581028,1.28,5.0,224.0,1.3892529465984464,2.3025850929940455,0.0,0.0,17.290037577870898,16.315172250974538,2.4385714285714286,100.13181818181819,1.350345894149075,41.67804347826087,236.3105314760881,-7.1558229688657935,34.95130889413925,83.86273714285714,19.992632170665864,30.086000000000002,132.1225,0.0032174504056112427,0.16351141055531712,-0.04470384776830086,0.4839537570615823
GR86-025-047,47,7.782608695652174,1.2303557312252913,,1.2303557312252913,0.0,0.0,0.0,1.1682824501765625,1.1682824501765625,0.0,,30.002173913043475,,30.002173913043475,30.002173913043475,0.0,0.0,0.0,-2.3130434782608695,,110.985,,110.985,110.985,0.1643913043478261,,-0.016217391304347826,
GR86-025-047,47,8.0,7.951772646471649,11.087226114425755,87.39102766798419,0.9939759036144579,5.0,165.0,1.4775158117535128,2.163955656882057,0.0,0.0,18.622037850791138,18.368662392865996,2.4433333333333334,100.13347826086957,1.5878216074348213,38.67565217391304,263.5783868341803,-6.8450486616406,35.77423804773382,88.41374698795181,17.66592017208574,51.160000000000004,138.67000000000002,-0.0019697394669643603,0.16998766621357456,-0.05612545506000064,0.5319224197813297
GR86-025-047,47,8.590909090909092,7.756818181818179,,7.756818181818179,0.0,0.0,0.0,0.6108643020548935,0.6108643020548935,0.0,,19.76681818181818,,19.76681818181818,19.76681818181818,0.0,0.0,0.0,0.3409090909090909,,100.2075,,100.2075,100.2075,0.0944090909090909,,0.0076363636363636364,
GR86-025-047,47,9.0,12.659447844567122,17.398662679419143,91.62173913043478,1.5753424657534247,5.0,230.0,1.4896770874681853,2.163955656882057,0.0,0.0,32.77434665854816,33.593296570763286,2.4669565217391307,100.14545454545456,2.0244482742775234,38.38522727272727,295.5694480445184,-6.846247871721078,37.12306935128803,100.18069406392694,19.882369682287685,62.417500000000004,166.585,0.019742164830052557,0.2065300812716057,-0.06438047519936842,0.6296668413692755
GR86-025-047,47,9.91304347826087,0.0030434782608779187,,0.0030434782608779187,0.0,0.0,0.0,1.1682824501765625,1.1682824501765625,0.0,,100.00478260869566,,100.00478260869566,100.00478260869566,0.0,0.0,0.0,13.908695652173913,,171.38600000000002,,171.38600000000002,171.38600000000002,0.16282608695652173,,0.4820434782608696,
GR86-025-047,47,10.0,13.744725598756764,21.70335817993026,93.93168181818183,1.4601769911504425,5.0,165.0,1.7409133860966517,2.163955656882057,0.0,0.0,68.47558800837484,39.513934500912754,2.517272727272727,100.16434782608697,5.935276175985103,66.45369565217392,670.6862078863167,-5.879609031132128,38.33702901319914,128.56163274336282,31.115692539239852,64.628,188.71,0.026136270811098233,0.3510180892947167,-0.07590382292831085,0.8507070939591659
GR86-025-047,47,10.476190476190476,23.1513043478261,,23.1513043478261,0.0,0.0,0.0,1.6957425341696346,1.6957425341696346,0.0,,76.85,,76.85,76.85,0.2528571428571429,0.2528571428571429,0.2528571428571429,-2.3333333333333335,,168.9325,,168.9325,168.9325,0.12566666666666668,,-0.10319047619047618,
GR86-025-047,47,11.0,16.288519793046575,22.342853761042697,88.18217391304348,1.8141592920353982,5.0,205.0,1.7753523128125543,2.163955656882057,0.0,0.0,71.00976799405792,37.107218712740575,2.486521739130435,100.16956521739131,6.9612015027424805,58.432500000000005,786.6157698099003,-6.17741555536912,42.03304797939659,128.11985840707965,31.080001548959807,62.57000000000001,186.10399999999998,0.017702530597191495,0.36939027620570175,-0.07172725310775978,0.8340974239396678
GR86-025-047,47,11.5,0.0004545454545308303,,0.0004545454545308303,0.0,0.0,0.0,1.5047882836811908,1.5047882836811908,0.0,,100.00090909090909,,100.00090909090909,100.00090909090909,0.0,0.0,0.0,7.095454545454545,,170.8675,,170.8675,170.8675,0.1761818181818182,,0.2595454545454545,
GR86-025-047,47,12.0,12.750167060133517,20.763807456814003,78.93954545454547,1.6228070175438596,5.0,185.0,1.7699502829018094,2.163955656882057,0.0,0.0,72.01786631267105,37.356969462242716,2.858695652173913,100.18217391304348,7.822512444649173,70.79545454545455,891.7664186900057,-8.601325035684003,41.010671515838695,127.82851754385966,32.19763971272562,63.82000000000001,187.835,0.0171411811808837,0.37806300741931276,-0.0631229883442397,0.8373116768757013
GR86-025-047,47,12.818181818181818,3.95256917045117e-05,,3.95256917045117e-05,0.0,0.0,0.0,1.2206072645530173,1.2206072645530173,0.0,,99.99909090909091,,99.99909090909091,99.99909090909091,0.0,0.0,0.0,11.513636363636364,,171.0525,,171.0525,171.0525,0.1745,,0.3811818181818181,
GR86-025-047,47,13.0,14.574250015076522,23.881591154792293,93.15088744588746,1.7105263157894737,5.0,195.0,1.7532449244411643,2.3025850929940455,0.0,0.0,69.07562748634467,38.67835131062391,2.674545454545455,100.15727272727273,7.01995070530758,68.4355,800.2743804050641,-5.665762502782856,42.21978258275528,127.94603947368421,31.81424924840407,65.22,186.232,0.02048477942394298,0.37568036707608593,-0.0694126519100956,0.8387359934746398
GR86-025-047,47,14.0,13.814185064935065,23.33278954022472,91.87899209486167,1.3839285714285714,5.0,155.0,1.7719789966418558,2.163955656882057,0.0,0.0,70.85493234922428,38.35985887468629,2.5318181818181817,100.14217391304348,6.790850559443145,74.24978260869565,760.5752626576323,-9.607104247331344,43.182212026110484,130.03968749999999,31.338811903142776,63.2975,186.66199999999998,0.02053565832459466,0.3761927826291569,-0.07402984416592724,0.8601790155466991
GR86-025-047,47,14.304347826086957,0.002114624505907159,,0.002114624505907159,0.0,0.0,0.0,1.1935496040981333,1.1935496040981333,0.0,,100.00347826086956,,100.00347826086956,100.00347826086956,0.0,0.0,0.0,6.878260869565218,,169.1525,,169.1525,169.1525,0.1778695652173913,,0.2283913043478261,
GR86-025-047,47,15.0,13.007095172097339,20.9020648119419,78.38530303030304,1.25,5.0,140.0,1.7602401240227923,2.163955656882057,0.0,0.0,68.35719567693158,38.248453280066826,2.6495238095238096,100.1547619047619,6.11154877860235,66.59631578947368,684.4934632034632,-5.691162627652476,42.79749179166704,130.18989732142856,31.110569822068147,67.994,185.64600000000002,0.019144534444212467,0.35590173849344947,-0.07342736894112753,0.8694278080497259
GR86-025-047,47,15.565217391304348,0.006956521739141408,,0.006956521739141408,0.0,0.0,0.0,1.2798542258336674,1.2798542258336674,0.0,,100.00304347826088,,100.00304347826088,100.00304347826088,0.0,0.0,0.0,9.521739130434783,,169.61200000000002,,169.61200000000002,169.61200000000002,0.17326086956521738,,0.3894782608695652,
GR86-025-047,47,16.0,13.602397490262627,21.831397300260193,92.88832015810277,1.3727272727272728,5.0,151.0,1.769377349200215,2.3025850929940455,0.0,0.0,69.11805848708188,39.166110558569095,2.480909090909091,100.11272727272727,5.981624899542244,60.02613636363637,657.9787389496469,-7.957699673185839,40.48610030622227,129.86571363636364,31.08785958682552,65.55,186.374,0.019299839618809867,0.3625101348604718,-0.09019340747665067,0.8553960073296518
GR86-025-047,47,16.043478260869566,0.0007312252964339905,,0.0007312252964339905,0.0,0.0,0.0,1.4184836619456567,1.4184836619456567,0.0,,100.00391304347826,,100.00391304347826,100.00391304347826,0.0,0.0,0.0,3.2086956521739127,,168.115,,168.115,168.115,0.17321739130434782,,0.10743478260869566,
GR86-025-047,47,17.0,15.21936823344871,21.106315254079835,89.25324110671937,1.3274336283185841,5.0,150.0,1.7239136926010974,2.163955656882057,0.0,0.0,67.7763059992666,38.10240536350828,2.5156521739130433,100.12217391304348,6.282092829992887,76.43260869565218,709.8764897891963,-5.890653088263,43.538080666198006,129.81927433628317,31.253629261397602,65.945,187.3125,0.026605722458758033,0.36432751579153305,-0.0659201465046365,0.8587080728159306
GR86-025-047,47,17.818181818181817,0.005316205533617335,,0.005316205533617335,0.0,0.0,0.0,0.9433483923290393,0.9433483923290393,0.0,,99.99772727272726,,99.99772727272726,99.99772727272726,0.0,0.0,0.0,13.450000000000001,,171.892,,171.892,171.892,0.1835,,0.4946818181818182,
GR86-025-047,47,18.0,15.754429660574257,22.72151715546161,89.0605138339921,1.2702702702702702,5.0,141.0,1.741787737061076,2.163955656882057,0.0,0.0,69.71778360585387,38.620548357524406,2.4808695652173913,100.12227272727273,6.23167417950656,71.78928571428571,691.7158339252281,-8.02928464087032,40.78882585339378,129.6761141141141,31.51264319737142,64.245,187.36599999999999,0.018705236796164246,0.3692688799610009,-0.06986816939546109,0.8549074853414838
GR86-025-047,47,18.82608695652174,0.0,,0.0,0.0,0.0,0.0,1.2206072645530173,1.2206072645530173,0.0,,100.00173913043479,,100.00173913043479,100.00173913043479,0.0,0.0,0.0,13.5,,172.9275,,172.9275,172.9275,0.17756521739130432,,0.4253913043478261,
GR86-025-047,47,19.0,14.700515639360482,21.474077573272993,73.84096837944665,1.452991452991453,5.0,170.0,1.8577410406210357,2.3025850929940455,0.0,0.0,67.98490169888686,38.03882629717597,2.4640909090909093,100.11863636363637,8.132874932635803,119.72760869565218,951.5463671183888,-8.507055474681165,53.89239031413013,123.90961965811965,37.397518909707614,25.655,189.234,0.013359732528924773,0.3825952177454323,-0.07346031925665455,0.8045816687280911
GR86-025-047,47,19.73913043478261,0.000454545454559252,,0.000454545454559252,0.0,0.0,0.0,1.2206072645530175,1.2206072645530175,0.0,,100.0,,100.0,100.0,0.0,0.0,0.0,9.060869565217391,,168.53,,168.53,168.53,0.16991304347826086,,0.37582608695652175,
GR86-025-047,47,20.0,11.771852234010586,21.204607255479285,89.31119565217391,1.3571428571428572,5.0,190.0,1.599048295186787,2.1972245773362196,0.0,0.0,48.12875093012033,41.07897973506104,2.484545454545455,100.09130434782608,4.441553427458634,56.80775,621.8174798442087,-8.168191365270886,42.65042625393801,105.57211428571428,43.58506508477048,46.964,183.7875,-0.011153731057362962,0.2949099611375828,-0.04802048554356906,0.7254121870859347
GR86-025-047,47,20.59090909090909,2.3090909090909078,,2.3090909090909078,1.0,1.0,1.0,0.6730116670092565,0.6730116670092565,0.0,,7.065,,7.065,7.065,0.8386363636363637,0.8386363636363637,0.8386363636363637,-1.6090909090909093,,48.738,,48.738,48.738,-0.028272727272727272,,-0.010090909090909091,
GR86-025-047,47,21.0,15.042469054454317,20.052662543051763,80.29310276679843,1.392,5.0,174.0,1.6568628243137802,2.3025850929940455,0.0,0.0,65.30865921748804,38.164962866226716,2.4913636363636367,100.09727272727272,4.634950159665614,59.68295454545455,579.3687699582017,-8.857027887668487,38.69091809034829,116.40166400000001,33.40902172823692,42.745000000000005,185.01399999999998,0.05304065058391154,0.340253850748204,-0.09694251078661546,0.7698549578280303
GR86-025-047,47,21.545454545454547,0.0013636363636493343,,0.0013636363636493343,0.0,0.0,0.0,1.2206072645530175,1.2206072645530175,0.0,,100.00045454545456,,100.00045454545456,100.00045454545456,0.0,0.0,0.0,8.722727272727273,,166.935,,166.935,166.935,0.17286363636363636,,0.36154545454545456,
GR86-025-047,47,22.0,13.975556757528759,21.7194998946176,82.75869565217391,1.2831858407079646,5.0,145.0,1.6571305609355906,2.0253262207700677,0.0,0.0,69.78120475084702,38.70550700494719,2.4918181818181817,100.09500000000001,5.820800907441923,57.68928571428571,657.7505025409373,-4.982392511489421,36.60116144079051,128.9086946902655,30.64850483990333,66.78999999999999,184.948,0.021383298607140916,0.36993223553675536,-0.07398348244751048,0.8497363315563057
GR86-025-047,47,22.695652173913043,0.002233201581034905,,0.002233201581034905,0.0,0.0,0.0,1.0888999753452238,1.0888999753452238,0.0,,99.99913043478261,,99.99913043478261,99.99913043478261,0.0,0.0,0.0,8.969565217391304,,169.15,,169.15,169.15,0.16569565217391305,,0.38221739130434784,
GR86-025-047,47,23.0,14.949482810969224,23.31238879806353,92.25374741200828,1.4593301435406698,5.0,305.0,1.6699390632950826,2.163955656882057,0.0,0.0,70.90780282482467,38.51176000439554,2.458695652173913,100.11954545454546,6.007352762820934,79.71318181818182,1255.5367274295752,-3.8368449052623173,36.14970836707515,127.15665550239235,31.378570712894437,58.415,185.442,0.023085665388918455,0.3697133333270107,-0.09320551654993874,0.8386272762625904
GR86-025-047,47,23.045454545454547,0.005849802371542978,,0.005849802371542978,0.0,0.0,0.0,1.3592367006650063,1.3592367006650063,0.0,,100.00454545454545,,100.00454545454545,100.00454545454545,0.0,0.0,0.0,2.672727272727273,,165.8225,,165.8225,165.8225,0.17563636363636362,,0.1025909090909091,
GR86-025-047,47,23.272727272727273,1.0590909090909122,,1.0590909090909122,0.0,0.0,0.0,1.1682824501765625,1.1682824501765625,0.0,,98.77045454545454,,98.77045454545454,98.77045454545454,0.0,0.0,0.0,6.959090909090909,,167.2,,167.2,167.2,0.16227272727272726,,0.15604545454545454,
GR86-025-047,47,24.0,8.49408496341658,16.317963770517526,92.7827536231884,1.3758389261744965,5.0,410.0,1.5194094041378992,2.163955656882057,0.0,0.0,36.40815648981098,37.59617379820784,2.4259090909090912,100.11181818181818,3.743487798340543,74.67772727272728,1115.5593639054819,-3.5390904658183846,32.83812992734888,98.92207326621924,41.94376885637762,5.904000000000001,184.174,-0.0073434067950335835,0.2659237343173348,-0.036612636866987,0.6527759176989443
GR86-025-047,47,24.304347826086957,0.9516205533596827,,0.9516205533596827,0.0,0.0,0.0,0.3250829733914482,0.3250829733914482,0.0,,8.444347826086956,,8.444347826086956,8.444347826086956,0.0,0.0,0.0,2.091304347826087,,33.268,,33.268,33.268,0.006695652173913041,,-0.006565217391304347,
GR86-025-047,47,24.40909090909091,0.0005138339920875978,,0.0005138339920875978,0.0,0.0,0.0,1.4184836619456564,1.4184836619456564,0.0,,100.00181818181818,,100.00181818181818,100.00181818181818,0.0,0.0,0.0,7.3500000000000005,,167.285,,167.285,167.285,0.17631818181818182,,0.3234090909090909,
GR86-025-047,47,25.0,2.2832242413274413,8.678244345668002,90.6715789473684,0.4287515762925599,5.0,340.0,0.5026654491274029,2.3025850929940455,0.0,0.0,11.881895871038218,18.092004938083058,2.4395454545454545,100.1182608695652,0.8176941678352659,41.102954545454544,648.4314750933659,-228.8911277550275,173.08811315054507,22.270262295081967,41.77579703819029,0.0,177.274,0.0030185476376045467,0.10505844795504671,0.0012113130389136693,0.29349359304588774
GR86-025-047,47,25.227272727272727,0.1268774703557316,,0.1268774703557316,0.0,0.0,0.0,0.6108643020548935,0.6108643020548935,0.0,,8.148181818181818,,8.148181818181818,8.148181818181818,0.0,0.0,0.0,-0.41363636363636364,,35.29,,35.29,35.29,0.015545454545454546,,-0.007454545454545455,
GR86-025-047,47,26.0,2.1137912881182865,7.133961493098763,68.1513043478261,0.8383233532934131,5.0,140.0,1.0413336703374685,2.0253262207700677,0.0,0.0,5.97364560916504,7.842673334736843,2.466086956521739,92.0213043478261,0.45727980515535843,12.488095238095237,76.36572746094485,-4.21379286717658,59.392729088916234,17.1979578313253,15.214137879797331,0.0,74.14000000000001,-0.011624811330116966,0.0700785138798218,0.009448986834201074,0.11252622106404987
GR86-026-072,72,1.0,19.31764186039354,25.33237070700888,92.77782608695651,2.2103896103896106,5.0,851.0,1.2907556448606499,2.3025850929940455,0.0,0.0,33.037195641885695,35.48827216544116,2.4695238095238095,100.18818181818182,7.987128967468877,48.65068181818182,3075.0446524755175,-7.516527087522998,44.37574306829163,64.09796701846966,45.53697130704187,0.0,143.54250000000002,0.01036728958319192,0.21405986029344717,-0.055717658431263056,0.48694873513841774
GR86-026-072,72,1.7272727272727273,0.0004545454545308303,,0.0004545454545308303,1.0,1.0,1.0,1.3592367006650066,1.3592367006650066,0.0,,100.00227272727274,,100.00227272727274,100.00227272727274,0.0,0.0,0.0,16.004545454545454,,129.778,,129.778,129.778,0.2340909090909091,,0.47554545454545455,
GR86-026-072,72,2.0,25.57514669043378,26.601789968072282,93.774209486166,3.132911392405063,5.0,495.0,1.5717914877838428,2.163955656882057,0.0,0.0,41.88526053892786,35.28804424040805,2.447391304347826,100.17636363636365,4.588282487209401,48.81217391304348,724.9486329790855,-8.418136837115552,36.31411568788083,92.03655063291139,17.968743377440145,50.9375,139.184,-0.00312792635316571,0.25006397622910886,-0.053714077110567846,0.536536341999325
GR86-026-072,72,2.238095238095238,0.007329192546592367,,0.007329192546592367,0.0,0.0,0.0,1.0888999753452235,1.0888999753452235,0.0,,100.00428571428571,,100.00428571428571,100.00428571428571,0.0,0.0,0.0,1.0238095238095237,,130.56199999999998,,130.56199999999998,130.56199999999998,0.23076190476190478,,0.028095238095238093,
GR86-026-072,72,3.0,13.670385751656452,22.385875059104826,85.39185770750989,1.6521739130434783,5.0,190.0,1.7857661885489364,2.163955656882057,0.0,0.0,70.16147169628005,38.61866879287236,2.4795652173913045,100.20454545454545,6.3784232207943035,86.76565217391304,733.5186703913449,-9.60339837734945,41.652804601628645,126.86679565217392,31.011065793993065,61.153999999999996,186.428,0.013770607355504498,0.36502551756499774,-0.07785214294940636,0.8300140616001872
GR86-026-072,72,3.4347826086956523,0.002233201581034905,,0.002233201581034905,0.0,0.0,0.0,1.4184836619456564,1.4184836619456564,0.0,,99.99913043478261,,99.99913043478261,99.99913043478261,0.0,0.0,0.0,10.373913043478263,,170.27800000000002,,170.27800000000002,170.27800000000002,0.1652608695652174,,0.23721739130434785,
GR86-026-072,72,4.0,17.45149183270146,25.529247603587812,96.99545454545454,1.3839285714285714,5.0,155.0,1.7625116700227712,2.163955656882057,0.0,0.0,70.37926495489499,39.04262836268997,2.4773913043478264,100.25136363636365,7.001847700048399,101.74282608695653,784.2069424054207,-9.42562076510446,42.756819267764065,129.85107589285715,32.033773532557476,63.8575,189.99,0.00936675035626899,0.37854685942148164,-0.07801914105563172,0.8746017229511674
GR86-026-072,72,4.666666666666667,0.007229437229440805,,0.007229437229440805,0.0,0.0,0.0,1.0888999753452235,1.0888999753452235,0.0,,100.00904761904762,,100.00904761904762,100.00904761904762,0.0,0.0,0.0,15.585714285714285,,172.1175,,172.1175,172.1175,0.16395238095238096,,0.5109047619047619,
GR86-026-072,72,5.0,16.593026921434515,24.41732680627194,91.87771739130436,1.4414414414414414,5.0,160.0,1.7598518165921213,2.0253262207700677,0.0,0.0,69.79816487173568,39.390942474689076,2.4713636363636367,100.21409090909091,6.314869324434541,71.7695652173913,700.9504950122341,-9.450646657210799,42.4116570076021,129.80583783783783,31.733925021694922,63.9275,189.10999999999999,0.008809158490084588,0.3793267169661021,-0.08560647956564635,0.8734218362236821
GR86-026-072,72,5.130434782608695,0.0008498023715333147,,0.0008498023715333147,0.0,0.0,0.0,1.2798542258336676,1.2798542258336676,0.0,,100.00130434782609,,100.00130434782609,100.00130434782609,0.0,0.0,0.0,6.191304347826088,,167.76250000000002,,167.76250000000002,167.76250000000002,0.1740869565217391,,0.10013043478260869,
GR86-026-072,72,6.0,1.1365725357232885,6.738121691667503,85.02853754940713,0.23632501327668615,5.0,445.0,0.23762052695113148,2.3025850929940455,0.0,0.0,9.504630140310857,12.602813122397093,2.4833333333333334,100.24181818181819,0.7840671773731599,67.67272727272727,1476.39849499366,-5.875637033800639,32.10095626149866,8.62642962371317,30.07798553536303,0.0,184.535,0.010251401013980498,0.07035418700255278,0.003165102543915322,0.19967445560870484
GR86-026-072,72,6.043478260869565,14.92403162055336,,14.92403162055336,0.0,0.0,0.0,0.6730116670092565,0.6730116670092565,0.0,,17.731304347826086,,17.731304347826086,17.731304347826086,0.0,0.0,0.0,3.2782608695652176,,124.24,,124.24,124.24,0.008478260869565218,,0.010565217391304348,
GR86-026-072,72,7.0,7.529727472143735,6.935890771779737,60.74217391304348,1.1379310344827587,5.0,198.0,1.5407948163671852,2.3025850929940455,0.0,0.0,14.80338919781093,10.419863182855146,2.442727272727273,63.83217391304348,1.0552872806021232,19.39909090909091,183.61998682476943,-7.943948137121849,33.57268119402886,84.29488505747126,17.373302100630596,36.224000000000004,127.346,-0.011643983622659339,0.14338389459913375,-0.056801634800052694,0.45185888904149535
GR86-026-072,72,7.260869565217392,10.553814229249012,,10.553814229249012,2.0,2.0,2.0,1.1682824501765625,1.1682824501765625,0.0,,13.88391304347826,,13.88391304347826,13.88391304347826,0.0,0.0,0.0,20.73478260869565,,108.49600000000001,,108.49600000000001,108.49600000000001,-0.026130434782608694,,0.6076086956521739,
GR86-026-072,72,8.0,13.702540696885919,19.42762675301852,94.99469979296066,1.7664670658682635,5.0,295.0,1.58732417765016,2.3025850929940455,0.0,0.0,22.35403638253326,23.941778417504903,2.4554545454545456,100.22476190476189,2.079879506937565,26.636363636363637,347.3398776585733,-8.242678319250826,35.08497714960168,88.31374850299402,16.121559340021616,53.7275,127.64500000000001,-0.012456989108551203,0.17682786148998306,-0.06486522488619599,0.4819056465312449
GR86-026-072,72,8.909090909090908,68.50454545454544,,68.50454545454544,5.0,5.0,5.0,1.2798542258336676,1.2798542258336676,0.0,,100.03181818181817,,100.03181818181817,100.03181818181817,0.0,0.0,0.0,-5.2727272727272725,,102.572,,102.572,102.572,0.2863636363636364,,-0.1799090909090909,
GR86-026-072,72,9.0,26.827246099371386,27.607017192140482,95.8001581027668,3.175675675675676,5.0,470.0,1.6396699378907225,2.163955656882057,0.0,0.0,44.55675278447561,37.303046212875905,2.4842857142857144,100.19227272727272,3.963609563709821,29.440952380952382,586.6142154290535,-9.141366313934965,37.15087978045487,98.31157770270269,18.989466010564126,59.980000000000004,163.4425,0.003336256761085137,0.23657934532549074,-0.0696961440685983,0.6066973330863232
GR86-026-072,72,9.521739130434783,0.0034980237154371707,,0.0034980237154371707,0.0,0.0,0.0,1.5047882836811906,1.5047882836811906,0.0,,100.00304347826088,,100.00304347826088,100.00304347826088,0.0,0.0,0.0,8.208695652173914,,169.096,,169.096,169.096,0.15469565217391304,,0.31469565217391304,
GR86-026-072,72,10.0,15.516743693082365,23.300477740219446,85.43108695652174,1.4864864864864864,5.0,165.0,1.9130159967782778,2.3025850929940455,0.0,0.0,70.92411225549898,38.831076114358645,2.484090909090909,100.255,6.722946389359433,78.55,746.247049218897,-11.944750898183392,42.92309041534512,130.46325975975975,31.556153448911587,65.164,186.5,0.008291377524215052,0.37743560963320205,-0.0848087206273705,0.8814664105942444
GR86-026-072,72,10.090909090909092,0.0021541501976400923,,0.0021541501976400923,0.0,0.0,0.0,1.4184836619456567,1.4184836619456567,0.0,,99.99954545454547,,99.99954545454547,99.99954545454547,0.0,0.0,0.0,4.027272727272727,,169.206,,169.206,169.206,0.1726818181818182,,0.1263181818181818,
GR86-026-072,72,11.0,15.593445879043317,22.932060214548674,81.36002070393374,1.6964285714285714,5.0,190.0,1.7677985223319237,2.163955656882057,0.0,0.0,71.1899154919873,38.30907530728121,2.4576190476190476,100.21863636363636,6.671516208558522,100.34522727272729,747.2098153585545,-11.340416301154848,41.88994287696939,130.06700892857143,32.02951518458216,64.3125,189.08200000000002,0.008500460376838484,0.3742803794928681,-0.07871251336008712,0.869545336538556
GR86-026-072,72,11.545454545454545,0.004565217391302667,,0.004565217391302667,0.0,0.0,0.0,1.1682824501765625,1.1682824501765625,0.0,,100.00500000000001,,100.00500000000001,100.00500000000001,0.19704545454545455,0.19704545454545455,0.19704545454545455,9.772727272727273,,170.42000000000002,,170.42000000000002,170.42000000000002,0.16477272727272727,,0.3682272727272728,
GR86-026-072,72,12.0,15.368731642484068,21.852583977839966,83.22651515151516,1.5625,5.0,175.0,1.8051920348723638,2.163955656882057,0.0,0.0,69.91180326313163,38.62133946441883,2.4769565217391305,100.13857142857142,6.980250228549918,97.12909090909092,781.7880255975908,-8.786145014414389,41.28674887810486,129.94497767857143,32.14481063490655,66.1525,188.67,0.0065637096462128645,0.36897700128068356,-0.07897498618329953,0.8688005282941431
GR86-026-072,72,12.826086956521738,0.0008300395256952697,,0.0008300395256952697,0.0,0.0,0.0,1.1682824501765625,1.1682824501765625,0.0,,100.00173913043479,,100.00173913043479,100.00173913043479,0.0,0.0,0.0,12.57391304347826,,171.31400000000002,,171.31400000000002,171.31400000000002,0.17052173913043478,,0.5195217391304348,
GR86-026-072,72,13.0,15.136759275276763,25.433622118247186,94.30664031620555,1.6363636363636365,5.0,180.0,1.7818099009828028,2.163955656882057,0.0,0.0,71.11866039880738,39.75799216770353,2.4781818181818185,100.22227272727272,7.0489279075338365,81.95795454545454,775.382069828722,-9.351709910368509,40.08083147123512,130.59633181818182,31.70035827810132,63.8925,188.262,0.006086420750417783,0.38938676595909455,-0.08885709262301159,0.8864309190294223
GR86-026-072,72,13.272727272727273,0.0013833992095015901,,0.0013833992095015901,0.0,0.0,0.0,1.2798542258336676,1.2798542258336676,0.0,,99.99818181818182,,99.99818181818182,99.99818181818182,0.0,0.0,0.0,9.277272727272727,,169.59,,169.59,169.59,0.17686363636363636,,0.2695,
GR86-026-072,72,14.0,16.872238846427898,23.527853354312096,81.39772727272728,1.875,5.0,210.0,1.6779644157638653,2.163955656882057,0.0,0.0,71.14796367657215,38.437919485328415,2.533478260869565,100.24363636363637,7.553517328400052,85.53045454545455,845.9939407808058,-8.776242084778577,40.14205148905989,129.61271428571428,31.81659715567144,61.65,187.18400000000003,0.0074659564990964085,0.3869136532629,-0.08315765652839044,0.8676073028493902
GR86-026-072,72,14.434782608695652,0.0027470355731225027,,0.0027470355731225027,0.0,0.0,0.0,1.4184836619456564,1.4184836619456564,0.0,,99.9995652173913,,99.9995652173913,99.9995652173913,0.0,0.0,0.0,10.92608695652174,,170.3825,,170.3825,170.3825,0.17095652173913042,,0.2887826086956522,
GR86-026-072,72,15.0,12.33201807536614,23.829685222427734,94.48432806324111,1.2681159420289856,5.0,175.0,1.5547672614375327,2.3025850929940455,0.0,0.0,50.67457945925695,42.04387834728609,2.4804347826086954,100.20739130434782,5.494404372237424,118.97477272727274,758.2278033687645,-7.18407037740879,35.42495029446397,107.16710869565217,45.52835731190995,42.07,188.46800000000002,-0.021440438589133377,0.324723165287906,-0.0621915313155911,0.7500554427742283
GR86-026-072,72,15.136363636363637,0.20452569169960455,,0.20452569169960455,0.0,0.0,0.0,0.5004024235381879,0.5004024235381879,0.0,,14.20409090909091,,14.20409090909091,14.20409090909091,0.0,0.0,0.0,2.6,,49.908,,49.908,49.908,0.005090909090909091,,-0.023454545454545454,
GR86-026-072,72,16.0,15.35901898764601,23.45990544380151,80.78790513833992,1.3524590163934427,5.0,165.0,1.5829581378455624,2.3025850929940455,0.0,0.0,70.25770072255901,38.45701939830246,2.586666666666667,100.20523809523809,6.419376603320651,102.75363636363636,783.1639456051195,-6.772455975924389,37.458344847285616,119.27543852459017,35.44364337182805,49.306,187.222,0.03472031349188756,0.3575421240615344,-0.10588731569008701,0.7908280621704447
GR86-026-072,72,16.73913043478261,0.0034980237154371707,,0.0034980237154371707,0.0,0.0,0.0,1.0888999753452235,1.0888999753452235,0.0,,100.00304347826088,,100.00304347826088,100.00304347826088,0.0,0.0,0.0,15.060869565217393,,171.705,,171.705,171.705,0.1622173913043478,,0.5460869565217391,
GR86-026-072,72,17.0,16.319963195060634,23.945754743623155,95.06356107660454,1.4285714285714286,5.0,160.0,1.705045691629773,2.163955656882057,0.0,0.0,71.24856241810726,38.19061860088846,2.5047619047619043,100.18714285714285,7.462798456363771,95.28318181818182,835.8334271127424,-7.165358617185093,37.89587138593148,129.31863392857142,31.663420265431302,68.55199999999999,184.078,0.006862968314035862,0.37715800449978537,-0.07754643008389127,0.8621050291598011
GR86-026-072,72,17.73913043478261,0.0035573122529655166,,0.0035573122529655166,0.0,0.0,0.0,1.4184836619456564,1.4184836619456564,0.0,,99.99826086956521,,99.99826086956521,99.99826086956521,0.0,0.0,0.0,13.082608695652173,,170.88,,170.88,170.88,0.15782608695652173,,0.5137826086956522,
GR86-026-072,72,18.0,16.941604927106074,25.30039544813208,86.84978354978355,1.4864864864864864,5.0,165.0,1.7352197706874086,2.3025850929940455,0.0,0.0,73.23055933755664,38.39143214383888,2.508695652173913,100.1595652173913,8.133414864610517,124.23,902.8090499717673,-9.765085500275296,40.50853878985831,130.02010660660662,31.805027883887238,60.230000000000004,187.78,0.0060858818307532835,0.3960816998999154,-0.08468806526649439,0.868833157857269
GR86-026-072,72,18.26086956521739,0.0029813664596218814,,0.0029813664596218814,0.0,0.0,0.0,1.6957425341696348,1.6957425341696348,0.0,,100.00130434782609,,100.00130434782609,100.00130434782609,0.0,0.0,0.0,8.769565217391305,,168.522,,168.522,168.522,0.16621739130434782,,0.3476521739130435,
GR86-026-072,72,19.0,17.84085846204584,24.727392100772065,90.44057971014492,1.5486725663716814,5.0,175.0,1.7952151244150747,2.163955656882057,0.0,0.0,71.1506095118169,38.53898089272015,2.494761904761905,100.17363636363638,7.164022646905487,109.14880952380952,809.5345591003199,-6.161499444508293,37.58878314440931,129.18055899705016,32.70491435131189,60.415000000000006,184.184,0.00638899998723008,0.3798193060768876,-0.08051178797261907,0.8598849892106399
GR86-026-072,72,19.956521739130434,0.008814229248997663,,0.008814229248997663,0.0,0.0,0.0,1.1682824501765625,1.1682824501765625,0.0,,99.99391304347827,,99.99391304347827,99.99391304347827,0.0,0.0,0.0,12.7,,172.28,,172.28,172.28,0.16430434782608697,,0.562608695652174,
GR86-026-072,72,20.0,16.452466308681412,23.864898342639812,86.99563146997929,1.4414414414414414,5.0,160.0,1.7520299539661968,2.163955656882057,0.0,0.0,70.15108821450355,38.22280693059524,2.4804545454545455,100.16363636363636,7.724754756502469,84.50775,857.447777971774,-7.118851969298194,41.15105822006844,129.7264590909091,32.105339757659216,66.4125,186.905,0.005465742646863928,0.3939203164414384,-0.08128509085923273,0.870674734526338
GR86-026-072,72,20.545454545454547,0.0022924901185632507,,0.0022924901185632507,0.0,0.0,0.0,1.1682824501765625,1.1682824501765625,0.0,,100.00272727272727,,100.00272727272727,100.00272727272727,0.0,0.0,0.0,10.368181818181817,,171.5675,,171.5675,171.5675,0.16986363636363636,,0.3046818181818182,
GR86-026-072,72,21.0,17.599044734695763,23.866784052205016,84.70084980237154,2.06140350877193,5.0,235.0,1.7616519521539733,2.3025850929940455,0.0,0.0,66.82946737327335,39.41839310952213,2.4830434782608695,100.14434782608696,6.409565245835389,65.29065217391305,730.6904380252344,-8.493660711425374,40.41225172154264,126.71286842105263,33.0007249884195,60.7325,185.45749999999998,0.0022871759959499347,0.367281745773501,-0.07283525145961314,0.8389589760179182
GR86-026-072,72,21.347826086956523,6.377370600414082,,6.377370600414082,0.0,0.0,0.0,1.4184836619456564,1.4184836619456564,0.0,,93.62739130434782,,93.62739130434782,93.62739130434782,0.376304347826087,0.376304347826087,0.376304347826087,6.634782608695652,,169.704,,169.704,169.704,0.16695652173913042,,0.21543478260869567,
GR86-026-072,72,22.0,18.243491272648022,24.80135974467163,90.87713438735179,1.8859649122807018,5.0,215.0,1.7130389240452595,2.163955656882057,0.0,0.0,67.45196003543809,39.368343690749946,2.5159090909090907,100.17521739130436,6.559843076482379,75.4955,747.8221107189912,-7.486314703703298,39.4347017665656,127.50850000000001,31.268067293343577,63.34,188.778,0.004993516134660901,0.3692328264361845,-0.07928873460434945,0.8435087305581774
GR86-026-072,72,22.272727272727273,0.0027075098814464127,,0.0027075098814464127,0.0,0.0,0.0,1.5047882836811906,1.5047882836811906,0.0,,100.00227272727274,,100.00227272727274,100.00227272727274,0.0,0.0,0.0,8.336363636363636,,170.415,,170.415,170.415,0.17477272727272727,,0.2512727272727273,
GR86-026-072,72,23.0,14.86911031831148,22.832741257758794,89.45152173913044,1.7632850241545894,5.0,365.0,1.750464228630172,2.163955656882057,0.0,0.0,70.06326329076687,38.60483308121973,2.4386363636363635,100.19136363636363,7.12991635986595,99.97826086956522,1475.8926864922516,-7.457214294958466,41.40363462707882,125.77471739130435,33.95923259698749,40.025999999999996,186.2375,0.003924923813674519,0.3810214923968665,-0.10181436686447298,0.822082514533741
GR86-026-072,72,23.272727272727273,0.007154150197621334,,0.007154150197621334,0.0,0.0,0.0,1.1935496040981333,1.1935496040981333,0.0,,99.99545454545455,,99.99545454545455,99.99545454545455,0.0,0.0,0.0,6.627272727272728,,168.1725,,168.1725,168.1725,0.16186363636363635,,0.09313636363636363,
GR86-026-072,72,23.90909090909091,86.62636363636364,,86.62636363636364,0.0,0.0,0.0,1.4184836619456564,1.4184836619456564,0.0,,5.317727272727272,,5.317727272727272,5.317727272727272,0.0,0.0,0.0,12.9,,169.2375,,169.2375,169.2375,-0.1230909090909091,,0.4943181818181818,
GR86-026-072,72,24.0,10.97717753266224,18.23646509589151,80.49453416149068,1.3620689655172413,5.0,395.0,1.5283846667610694,2.163955656882057,0.0,0.0,37.784852880890384,38.20295124503329,2.4034782608695653,100.18863636363636,4.017958576094728,101.18613636363638,1165.207987067471,-6.381757411622282,35.44021564205722,100.82494310344828,41.965237724054084,6.1899999999999995,187.3075,-0.016184458592644894,0.2746980257119851,-0.054740915166135315,0.6671695450811176
GR86-026-072,72,24.08695652173913,0.003685300207052933,,0.003685300207052933,0.0,0.0,0.0,1.1935496040981333,1.1935496040981333,0.0,,100.00130434782609,,100.00130434782609,100.00130434782609,0.0,0.0,0.0,7.591304347826087,,167.954,,167.954,167.954,0.16643478260869565,,0.15808695652173912,
GR86-026-072,72,24.272727272727273,0.10511857707509975,,0.10511857707509975,0.0,0.0,0.0,0.6108643020548935,0.6108643020548935,0.0,,7.682272727272727,,7.682272727272727,7.682272727272727,0.0,0.0,0.0,0.1,,35.405,,35.405,35.405,0.001727272727272725,,-0.013681818181818182,
GR86-026-072,72,25.0,0.5751265666386481,3.8752062117569985,90.545395256917,0.22635408245755861,5.0,840.0,0.21638527129682594,2.3025850929940455,0.0,0.0,8.203077475831368,7.225028826003819,2.3790909090909094,100.16727272727272,1.2665617044499726,62.4504347826087,4700.210485213848,-7.319336643918453,41.171283059121386,5.207102964959568,20.844172167774953,0.0,171.9725,0.008680844239743519,0.04767698189629703,0.006907085417081476,0.1287669255561158
GR86-028-089,89,1.0,5.947341909657475,12.883804355888211,89.72895256916996,1.0313778990450204,5.0,756.0,0.6123174941017274,2.3025850929940455,0.0,0.0,18.182852125568736,19.00658363087591,2.458181818181818,100.10954545454545,15.382746178604236,70.40065217391304,11275.552948916906,-0.1517844467985516,26.109586113205154,34.07661596180082,47.05990272408717,0.0,136.91799999999998,0.0013888233298438419,0.1476084003910581,-0.03635443499124108,0.3991397212142349
GR86-028-089,89,1.9565217391304348,7.905138339481255e-05,,7.905138339481255e-05,1.0,1.0,1.0,1.0296530140645737,1.0296530140645737,0.0,,100.00173913043479,,100.00173913043479,100.00173913043479,0.0,0.0,0.0,7.51304347826087,,141.20250000000001,,141.20250000000001,141.20250000000001,0.22904347826086954,,0.07539130434782608,
GR86-028-089,89,2.0,17.489016873371565,24.314727059805282,90.03736842105262,1.623931623931624,5.0,190.0,1.7373746095277365,2.3025850929940455,0.0,0.0,69.1100460054396,39.01308196001619,2.486521739130435,100.2440909090909,7.370049365182661,123.53826086956522,862.2957757263713,-5.106483521531048,42.36565047992324,123.6360284900285,31.306415897134784,62.7825,186.69,0.011560492886148575,0.3718821695380966,-0.07629685230733461,0.7863214627403352
GR86-028-089,89,2.6956521739130435,0.003636363636360329,,0.003636363636360329,0.0,0.0,0.0,1.0888999753452238,1.0888999753452238,0.0,,100.0,,100.0,100.0,0.0,0.0,0.0,18.52608695652174,,169.116,,169.116,169.116,0.16234782608695653,,0.3719130434782609,
GR86-028-089,89,3.0,15.241953265378589,23.140136440754404,94.04600790513834,1.5086206896551724,5.0,175.0,1.7609299275369723,2.3025850929940455,0.0,0.0,65.19788415280568,40.10874647538794,2.4765,100.13826086956522,6.744541188009891,104.0715909090909,782.3667778091474,-4.1256914224876615,47.35359626085006,125.58725862068967,33.25026850931026,65.8475,186.725,0.006895663045100824,0.36929531597272164,-0.07146560523565969,0.819139894606479
GR86-028-089,89,3.9130434782608696,0.006586956521729803,,0.006586956521729803,0.0,0.0,0.0,1.313834033192747,1.313834033192747,0.0,,100.00608695652173,,100.00608695652173,100.00608695652173,0.0,0.0,0.0,23.721739130434784,,172.3475,,172.3475,172.3475,0.17330434782608697,,0.571304347826087,
GR86-028-089,89,4.0,16.282923519673908,23.115806725302598,84.38881422924902,1.3839285714285714,5.0,155.0,1.871692807867366,2.163955656882057,0.0,0.0,71.16136843398647,37.533154890099155,2.4990909090909095,100.1605,8.578741847470594,101.55021739130436,960.8190869167065,-9.957926654159289,45.45127749246623,128.23396875,31.632176035486488,64.896,187.374,0.004039302943977675,0.39167715770881967,-0.08784531656912338,0.8422015830841568
GR86-028-089,89,4.238095238095238,0.0025258799171723467,,0.0025258799171723467,0.0,0.0,0.0,1.5047882836811908,1.5047882836811908,0.0,,99.99904761904762,,99.99904761904762,99.99904761904762,0.0,0.0,0.0,9.29047619047619,,167.93800000000002,,167.93800000000002,167.93800000000002,0.17152380952380952,,0.09961904761904762,
GR86-028-089,89,5.0,17.34130972197356,19.3589628731343,94.88292490118577,1.6260162601626016,5.0,200.0,1.6920765997532017,2.163955656882057,0.0,0.0,46.03008306395347,37.441552100863326,2.4909523809523813,100.13434782608697,4.160578962066627,92.286,511.75121233419515,-6.589337816004391,44.68989435887554,118.78358196721311,28.070683504587386,64.3375,184.1375,-0.00613470201420193,0.2822613535156316,-0.07252662622767271,0.7929583405875579
GR86-028-089,89,6.0,2.1445840878975924,7.648016888390786,84.73780632411066,0.47054202670856243,5.0,599.0,0.3419668160043153,2.3025850929940455,0.0,0.0,9.252004143226296,9.88167816083129,2.4450000000000003,100.01695652173912,1.350763933630478,49.56361111111111,1719.5224875115985,-39.78688249349193,50.94418916643686,12.45947938008931,30.351697350318556,0.0,145.032,0.00046788703519985096,0.0779592291677698,-0.010541574630636166,0.18664085271937103
GR86-028-089,89,6.318181818181818,1.601343873517787,,1.601343873517787,2.0,2.0,2.0,1.0549201679861442,1.0549201679861442,0.0,,2.459090909090909,,2.459090909090909,2.459090909090909,9.842272727272727,9.842272727272727,9.842272727272727,5.781818181818182,,112.96000000000001,,112.96000000000001,112.96000000000001,-0.325,,0.02322727272727273,
GR86-028-089,89,7.0,16.62527859470218,19.153598127302736,84.4351552795031,2.197604790419162,5.0,367.0,1.4401664580372986,2.3025850929940455,0.0,0.0,25.856463306202834,26.93489208667172,2.4390909090909094,99.99363636363637,2.702112586055563,57.40956521739131,451.252801871279,-4.236014058344523,36.21350436818287,87.98073852295408,20.614352194789017,44.93,144.6,-0.009296535455938847,0.21722646702474474,-0.06540278631222601,0.5376491508138872
GR86-028-089,89,7.761904761904762,59.11037267080746,,59.11037267080746,3.0,3.0,3.0,0.6730116670092565,0.6730116670092565,0.0,,2.605714285714286,,2.605714285714286,2.605714285714286,3.9221428571428576,3.9221428571428576,3.9221428571428576,6.495238095238095,,101.1075,,101.1075,101.1075,-0.18766666666666665,,0.038,
GR86-028-089,89,8.0,17.40140585538512,20.728507807080042,83.57090909090908,1.8287671232876712,5.0,267.0,1.657974086493061,2.3025850929940455,0.0,0.0,39.975759621555106,35.514037607610014,2.4726086956521742,99.99227272727272,3.0541562560429445,32.91833333333333,445.9068133822699,-6.2296427051575005,42.74922251039577,100.51265753424657,24.18763567102668,47.577999999999996,164.96,0.010063722744242162,0.2484997689485404,-0.08319069132778342,0.6972707268159495
GR86-028-089,89,8.909090909090908,0.0022727272727394165,,0.0022727272727394165,0.0,0.0,0.0,1.313834033192747,1.313834033192747,0.0,,99.96772727272727,,99.96772727272727,99.96772727272727,0.0,0.0,0.0,22.19090909090909,,170.255,,170.255,170.255,0.1535,,0.5795454545454546,
GR86-028-089,89,9.0,14.684319512617387,23.371527483071752,94.31784584980237,1.415929203539823,5.0,160.0,1.7489236616027668,2.3025850929940455,0.0,0.0,68.99272188393448,38.82357304402062,2.4850000000000003,100.01130434782608,7.065133121775942,89.02159090909092,798.3600427606814,-10.61996606355568,45.14928108712548,128.07911651917405,32.063036208153456,62.734,187.152,0.0024163544033918437,0.37323642106789756,-0.08133425845263911,0.8542254946075168
GR86-028-089,89,9.863636363636363,0.003478260869570704,,0.003478260869570704,0.0,0.0,0.0,1.2798542258336676,1.2798542258336676,0.0,,99.99000000000001,,99.99000000000001,99.99000000000001,0.0,0.0,0.0,20.295454545454547,,170.594,,170.594,170.594,0.15927272727272726,,0.46854545454545454,
GR86-028-089,89,10.0,15.683676259041166,23.475937356145707,94.96255411255413,1.4285714285714286,5.0,160.0,1.8524655534306587,2.3025850929940455,0.0,0.0,69.6972473710568,38.148882391987925,2.5013636363636365,100.0147619047619,8.278758344194761,142.21238095238095,927.2209345498133,-8.772978297752427,46.11025283305936,128.9689375,32.26893563434556,63.0,188.0575,-0.0015850630909218296,0.38524651092121553,-0.08147553726478109,0.8552961952132486
GR86-028-089,89,10.571428571428571,0.0018426501035264664,,0.0018426501035264664,0.0,0.0,0.0,1.4184836619456564,1.4184836619456564,0.0,,100.00380952380952,,100.00380952380952,100.00380952380952,0.0,0.0,0.0,8.161904761904761,,169.565,,169.565,169.565,0.15566666666666668,,0.09033333333333333,
GR86-028-089,89,11.0,15.646504406544361,23.417611286676593,93.66266798418974,1.1946902654867257,5.0,135.0,1.7902042449678037,2.3025850929940455,0.0,0.0,67.96423286909433,38.833501703327514,2.4966666666666666,100.02409090909092,7.591664441523659,101.6535,857.8580818921735,-7.798626449721051,45.132333860322305,127.33277138643066,31.462617022568647,65.398,184.2275,0.0005174187636749147,0.3938668304939859,-0.07396628298166465,0.8486352630163083
GR86-028-089,89,11.045454545454545,0.002727272727270247,,0.002727272727270247,0.0,0.0,0.0,1.5047882836811908,1.5047882836811908,0.0,,99.99545454545455,,99.99545454545455,99.99545454545455,0.0,0.0,0.0,5.718181818181819,,165.446,,165.446,165.446,0.17636363636363636,,0.04313636363636364,
GR86-028-089,89,12.0,14.309667293536043,23.746566698905625,92.83666666666667,1.415929203539823,5.0,160.0,1.8027811818582582,2.3025850929940455,0.0,0.0,70.01688155465503,38.90587877590045,2.4681818181818183,100.02095238095238,8.542812648995378,129.0719565217391,965.3378293364776,-9.734529813725961,44.50752712817988,128.3608657817109,32.13685416017612,63.665,186.27,0.0009827057984726389,0.3779605424365925,-0.07933992928121135,0.853179594399062
GR86-028-089,89,12.043478260869565,0.002351778656134229,,0.002351778656134229,0.0,0.0,0.0,1.5047882836811908,1.5047882836811908,0.0,,99.98173913043478,,99.98173913043478,99.98173913043478,0.0,0.0,0.0,5.330434782608696,,166.244,,166.244,166.244,0.152,,0.06221739130434783,
GR86-028-089,89,13.0,15.840093891905601,23.346468138222587,91.78245059288537,1.415929203539823,5.0,160.0,1.825784266385752,2.3025850929940455,0.0,0.0,71.82454150048596,37.915989992169656,2.4634782608695653,100.01260869565218,8.869977949767033,130.83575000000002,1002.3075083236748,-10.126988751479244,46.30256370072725,128.98527876106195,32.1536426135695,65.7925,186.496,0.0009473355859830362,0.39225473169550323,-0.07796197708146332,0.850775898926349
GR86-028-089,89,13.863636363636363,0.002575757575755233,,0.002575757575755233,0.0,0.0,0.0,1.4708084763221112,1.4708084763221112,0.0,,99.9659090909091,,99.9659090909091,99.9659090909091,0.0,0.0,0.0,18.077272727272728,,170.7975,,170.7975,170.7975,0.1673181818181818,,0.4881818181818182,
GR86-028-089,89,14.0,15.948581893132749,22.926809581959102,86.70901185770751,1.3392857142857142,5.0,150.0,1.798099226382829,2.163955656882057,0.0,0.0,70.21022254721007,37.69288956960437,2.497826086956522,99.9913043478261,8.521650283002998,123.43108695652174,954.4248316963358,-12.378208913818284,46.5831117356856,128.65248214285714,31.868487744499276,62.8675,186.16,0.003866672760741493,0.3855347579468713,-0.09029670966836911,0.8552426798244147
GR86-028-089,89,14.478260869565217,0.0010276679841894065,,0.0010276679841894065,0.0,0.0,0.0,1.5047882836811908,1.5047882836811908,0.0,,99.92260869565219,,99.92260869565219,99.92260869565219,0.0,0.0,0.0,10.039130434782608,,167.328,,167.328,167.328,0.144,,0.20308695652173914,
GR86-028-089,89,15.0,15.527501921612325,23.172879030820507,94.9024016563147,1.4601769911504425,5.0,165.0,1.7275757194048336,2.163955656882057,0.0,0.0,71.43291536940076,37.77123705939623,2.4640909090909093,99.95772727272728,7.567586460821692,99.47636363636364,855.1372700728513,-10.098321923193707,46.46232204328921,127.96278761061947,31.175602995715288,66.454,184.21599999999998,0.0032291419453506706,0.3720932328462552,-0.08328123263506669,0.8461676790929096
GR86-028-089,89,15.454545454545455,0.003636363636360329,,0.003636363636360329,0.0,0.0,0.0,0.9433483923290391,0.9433483923290391,0.0,,99.89090909090909,,99.89090909090909,99.89090909090909,0.0,0.0,0.0,11.55,,167.0,,167.0,167.0,0.16568181818181818,,0.25131818181818183,
GR86-028-089,89,16.0,14.528077972493346,21.978980578286038,88.00395256916997,1.3839285714285714,5.0,155.0,1.7882229181003417,2.3025850929940455,0.0,0.0,71.12979561755533,37.25784555004039,2.492608695652174,99.92000000000002,8.40753554497392,93.31238095238095,941.6439810370789,-11.521244403888037,45.198991665264096,128.55667857142856,31.68787190153364,61.4225,186.3075,0.004370603775106884,0.39711782932110157,-0.08724546504866769,0.8508929655713864
GR86-028-089,89,16.08695652173913,0.000474308300397297,,0.000474308300397297,0.0,0.0,0.0,1.5047882836811908,1.5047882836811908,0.0,,99.8695652173913,,99.8695652173913,99.8695652173913,0.0,0.0,0.0,10.604347826086956,,167.268,,167.268,167.268,0.15021739130434783,,0.2623478260869565,
GR86-028-089,89,17.0,14.410043248649574,21.090384975999207,85.90318181818182,1.2946428571428572,5.0,145.0,1.820007582132322,2.3025850929940455,0.0,0.0,69.50142840346561,37.503416824521494,2.463636363636364,99.90363636363637,7.141884822383811,86.01795454545454,799.8911001069869,-11.271026404060688,43.34181453633179,129.30802678571428,31.04832522059412,63.376,186.34,0.004764086568942118,0.39212805551042695,-0.09038329719343531,0.8605981449907343
GR86-028-089,89,17.181818181818183,0.003992094861658302,,0.003992094861658302,0.0,0.0,0.0,1.4708084763221114,1.4708084763221114,0.0,,99.85818181818182,,99.85818181818182,99.85818181818182,0.0,0.0,0.0,7.4,,166.60500000000002,,166.60500000000002,166.60500000000002,0.14763636363636365,,0.13609090909090907,
GR86-028-089,89,18.0,15.630986332082239,24.659478442496706,94.44045454545454,1.4912280701754386,5.0,170.0,1.7603301694926834,2.3025850929940455,0.0,0.0,71.23190701395517,38.54925466135647,2.488695652173913,99.89681818181818,8.139937803231652,129.71673913043477,927.9529095684082,-10.693841603934821,46.58941047708085,127.60786403508773,32.70165389868266,60.7,184.592,0.0024706314787449547,0.3960170675443911,-0.08863232308838716,0.8439916871478285
GR86-028-089,89,18.454545454545453,0.004426877470365298,,0.004426877470365298,0.0,0.0,0.0,1.4184836619456564,1.4184836619456564,0.0,,99.85818181818182,,99.85818181818182,99.85818181818182,0.0,0.0,0.0,10.95909090909091,,168.20499999999998,,168.20499999999998,168.20499999999998,0.17122727272727273,,0.2695909090909091,
GR86-028-089,89,19.0,15.51517926618848,22.21229766323304,94.41695652173914,1.4285714285714286,5.0,160.0,1.6897948296936878,2.163955656882057,0.0,0.0,70.13738083943272,37.9519584320931,2.4936363636363637,99.89521739130436,7.3139740897230014,98.35386363636363,819.1650980489761,-10.417097724872836,43.15399428872358,129.48706547619048,31.495298464350782,62.955,186.972,0.005383879283718892,0.38029910316930443,-0.083393367687464,0.8631234739247352
GR86-028-089,89,19.695652173913043,0.0030830039525682196,,0.0030830039525682196,0.0,0.0,0.0,1.5047882836811908,1.5047882836811908,0.0,,99.86217391304348,,99.86217391304348,99.86217391304348,0.0,0.0,0.0,14.804347826086957,,168.3725,,168.3725,168.3725,0.15469565217391304,,0.391304347826087,
GR86-028-089,89,20.0,15.909555130945659,23.549348658803677,89.02278656126484,1.2053571428571428,4.0,135.0,1.677283238316012,2.163955656882057,0.0,0.0,69.11882330402517,37.845504775213904,2.5443478260869568,99.89652173913043,8.868140918249711,99.97886363636363,993.2317828439676,-10.468529807838815,42.68653116497422,128.68378125,31.59706569693891,64.8925,186.5625,0.0017408972993018007,0.3967197713639972,-0.08729009009236106,0.8512581260027772
GR86-028-089,89,20.272727272727273,0.002727272727270247,,0.002727272727270247,0.0,0.0,0.0,1.4184836619456564,1.4184836619456564,0.0,,99.86,,99.86,99.86,0.0,0.0,0.0,6.5636363636363635,,166.9775,,166.9775,166.9775,0.1429090909090909,,0.21686363636363637,
GR86-028-089,89,21.0,15.1127510514367,21.962515035243353,88.28201298701299,1.415929203539823,5.0,160.0,1.817119499074058,2.163955656882057,0.0,0.0,69.6442835830964,38.254184521477384,2.503913043478261,99.89782608695653,7.187888519393907,94.55977272727273,812.2314026915114,-12.254105450148158,42.863764831135704,128.79511504424778,31.794510033742522,61.71,188.315,0.006141114631168499,0.3804012511051604,-0.08468159623498216,0.8466657415755044
GR86-028-089,89,21.727272727272727,0.0009090909090758714,,0.0009090909090758714,0.0,0.0,0.0,1.4184836619456564,1.4184836619456564,0.0,,99.865,,99.865,99.865,0.0,0.0,0.0,11.30909090909091,,168.785,,168.785,168.785,0.1585909090909091,,0.36654545454545456,
GR86-028-089,89,22.0,13.625448308241147,20.71497208841842,82.59213438735178,1.3063063063063063,5.0,145.0,1.8068958253995218,2.163955656882057,0.0,0.0,70.51738517909746,38.065391172723395,2.454090909090909,99.89652173913043,8.315297381531398,121.59454545454545,922.9980093499851,-13.519492195054855,43.62960706852279,129.4985870870871,31.38374879025322,63.1725,185.20499999999998,0.003912832952858535,0.3838735655113703,-0.08902136665013902,0.8712981453213308
GR86-028-089,89,22.136363636363637,0.0009090909090900823,,0.0009090909090900823,0.0,0.0,0.0,1.4184836619456564,1.4184836619456564,0.0,,99.86681818181819,,99.86681818181819,99.86681818181819,0.0,0.0,0.0,4.572727272727273,,166.702,,166.702,166.702,0.1608181818181818,,0.11349999999999999,
GR86-028-089,89,23.0,15.324483284351457,23.15878217700816,95.51681818181818,1.3935185185185186,5.0,301.0,1.7681440783672937,2.3025850929940455,0.0,0.0,69.61013905806243,37.83980223709124,2.4434782608695653,99.89454545454547,7.304550886503729,126.61108695652175,1577.7829914848055,-10.76751176340028,40.80538673016739,126.6357901234568,31.629661554065656,53.2575,185.85999999999999,0.0063502883938067805,0.38815361239146445,-0.10796146757331762,0.824176120708693
GR86-028-089,89,23.130434782608695,6.126956521739132,,6.126956521739132,0.0,0.0,0.0,1.4184836619456564,1.4184836619456564,0.0,,93.73608695652173,,93.73608695652173,93.73608695652173,0.0,0.0,0.0,5.1347826086956525,,166.954,,166.954,166.954,0.15860869565217392,,0.15682608695652175,
GR86-028-089,89,23.36842105263158,12.499022556390978,,12.499022556390978,2.0,2.0,2.0,1.1935496040981333,1.1935496040981333,0.0,,2.4852631578947366,,2.4852631578947366,2.4852631578947366,19.766052631578948,19.766052631578948,19.766052631578948,1.3526315789473686,,154.252,,154.252,154.252,-0.4502631578947368,,0.0838421052631579,
GR86-028-089,89,24.0,3.246834273314128,8.78099304592887,90.55426877470354,0.5204081632653061,5.0,510.0,0.5210874344541147,2.3025850929940455,0.0,0.0,11.377048242748113,13.528033823554367,2.4263636363636363,99.84608695652175,0.96603693567635,39.508913043478266,946.716196962823,-146.91610058313185,114.89712307197402,30.048656462585036,44.76972694572855,0.0,168.97750000000002,-0.0013280473330866257,0.10101584451789575,-0.00895122632475403,0.2974186091696796
GR86-028-089,89,24.82608695652174,2.735652173913044,,2.735652173913044,0.0,0.0,0.0,0.6730116670092565,0.6730116670092565,0.0,,11.001304347826087,,11.001304347826087,11.001304347826087,0.0,0.0,0.0,-2.9,,36.174,,36.174,36.174,0.0451304347826087,,-0.02726086956521739,
GR86-028-089,89,25.0,0.2316011452089685,1.1051989385779093,14.986521739130435,0.18722659667541558,5.0,428.0,0.14546338880258222,2.1972245773362196,0.0,0.0,7.499198232778964,1.2914920484206271,2.4277272727272727,20.989047619047618,0.5211543617056926,32.71659090909091,1191.3588708592133,-4.1302092100970915,25.81195215609044,1.6069733158355206,6.12846717066101,0.0,60.72,0.006393365025935507,0.024983880586199884,-0.006913962378780964,0.030203806439967857
GR86-029-014,14,1.0,16.97650536066554,21.68888086371515,88.84136363636364,0.966804979253112,5.0,233.0,1.5910008892598173,2.3025850929940455,0.0,0.0,34.65185731886668,34.602319506259455,0.8182608695652174,100.24652173913044,1.6887552389726828,59.05425,406.9900125924165,-10.392886201622309,38.67497972511633,95.06742291666666,27.528878991574206,35.980000000000004,149.85,0.023692262145475186,0.20846447209072802,-0.06788827604618274,0.6656700424974928
GR86-029-014,14,1.0909090909090908,0.3795454545454544,,0.3795454545454544,3.0,3.0,3.0,1.2798542258336676,1.2798542258336676,0.0,,2.8622727272727273,,2.8622727272727273,2.8622727272727273,5.0525,5.0525,5.0525,-4.972727272727273,,132.04,,132.04,132.04,-0.18613636363636363,,-0.0235,
GR86-029-014,14,2.0,15.430115348090188,20.298832281661447,94.40505555555555,1.4933333333333334,5.0,224.0,1.6048890188220102,2.3025850929940455,0.0,0.0,33.06429730679744,35.07694712214438,2.4423809523809523,100.15363636363637,1.9060112032490228,37.81880952380952,285.9016804873534,-10.830680404691753,38.808961778131916,98.74859666666667,20.54842820289962,56.620000000000005,143.424,0.005022835606350346,0.20810235577398337,-0.08311285595799932,0.673331427017084
GR86-029-014,14,2.739130434782609,0.014545454545455527,,0.014545454545455527,0.0,0.0,0.0,1.0888999753452238,1.0888999753452238,0.0,,99.99,,99.99,99.99,0.0,0.0,0.0,-1.1478260869565218,,144.805,,144.805,144.805,0.22243478260869565,,0.08108695652173913,
GR86-029-014,14,3.0,13.57483599065046,20.761094135396053,82.021,1.8644067796610169,5.0,220.0,1.755608157919357,2.163955656882057,0.0,0.0,68.41427449120067,39.177430044954264,2.4845,100.14217391304348,5.212912061247501,51.10363636363636,615.123623227205,-11.237863980774813,40.98579692617178,122.7775197740113,29.770318258028684,65.19200000000001,181.352,0.020812092781984766,0.326825560843951,-0.08123002255816901,0.7946169721474221
GR86-029-014,14,3.9523809523809526,0.0030952380952271596,,0.0030952380952271596,0.0,0.0,0.0,1.0549201679861442,1.0549201679861442,0.0,,99.99190476190476,,99.99190476190476,99.99190476190476,0.0,0.0,0.0,10.476190476190476,,168.48,,168.48,168.48,0.15585714285714286,,0.44009523809523815,
GR86-029-014,14,4.0,14.27157883565977,22.15403667089281,88.40561264822135,1.4912280701754386,5.0,170.0,1.8112725593481547,2.3025850929940455,0.0,0.0,70.15387237619527,38.780571483169844,2.4753846153846153,100.24130434782607,6.350515287498531,90.05318181818183,723.9587427748326,-11.427110863006323,40.3642022522206,126.90162426900585,31.6173527545307,62.774,183.23000000000002,0.013274821481004487,0.365347357514478,-0.07809394260999705,0.8397622275058017
GR86-029-014,14,4.7727272727272725,0.006626794258380642,,0.006626794258380642,0.0,0.0,0.0,1.0296530140645737,1.0296530140645737,0.0,,100.00136363636365,,100.00136363636365,100.00136363636365,0.0,0.0,0.0,8.313636363636364,,168.01,,168.01,168.01,0.1575,,0.37418181818181817,
GR86-029-014,14,5.0,13.999624277151423,22.478081527721425,94.20238095238095,1.6814159292035398,5.0,190.0,1.723436918780914,2.163955656882057,0.0,0.0,70.50400688722634,39.54131445395665,2.486666666666667,100.24052631578947,5.9354509294985345,61.129090909090905,670.7059550333344,-10.823608935475443,39.797391396639625,127.91749115044247,30.604840943671327,65.4025,184.0075,0.01558245964550515,0.34824435266209086,-0.08777971351712265,0.854145636772371
GR86-029-014,14,5.476190476190476,0.0009090909090900823,,0.0009090909090900823,0.0,0.0,0.0,1.1682824501765625,1.1682824501765625,0.0,,100.0,,100.0,100.0,0.0,0.0,0.0,5.161904761904762,,166.1375,,166.1375,166.1375,0.1669047619047619,,0.24328571428571427,
GR86-029-014,14,6.0,1.7021573618700045,7.610725848488424,89.24353754940711,0.5613472333600642,5.0,700.0,0.3017806229767283,2.3025850929940455,0.0,0.0,10.854887300159843,17.190967021967804,2.4725,100.13772727272728,2.420778929820403,54.628043478260864,3018.711325486043,-14.881349711465264,89.5970354724248,12.364120236178207,36.57007407237387,0.0,180.32999999999998,0.008314338561169905,0.08137337564464958,-0.01181957254387272,0.2466795371955255
GR86-029-014,14,6.590909090909091,8.19090909090909,,8.19090909090909,0.0,0.0,0.0,1.0549201679861442,1.0549201679861442,0.0,,23.25090909090909,,23.25090909090909,23.25090909090909,0.0,0.0,0.0,3.5090909090909093,,134.52,,134.52,134.52,0.07513636363636364,,0.14881818181818182,
GR86-029-014,14,7.0,11.10218382150618,14.907601239575477,86.89080808080809,1.2215909090909092,5.0,215.0,1.4693970685669244,2.163955656882057,0.0,0.0,20.564375390208884,21.654382191743665,2.4554545454545456,100.09272727272727,1.9947511400512525,22.32840909090909,351.07620064902045,-10.41107868269821,33.81441949924781,83.32548295454545,26.954731468143173,15.764,136.894,0.003231989411860037,0.18479490412714297,-0.05308665479988952,0.5106206911219034
GR86-029-014,14,7.6521739130434785,7.020889328063241,,7.020889328063241,0.0,0.0,0.0,0.9433483923290393,0.9433483923290393,0.0,,2.4795652173913045,,2.4795652173913045,2.4795652173913045,0.0,0.0,0.0,7.752173913043479,,112.42,,112.42,112.42,-0.11708695652173913,,0.5370869565217391,
GR86-029-014,14,8.0,9.166506818399576,11.173463478263542,56.0200395256917,0.7349397590361446,5.0,122.0,1.4174034136382179,2.163955656882057,0.0,0.0,19.035205360665486,20.292636577222066,2.427619047619048,100.1447619047619,0.9346314056586933,22.40952380952381,155.1488133393431,-9.91555053163726,33.335779634062355,88.29079696969697,20.22423851259473,50.2475,142.6775,-0.002084379776414236,0.15793973472437708,-0.060493426110816685,0.5448401915379818
GR86-029-014,14,8.272727272727273,3.6061904761904753,,3.6061904761904753,2.0,2.0,2.0,1.0888999753452238,1.0888999753452238,0.0,,17.57,,17.57,17.57,0.0,0.0,0.0,-2.1,,93.40799999999999,,93.40799999999999,93.40799999999999,0.07527272727272727,,0.015909090909090907,
GR86-029-014,14,9.0,14.294876573008859,22.059508356263255,89.87630434782608,1.5136986301369864,5.0,221.0,1.5643509738136883,2.3025850929940455,0.0,0.0,38.28636477657643,36.8148352221981,2.467368421052632,100.1190909090909,2.1128568197941346,27.21425,308.47709568994367,-11.041862606509852,37.50325818798659,100.52407191780821,23.588849805099677,47.88,161.88,0.021376687445821455,0.21050684788574278,-0.0890955445951151,0.6808143880401708
GR86-029-014,14,9.545454545454545,0.0012845849802261,,0.0012845849802261,0.0,0.0,0.0,1.313834033192747,1.313834033192747,0.0,,99.99954545454544,,99.99954545454544,99.99954545454544,0.0,0.0,0.0,6.1909090909090905,,166.53199999999998,,166.53199999999998,166.53199999999998,0.15345454545454545,,0.3160909090909091,
GR86-029-014,14,10.0,14.098446012778165,22.501314384049465,86.05508695652173,1.5044247787610618,5.0,170.0,1.7569681432911606,2.163955656882057,0.0,0.0,71.77204393642938,38.64642910767323,2.492272727272727,100.1309090909091,6.3326004202388875,60.94404761904762,715.5838474869943,-12.550939232064405,39.762787422546445,128.58421091445427,31.011113671366296,60.896,184.04000000000002,0.01860898396454189,0.36056817721926065,-0.07627991737669913,0.8661958265787759
GR86-029-014,14,10.521739130434783,0.0013457556935918547,,0.0013457556935918547,0.0,0.0,0.0,1.2798542258336676,1.2798542258336676,0.0,,100.00086956521739,,100.00086956521739,100.00086956521739,0.0,0.0,0.0,7.639130434782608,,168.06199999999998,,168.06199999999998,168.06199999999998,0.16104347826086957,,0.3544347826086956,
GR86-029-014,14,11.0,14.754930496428909,22.444724427437997,85.8869264069264,1.6371681415929205,5.0,185.0,1.728695857890116,2.163955656882057,0.0,0.0,71.36128814473544,38.15577918208462,2.4842857142857144,100.13363636363637,5.921944624034289,62.73204545454546,669.1797425158746,-11.406369079945657,39.458267257319925,129.03136283185842,30.427738462072476,67.11250000000001,185.3275,0.016824762189382184,0.3595279315391223,-0.08709701672652605,0.8591834798341791
GR86-029-014,14,11.954545454545455,0.0027272727272986685,,0.0027272727272986685,0.0,0.0,0.0,1.0888999753452238,1.0888999753452238,0.0,,99.99863636363635,,99.99863636363635,99.99863636363635,0.0,0.0,0.0,9.981818181818182,,170.01,,170.01,170.01,0.15945454545454546,,0.46322727272727277,
GR86-029-014,14,12.0,15.575085001379122,22.45640454939767,70.1,1.592920353982301,5.0,180.0,1.761338253298377,2.163955656882057,0.0,0.0,68.39688060581047,39.12225658932539,2.486842105263158,100.19666666666667,5.5874559711712966,66.92,631.3825247423565,-9.777322938644195,37.36781098036442,127.82441592920354,30.25275468529556,66.94749999999999,181.52,0.0197477071937016,0.3360244807660217,-0.08288921016352721,0.8662381388522642
GR86-029-014,14,12.571428571428571,0.0,,0.0,0.0,0.0,0.0,1.1682824501765625,1.1682824501765625,0.0,,100.0,,100.0,100.0,0.0,0.0,0.0,9.933333333333334,,166.156,,166.156,166.156,0.15928571428571428,,0.43238095238095237,
GR86-029-014,14,13.0,16.573506290575374,21.972338273883206,85.8959090909091,1.8442622950819672,5.0,225.0,1.6834408448953062,2.163955656882057,0.0,0.0,61.109445961522155,39.556079076104005,2.4953846153846153,100.16227272727274,5.266893208200175,109.96727272727274,642.5609714004213,-7.354356664379309,45.78616669443369,119.0324262295082,31.590729371017378,61.27,180.06599999999997,0.01774278780309769,0.3182321131489469,-0.06153857397260831,0.7916755405530908
GR86-029-014,14,13.565217391304348,0.0032919254658452246,,0.0032919254658452246,0.0,0.0,0.0,1.1682824501765625,1.1682824501765625,0.0,,100.0004347826087,,100.0004347826087,100.0004347826087,0.0,0.0,0.0,6.1173913043478265,,165.836,,165.836,165.836,0.15669565217391304,,0.2822173913043478,
GR86-029-014,14,14.0,14.988413541724471,22.298569629167083,87.17954545454545,1.5486725663716814,5.0,175.0,1.7463209480351731,2.163955656882057,0.0,0.0,70.25093784047957,38.54277549329656,2.486086956521739,100.13142857142856,5.987291048366366,68.74071428571429,676.5638884653994,-9.002425525699357,39.611848760690016,127.86321238938052,30.85925104881473,64.505,182.948,0.019670087266214314,0.3583261418930388,-0.08356449412558646,0.8545688088578092
GR86-029-014,14,14.285714285714286,0.0014285714285762197,,0.0014285714285762197,0.0,0.0,0.0,1.2798542258336676,1.2798542258336676,0.0,,99.99857142857142,,99.99857142857142,99.99857142857142,0.0,0.0,0.0,0.37142857142857144,,165.7575,,165.7575,165.7575,0.1604761904761905,,0.1352857142857143,
GR86-029-014,14,15.0,13.967891942665277,22.524271459897847,92.75142105263158,1.7826086956521738,5.0,205.0,1.7907732566999803,2.3025850929940455,0.0,0.0,69.98067148209694,39.38661191027084,2.4739999999999998,100.11545454545454,6.238561876486197,68.42975,717.4346157959127,-12.699316803891023,40.52121355890988,127.10314347826088,31.006050784467384,66.42500000000001,186.14600000000002,0.020650191512295014,0.34657093814398404,-0.07904102698071597,0.8389418217651993
GR86-029-014,14,15.75,0.009309523809520215,,0.009309523809520215,0.0,0.0,0.0,1.1682824501765625,1.1682824501765625,0.0,,99.9945,,99.9945,99.9945,0.0,0.0,0.0,5.44,,167.064,,167.064,167.064,0.13065,,0.31905,
GR86-029-014,14,16.0,15.01993787763508,22.402722059900817,86.52428571428571,1.7699115044247788,5.0,200.0,1.7269503227553307,2.163955656882057,0.0,0.0,69.42723631237601,39.07380147269355,2.4914285714285715,100.125,5.748885933155496,59.266666666666666,649.624110446571,-10.754146248294314,36.4525333352304,127.48003097345133,30.347697063889726,66.5325,185.778,0.019007327988213283,0.3495872178411651,-0.08336509920530281,0.8539046050952236
GR86-029-014,14,16.25,0.0013043478260925667,,0.0013043478260925667,0.0,0.0,0.0,1.2206072645530175,1.2206072645530175,0.0,,100.0,,100.0,100.0,0.0,0.0,0.0,5.175,,165.65,,165.65,165.65,0.15365,,0.2412,
GR86-029-014,14,17.0,15.169803214949537,20.85927675080623,82.79519047619048,1.5486725663716814,5.0,175.0,1.7538201641149398,2.3025850929940455,0.0,0.0,69.04136462503922,38.1166840947272,2.487727272727273,100.10045454545455,5.679644792241901,65.95925,641.7998615233348,-10.476883592785828,37.82461707360996,128.04599557522124,31.011970473144917,63.870000000000005,184.102,0.016097980679962317,0.34996134193121003,-0.07806748715484249,0.8624323463706214
GR86-029-014,14,17.09090909090909,0.006666666666660603,,0.006666666666660603,0.0,0.0,0.0,1.2798542258336676,1.2798542258336676,0.0,,100.0,,100.0,100.0,0.0,0.0,0.0,4.3136363636363635,,164.666,,164.666,164.666,0.16127272727272726,,0.21695454545454543,
GR86-029-014,14,18.0,13.676463913841188,22.067017207366767,90.87371052631579,1.5789473684210527,5.0,180.0,1.70801887838294,2.3025850929940455,0.0,0.0,69.2134332589493,39.30150982798581,2.4769565217391305,100.1095,6.390922363170338,93.21900000000001,728.5651494014186,-11.222286686055279,40.2998966520369,127.7647894736842,31.45146490319737,60.013999999999996,186.625,0.012851361947749544,0.36222748911847713,-0.07242683520540018,0.8532830782449375
GR86-029-014,14,18.61904761904762,0.0033333333333445125,,0.0033333333333445125,0.0,0.0,0.0,1.0888999753452238,1.0888999753452238,0.0,,100.0,,100.0,100.0,0.0,0.0,0.0,7.614285714285715,,167.55,,167.55,167.55,0.163,,0.3294761904761905,
GR86-029-014,14,19.0,14.74987379147789,23.8412302107474,94.0851185770751,1.6754385964912282,5.0,191.0,1.7423399914986546,2.3025850929940455,0.0,0.0,70.94944059457914,39.169011353045555,2.491333333333334,100.09380952380951,6.630623984311552,85.29227272727273,755.8911342115169,-13.610151689003928,37.41073142255466,126.56728947368421,32.413111350894,65.208,183.2725,0.01500680753948106,0.3698681503930859,-0.09039303731374582,0.8191540209249191
GR86-029-014,14,20.0,14.105735320665346,22.03722688176203,90.94273913043479,1.4912280701754386,5.0,170.0,1.7311445961554979,2.163955656882057,0.0,0.0,68.89916393178852,39.53149833180732,2.484782608695652,100.046,6.04910403711416,72.80261904761905,689.5978602310142,-10.98245756274254,37.75605922068564,127.90921052631579,30.844890157335918,62.617999999999995,186.4025,0.016502540127483274,0.35175960329031547,-0.07726262426920605,0.8558998626800561
GR86-029-014,14,20.5,0.00010822510822094955,,0.00010822510822094955,0.0,0.0,0.0,1.313834033192747,1.313834033192747,0.0,,100.00227272727274,,100.00227272727274,100.00227272727274,0.0,0.0,0.0,4.372727272727273,,164.10999999999999,,164.10999999999999,164.10999999999999,0.16813636363636364,,0.23622727272727273,
GR86-029-014,14,21.0,15.102825737862648,22.758783434830217,85.10668737060041,1.7280701754385965,5.0,197.0,1.71341063351362,2.163955656882057,0.0,0.0,71.97120451374248,37.92751408159838,2.5604545454545455,100.05,7.373900517733033,117.87,840.6246590215658,-10.90457580381722,39.865908951431464,126.5176403508772,33.132580873960116,60.874,185.325,0.01870252602887175,0.38643722734070407,-0.07932717690448118,0.8303049735423655
GR86-029-014,14,22.0,15.271808360736866,23.790862764911697,92.2781818181818,1.7391304347826086,5.0,200.0,1.6911735412506756,2.163955656882057,0.0,0.0,70.89665031350215,38.65178575712611,2.482608695652174,100.02954545454546,6.604847161166363,72.99789473684211,759.5574235341318,-9.058121714178327,36.85068899811355,127.28100579710146,31.35233231695737,63.010000000000005,184.29,0.019523285711845056,0.35850928180377056,-0.07649623777895792,0.822639680151345
GR86-029-014,14,22.695652173913043,0.0007509881422862463,,0.0007509881422862463,0.0,0.0,0.0,1.0888999753452238,1.0888999753452238,0.0,,100.00347826086956,,100.00347826086956,100.00347826086956,0.0,0.0,0.0,4.330434782608696,,167.89600000000002,,167.89600000000002,167.89600000000002,0.16421739130434784,,0.291695652173913,
GR86-029-014,14,23.0,14.68503453210137,22.44014408517675,93.35059288537549,1.7419354838709677,5.0,378.0,1.6860563441494383,2.3025850929940455,0.0,0.0,69.46520597796776,39.03863346182368,2.4881818181818183,100.02952380952381,6.4232870244856475,88.40477272727273,1393.8532843133855,-21.968036387347308,53.54303181647867,122.39444930875575,33.07333394151061,32.492,183.784,0.013207415556553482,0.3538522172079785,-0.09461724924032393,0.8087429071868338
GR86-029-014,14,23.095238095238095,0.0010559006211394717,,0.0010559006211394717,0.0,0.0,0.0,1.0888999753452238,1.0888999753452238,0.0,,100.00714285714287,,100.00714285714287,100.00714285714287,0.0,0.0,0.0,3.0142857142857147,,163.35750000000002,,163.35750000000002,163.35750000000002,0.15328571428571428,,0.22657142857142856,
GR86-029-014,14,23.571428571428573,2.506341991341991,,2.506341991341991,3.0,3.0,3.0,1.8343719702816237,1.8343719702816237,0.0,,3.8404761904761906,,3.8404761904761906,3.8404761904761906,0.1969047619047619,0.1969047619047619,0.1969047619047619,-67.55714285714286,,126.4425,,126.4425,126.4425,-0.21152380952380953,,-0.22428571428571428,
GR86-029-014,14,24.0,2.8048470285398626,10.469678231230539,94.23734989648032,0.4644030668127054,5.0,424.0,0.6400689838915387,2.1972245773362196,0.0,0.0,16.38786230762397,25.387622635511452,1.434782608695652,100.03363636363638,1.7971155944009791,97.35925,1640.7665376880939,-187.30068838843954,179.2790447532432,22.295655531215772,44.27360492635316,0.0,185.56,0.0058236042864854365,0.14570240230007045,-0.0022793195607666056,0.2979033060819813
GR86-029-014,14,24.59090909090909,89.84737154150199,,89.84737154150199,1.0,1.0,1.0,1.0888999753452238,1.0888999753452238,0.0,,7.340454545454546,,7.340454545454546,7.340454545454546,1.5697727272727275,1.5697727272727275,1.5697727272727275,7.95,,164.674,,164.674,164.674,-0.09559090909090907,,0.3604545454545454,
GR86-029-014,14,25.0,8.64555564150444,14.606214724367756,92.37386363636364,1.0934065934065933,5.0,199.0,1.3119521399142593,2.163955656882057,0.0,0.0,23.31084803687108,30.641756869025073,2.414375,99.97636363636364,1.6287942623374954,29.44363636363636,296.44055574542415,-9.401793711336984,30.87840197978958,81.77506043956043,44.594124564178856,13.67,159.64249999999998,-0.017609578938871,0.17748027544927716,-0.052932796540295514,0.5657697578720261
GR86-029-014,14,25.5,0.3767272727272726,,0.3767272727272726,0.0,0.0,0.0,0.0,0.0,0.0,,8.561,,8.561,8.561,0.0,0.0,0.0,-3.625,,38.1025,,38.1025,38.1025,0.010499999999999999,,-0.01765,
GR86-029-014,14,26.0,0.18602088621981502,0.8781391669138466,13.454499999999998,0.16916488222698073,5.0,395.0,0.16959845289192657,2.163955656882057,0.0,0.0,7.3144229170973345,1.3928597101430369,2.444761904761905,20.13695652173913,0.29889833204429145,35.603095238095236,697.9276053234205,4.44603813573117,42.31460544252696,1.7598443254817988,6.157603770648054,0.0,55.54,0.007161337243563219,0.02297000300528563,-0.004194869403109806,0.02787668311695332
GR86-032-015,15,1.0,8.03720609620825,14.33781041884242,95.10909090909092,0.8727810650887574,5.0,295.0,1.2550703235253051,2.1639556568820564,0.0,0.0,22.312226798574176,26.607158071653956,2.432727272727273,100.08260869565218,2.0956414441268065,46.699999999999996,708.3268081148606,-8.214474152599678,40.36003049638098,68.88550197823936,48.70755473997522,0.0,161.845,0.011403313673067796,0.17881520844804552,-0.05398226428551093,0.5300911862011682
GR86-032-015,15,1.7826086956521738,82.56314229249013,,82.56314229249013,1.0,1.0,1.0,0.9502705392332347,0.9502705392332347,0.0,,2.5591304347826087,,2.5591304347826087,2.5591304347826087,14.73108695652174,14.73108695652174,14.73108695652174,8.934782608695652,,155.1875,,155.1875,155.1875,-0.3994347826086957,,0.18534782608695652,
GR86-032-015,15,2.0,12.430446224597885,17.132022612205528,90.81962450592886,2.0684931506849313,5.0,302.0,1.578611612456278,2.163955656882057,0.0,0.0,33.58347165161792,33.836790949618845,2.4380952380952383,100.14142857142858,3.1567450161949218,42.30452380952381,460.88477236445857,-6.60757373970374,37.19135150644309,100.12577625570776,22.79746732930698,59.235,151.3675,-0.004803556986586688,0.2347325995810373,-0.0952924220366809,0.6222489972371849
GR86-032-015,15,2.772727272727273,0.016403162055325993,,0.016403162055325993,0.0,0.0,0.0,0.9502705392332347,0.9502705392332347,0.0,,99.99272727272728,,99.99272727272728,99.99272727272728,0.0,0.0,0.0,5.159090909090909,,148.4325,,148.4325,148.4325,0.19886363636363635,,0.13063636363636363,
GR86-032-015,15,3.0,18.60041101625936,21.82759852275288,76.17854545454546,1.6666666666666667,5.0,200.0,1.7507933306011176,2.163955656882057,0.0,0.0,63.94641790141073,38.38982716009487,2.463157894736842,100.14954545454545,5.648091356664883,66.40325,677.770962799786,-7.973625577221621,40.910389458501506,121.60019861111111,29.386366295016494,66.562,172.044,0.006597120599782802,0.34983448829635644,-0.07554567668654961,0.7722133550172837
GR86-032-015,15,3.6818181818181817,32.844999999999985,,32.844999999999985,0.0,0.0,0.0,1.1935496040981333,1.1935496040981333,0.0,,67.15636363636364,,67.15636363636364,67.15636363636364,0.0,0.0,0.0,12.795454545454545,,169.9725,,169.9725,169.9725,0.1375909090909091,,0.31177272727272726,
GR86-032-015,15,4.0,15.06998756432927,21.242515980413675,93.47395833333333,1.4254385964912282,5.0,325.0,1.7107303543705987,2.163955656882057,0.0,0.0,65.58446561296313,38.68419050918292,2.401904761904762,100.145,6.12416829120915,102.95523809523809,1396.3103703956863,-6.342151879211606,40.54617518561802,127.58198237885463,30.773606573986168,66.3725,184.8125,0.006343946872651592,0.3648194195296309,-0.07288134841772188,0.839249927059973
GR86-032-015,15,4.217391304347826,0.00020703933746801795,,0.00020703933746801795,0.0,0.0,0.0,1.5571130980576458,1.5571130980576458,0.0,,100.00217391304349,,100.00217391304349,100.00217391304349,0.0,0.0,0.0,8.365217391304348,,165.80599999999998,,165.80599999999998,165.80599999999998,0.16469565217391305,,0.22773913043478258,
GR86-032-015,15,5.0,10.076042874505738,18.60205197845689,92.81411899313503,1.348314606741573,5.0,240.0,1.3683042847941551,2.163955656882057,0.0,0.0,35.43572286955966,39.32685055449114,2.4366666666666665,100.05782608695652,4.044776543219049,72.27913043478262,719.9702246929908,-10.376956794391198,42.06808606806286,87.3659269005848,57.45021032966346,0.0,182.094,-0.005573184556482322,0.2447384400211845,-0.04817254898875332,0.6393493883411744
GR86-032-015,15,5.636363636363637,0.06818181818181834,,0.06818181818181834,2.0,2.0,2.0,1.0549201679861442,1.0549201679861442,0.0,,2.482727272727273,,2.482727272727273,2.482727272727273,11.512727272727274,11.512727272727274,11.512727272727274,6.463636363636365,,140.985,,140.985,140.985,-0.3762272727272728,,0.11436363636363636,
GR86-032-015,15,6.0,6.34722164529849,9.696197144602163,65.72557312252965,1.4829545454545454,5.0,261.0,1.433856924192174,2.163955656882057,0.0,0.0,19.552651903942657,20.226002071567834,2.4266666666666667,99.96761904761905,2.051389782329052,34.82086956521739,361.0446016899132,-6.71203616941553,33.68638716820212,83.18296875,28.738811307913824,16.130000000000003,156.904,-0.0034408820750418956,0.19748908385985495,-0.03642842170625172,0.48458036902985585
GR86-032-015,15,6.7272727272727275,0.7045454545454533,,0.7045454545454533,1.0,1.0,1.0,0.9433483923290392,0.9433483923290392,0.0,,17.581363636363637,,17.581363636363637,17.581363636363637,0.0,0.0,0.0,3.3681818181818186,,112.415,,112.415,112.415,0.02218181818181818,,0.05090909090909091,
GR86-032-015,15,7.0,7.187853804431868,12.103278775175752,79.11121739130435,0.7771084337349398,5.0,129.0,1.4766321710005648,2.3025850929940455,0.0,0.0,19.58682039407096,23.103756714561463,2.4309523809523808,99.92826086956521,1.0424501752738913,29.685238095238095,173.04672909546593,-6.100997260011009,34.06382615147415,88.47192771084337,23.063539909659116,48.722,142.79000000000002,-0.008014338468951335,0.1663776940994634,-0.03889703563999457,0.5458829015192833
GR86-032-015,15,7.55,1.9532631578947375,,1.9532631578947375,3.0,3.0,3.0,0.6931471805599453,0.6931471805599453,0.0,,5.098000000000001,,5.098000000000001,5.098000000000001,0.0,0.0,0.0,0.6000000000000001,,89.04400000000001,,89.04400000000001,89.04400000000001,-0.0887,,0.0039,
GR86-032-015,15,8.0,9.990391420612765,13.863864705434732,70.04836438923395,1.5138888888888888,5.0,218.0,1.5334453747337355,2.163955656882057,0.0,0.0,31.17918420122038,30.45533502847119,2.460952380952381,99.90761904761905,2.1566965826450986,30.503695652173914,310.5643079008942,-6.109357266182714,37.089598683049466,100.40786226851851,25.194494285898955,49.2875,159.44,0.014510199045216094,0.20995100767390001,-0.08545234760168158,0.6724666289461579
GR86-032-015,15,8.045454545454545,0.0,,0.0,0.0,0.0,0.0,1.5571130980576458,1.5571130980576458,0.0,,99.89681818181818,,99.89681818181818,99.89681818181818,0.0,0.0,0.0,6.990909090909091,,165.16500000000002,,165.16500000000002,165.16500000000002,0.15354545454545454,,0.1865909090909091,
GR86-032-015,15,9.0,14.914697393838248,19.67936050147303,83.49952380952381,1.5789473684210527,5.0,180.0,1.7324217933201258,2.163955656882057,0.0,0.0,64.91750178126011,38.62045393113628,2.4827272727272724,99.97,5.435119949118398,75.53022727272727,619.6036741994974,-6.502668704271137,40.518812635987764,129.15380701754387,30.354576997860892,69.1375,185.672,0.011398841652301242,0.35064059661703667,-0.07681754236503123,0.8553499727371591
GR86-032-015,15,10.0,14.871983922899863,21.429805133078354,82.46132034632035,1.4473684210526316,5.0,165.0,1.7446824706993633,2.163955656882057,0.0,0.0,66.7206768643458,39.223456880789186,2.440588235294118,99.97857142857144,5.3804013113419975,68.10875,613.3657494929877,-6.400054614502161,40.348635310999505,128.1863859649123,30.789885839564736,70.032,183.5525,0.013824615691218746,0.3476139463012518,-0.07234568440702119,0.8495177466226955
GR86-032-015,15,10.434782608695652,0.002371541501986485,,0.002371541501986485,0.0,0.0,0.0,1.366158847569202,1.366158847569202,0.0,,99.94217391304348,,99.94217391304348,99.94217391304348,0.0,0.0,0.0,10.126086956521739,,167.255,,167.255,167.255,0.15939130434782608,,0.31169565217391304,
GR86-032-015,15,11.0,15.446166274553951,21.51459863287271,81.42359683794466,1.2280701754385965,5.0,140.0,1.7296517206311481,2.163955656882057,0.0,0.0,65.49911676476762,39.58771069725271,2.4947826086956524,99.97428571428571,5.425516941624223,64.00380952380952,618.5089313451614,-6.741468408028312,37.70294653523308,127.46969298245614,30.998043770385674,63.7325,182.575,0.006820856955030599,0.36492135655583474,-0.07252234979227709,0.8345447848675054
GR86-032-015,15,11.26086956521739,0.0027865612648128035,,0.0027865612648128035,0.0,0.0,0.0,1.5047882836811906,1.5047882836811906,0.0,,99.94130434782609,,99.94130434782609,99.94130434782609,0.0,0.0,0.0,8.595652173913043,,166.7,,166.7,166.7,0.16578260869565217,,0.26665217391304347,
GR86-032-015,15,12.0,16.372363160091325,21.607848657552264,94.8302371541502,1.391304347826087,5.0,160.0,1.6843048318501075,2.163955656882057,0.0,0.0,65.31081183053452,38.949009962519206,2.4945454545454546,99.97571428571428,5.794048027863424,103.49285714285713,666.3155232042938,-5.6192635235623,38.14213977116391,126.94348405797102,31.210027930803065,64.7025,181.83800000000002,0.0071820210744715715,0.3622182730683774,-0.07035269569904333,0.8299815470471164
GR86-032-015,15,12.619047619047619,0.0019264069263869033,,0.0019264069263869033,0.0,0.0,0.0,1.4708084763221114,1.4708084763221114,0.0,,99.90761904761905,,99.90761904761905,99.90761904761905,0.0,0.0,0.0,17.29047619047619,,166.585,,166.585,166.585,0.14428571428571427,,0.548904761904762,
GR86-032-015,15,13.0,14.57210272512642,20.11827083674812,80.36515527950309,1.3716814159292035,5.0,155.0,1.7566331911371238,2.163955656882057,0.0,0.0,65.04643932525615,38.57790976039285,2.4911764705882353,99.94521739130434,5.830129512792873,94.76309523809525,658.8046349455947,-6.487758976371946,38.98065302635142,127.7756592920354,30.468638899670363,68.56,185.39600000000002,0.008103753184051871,0.3657550783283178,-0.07912287486410512,0.8530119954637376
GR86-032-015,15,13.043478260869565,1.9762845838044996e-05,,1.9762845838044996e-05,0.0,0.0,0.0,1.4184836619456564,1.4184836619456564,0.0,,99.8804347826087,,99.8804347826087,99.8804347826087,0.0,0.0,0.0,5.834782608695652,,163.926,,163.926,163.926,0.16652173913043478,,0.16369565217391305,
GR86-032-015,15,14.0,14.656145447804501,19.144362276417734,68.74727777777778,1.3716814159292035,5.0,155.0,1.7319428014989398,2.163955656882057,0.0,0.0,66.10490244083394,38.23039491852883,2.490909090909091,99.91227272727274,6.136607030046405,78.7715,693.4365943952438,-6.158814549098743,38.15407294941747,128.95123451327433,30.68119485852441,69.295,186.98,0.006842313750607186,0.3718191924604021,-0.08014882124050297,0.8502872981569487
GR86-032-015,15,14.136363636363637,0.00045454545454504114,,0.00045454545454504114,0.0,0.0,0.0,1.3592367006650063,1.3592367006650063,0.0,,99.86272727272727,,99.86272727272727,99.86272727272727,0.0,0.0,0.0,8.122727272727273,,164.185,,164.185,164.185,0.14559090909090908,,0.23304545454545453,
GR86-032-015,15,15.0,14.39485682734828,21.45695933598291,86.83873913043477,1.5350877192982457,5.0,175.0,1.6772331265226614,2.163955656882057,0.0,0.0,67.10460407822212,38.45558319496281,2.49,99.8985,6.267652724922197,99.119,714.5124106411305,-4.277622589528661,37.81705217652934,127.97440789473684,30.833114808506437,68.402,185.13600000000002,0.009966362948898185,0.36989874732208483,-0.06809009828702375,0.8469087539896963
GR86-032-015,15,15.363636363636363,0.0013833992094873793,,0.0013833992094873793,0.0,0.0,0.0,1.3592367006650063,1.3592367006650063,0.0,,99.85181818181817,,99.85181818181817,99.85181818181817,0.0,0.0,0.0,5.486363636363636,,166.01,,166.01,166.01,0.14754545454545454,,0.18999999999999997,
GR86-032-015,15,16.0,14.638314838137122,21.032155538105904,93.9809090909091,1.4912280701754386,5.0,170.0,1.7056075947664473,2.163955656882057,0.0,0.0,66.87952965756733,38.32558725883358,2.492857142857143,99.88315789473684,5.758905895077128,75.61699999999999,656.5152720387927,-6.388654314590262,38.2117302655581,128.0482894736842,30.37560436187388,68.686,183.958,0.008627374367594065,0.3674487974083437,-0.07381561073462654,0.8499695780511095
GR86-032-015,15,16.82608695652174,0.0016600790513905395,,0.0016600790513905395,0.0,0.0,0.0,1.3321790402101223,1.3321790402101223,0.0,,99.84347826086957,,99.84347826086957,99.84347826086957,0.0,0.0,0.0,15.108695652173912,,166.99200000000002,,166.99200000000002,166.99200000000002,0.15439130434782608,,0.4869565217391304,
GR86-032-015,15,17.0,15.132716206934743,21.412961469542672,82.32848484848485,1.4464285714285714,5.0,162.0,1.716572984090375,2.163955656882057,0.0,0.0,67.55285957581644,38.28477695130198,2.4925,99.88136363636363,6.0538415432749195,79.10586956521739,678.030252846791,-7.21009747878201,37.9330461459944,128.49472767857142,30.717917520069093,66.5825,182.626,0.004589820162428058,0.3750025224044328,-0.0875893506678467,0.8419359624194097
GR86-032-015,15,17.73913043478261,0.0061086956521876346,,0.0061086956521876346,0.0,0.0,0.0,1.1682824501765625,1.1682824501765625,0.0,,99.83260869565218,,99.83260869565218,99.83260869565218,0.0,0.0,0.0,11.334782608695651,,167.64600000000002,,167.64600000000002,167.64600000000002,0.14821739130434783,,0.34343478260869564,
GR86-032-015,15,18.0,14.193852776305572,21.498248139259182,89.40539525691699,1.608695652173913,5.0,185.0,1.7173937559752916,2.0253262207700677,0.0,0.0,67.5839972161572,38.44995554255945,2.4678260869565216,99.8655,6.217875581248137,76.84065217391304,715.0556918435358,-1.651930733709006,54.258415145071304,125.56264347826087,33.295889805858664,56.2,182.98399999999998,0.006892448383744945,0.3765943812522916,-0.06257648519240869,0.8153491345247187
GR86-032-015,15,18.318181818181817,0.002727272727270247,,0.002727272727270247,0.0,0.0,0.0,1.4184836619456564,1.4184836619456564,0.0,,99.82181818181817,,99.82181818181817,99.82181818181817,0.0,0.0,0.0,10.254545454545454,,164.48600000000002,,164.48600000000002,164.48600000000002,0.14613636363636362,,0.32081818181818184,
GR86-032-015,15,19.0,15.717774516567047,22.258831053758435,90.08797101449274,1.5044247787610618,5.0,170.0,1.7616680547142678,2.163955656882057,0.0,0.0,68.7776897133957,38.13476804221878,2.492,99.865,6.127026301741096,84.96738095238095,692.3539720967439,-5.234143316808993,35.72401338235519,128.73433628318583,30.941876383638533,68.955,185.32,0.010971330672206766,0.3755189995723029,-0.08331142308773963,0.8503514674032072
GR86-032-015,15,19.454545454545453,0.0028571428571524393,,0.0028571428571524393,0.0,0.0,0.0,1.5571130980576458,1.5571130980576458,0.0,,99.84,,99.84,99.84,0.0,0.0,0.0,6.286363636363637,,165.558,,165.558,165.558,0.15159090909090908,,0.17886363636363636,
GR86-032-015,15,20.0,15.745623514384825,21.43738882941922,91.69752964426878,1.2280701754385965,5.0,140.0,1.7066763233313496,2.3025850929940455,0.0,0.0,64.96202919334978,38.09466079344146,2.4904347826086957,99.86117647058823,5.897867379251818,81.15739130434783,672.3568812347073,-5.8133057779515305,39.50413852165718,127.91792105263158,30.51003088653389,67.628,184.224,0.010683003982216175,0.36099813831290134,-0.07342547299587526,0.8523753057697934
GR86-032-015,15,20.636363636363637,0.001442687747029936,,0.001442687747029936,0.0,0.0,0.0,1.1682824501765625,1.1682824501765625,0.0,,99.82318181818182,,99.82318181818182,99.82318181818182,0.0,0.0,0.0,7.954545454545454,,168.17000000000002,,168.17000000000002,168.17000000000002,0.1545,,0.28695454545454546,
GR86-032-015,15,21.0,14.616932268044042,21.34365411997752,86.37181818181818,1.5044247787610618,5.0,170.0,1.7396518983452314,2.163955656882057,0.0,0.0,65.64447677235152,39.2797915877993,2.5013636363636365,99.855,5.84303051615581,79.52931818181818,660.2624483256066,-6.350399269617315,39.33834425133377,128.38019469026548,30.75684244475655,64.24600000000001,182.0925,0.0058534865377967964,0.3636441039366864,-0.07613489367525814,0.8520106267617791
GR86-032-015,15,21.636363636363637,0.0018181818181801646,,0.0018181818181801646,0.0,0.0,0.0,1.4708084763221114,1.4708084763221114,0.0,,99.82181818181817,,99.82181818181817,99.82181818181817,0.0,0.0,0.0,5.795454545454546,,167.875,,167.875,167.875,0.14327272727272727,,0.16377272727272726,
GR86-032-015,15,22.0,15.078427570728213,22.19539295282494,86.68367391304348,1.238938053097345,4.0,140.0,1.6981481445362103,2.163955656882057,0.0,0.0,67.15274471810947,38.77557486564675,2.4904545454545453,99.85363636363635,6.402887586480806,84.75380952380952,723.526297272331,-4.6627271619766715,36.945105062298566,128.12907227138643,30.980116039836016,65.784,182.42,0.006903630159264917,0.37820979712931657,-0.07255348253514148,0.8475451040765515
GR86-032-015,15,22.434782608695652,0.004328063241104019,,0.004328063241104019,0.0,0.0,0.0,1.1935496040981333,1.1935496040981333,0.0,,99.80478260869566,,99.80478260869566,99.80478260869566,0.0,0.0,0.0,8.165217391304349,,165.794,,165.794,165.794,0.14521739130434783,,0.21347826086956523,
GR86-032-015,15,23.0,15.599650487516783,22.830452775457736,90.96563043478261,1.5296803652968036,5.0,335.0,1.6987462683271688,2.163955656882057,0.0,0.0,67.95498753793014,38.675191185507565,2.4580952380952383,99.83947368421053,6.263632357337054,103.2504347826087,1371.7354862568147,-7.854026053279762,38.85696269705463,125.92840867579909,31.120708803606476,51.7725,186.8625,0.009734446850847865,0.3678602252465074,-0.10700744453446302,0.8233377933142066
GR86-032-015,15,23.4,43.03122727272728,,43.03122727272728,1.0,1.0,1.0,1.470808476322111,1.470808476322111,0.0,,56.6965,,56.6965,56.6965,0.69275,0.69275,0.69275,3.935,,167.7675,,167.7675,167.7675,0.04245,,0.21615,
GR86-032-015,15,23.52173913043478,0.21662055335968944,,0.21662055335968944,0.0,0.0,0.0,1.4184836619456564,1.4184836619456564,0.0,,99.57565217391306,,99.57565217391306,99.57565217391306,0.0,0.0,0.0,12.826086956521738,,167.964,,167.964,167.964,0.14947826086956523,,0.4188695652173913,
GR86-032-015,15,24.0,5.545164031793437,8.81927969296067,70.69824110671937,1.2016806722689075,5.0,429.0,1.3855149906975908,2.3025850929940455,0.0,0.0,15.772042452520344,15.39971660198598,2.3813636363636363,99.75095238095238,1.886067542202898,34.47568181818182,673.3261125664346,-6.117462448905609,30.78624404380119,83.29204353932585,37.784462853623225,7.029999999999999,173.208,-0.03279147727704988,0.1663021843525474,-0.04637836090015125,0.5059792074163042
GR86-032-015,15,24.26086956521739,0.04282608695652179,,0.04282608695652179,0.0,0.0,0.0,0.6730116670092565,0.6730116670092565,0.0,,8.292173913043479,,8.292173913043479,8.292173913043479,0.0,0.0,0.0,0.1565217391304348,,46.6225,,46.6225,46.6225,-0.043347826086956524,,-0.012,
GR86-032-015,15,24.428571428571427,0.03548654244306437,,0.03548654244306437,0.0,0.0,0.0,0.3250829733914482,0.3250829733914482,0.0,,7.658095238095238,,7.658095238095238,7.658095238095238,0.0,0.0,0.0,-2.119047619047619,,44.148,,44.148,44.148,-0.05761904761904762,,-0.009619047619047619,
GR86-032-015,15,25.0,1.3322475339610809,2.2862932910469698,18.66272727272727,0.9672727272727273,5.0,266.0,1.2391252430953508,2.3025850929940455,0.0,0.0,5.5522972564527215,4.393085787667207,2.4260869565217393,35.36333333333333,1.0981210037130196,28.237727272727273,301.98327602108037,-7.919173658094212,57.41970925266969,20.460896363636365,14.240172082942385,0.0,78.01,-0.026947470292414746,0.07846574984877072,0.0051944491599517605,0.11435724847431249
GR86-033-046,46,1.0,12.224483890677275,20.67190150932268,94.55610671936759,1.3825665859564165,5.0,571.0,1.1519246320540357,2.163955656882057,0.0,0.0,28.618636534720466,32.053517921825495,2.441666666666667,100.1645,4.1720561478172735,44.264782608695654,1723.0591890485339,-3.1036878937890076,29.566631598555468,59.3430411622276,46.576792774028654,0.0,131.33,0.021438906634948504,0.20006476575292245,-0.022016583662138905,0.5120474447776967
GR86-033-046,46,1.5909090909090908,1.8640909090909084,,1.8640909090909084,0.0,0.0,0.0,1.6957425341696348,1.6957425341696348,0.0,,29.689090909090908,,29.689090909090908,29.689090909090908,0.0,0.0,0.0,34.14545454545455,,116.1275,,116.1275,116.1275,0.11495454545454545,,0.9212727272727274,
GR86-033-046,46,2.0,12.514998431438132,19.468517337537843,91.85407114624506,0.7453416149068323,5.0,120.0,1.6292514827976867,2.163955656882057,0.0,0.0,26.454261884149652,27.011596810314877,2.367826086956522,100.20045454545453,1.3178800039864718,29.205,212.17868064182196,-4.0900745517588195,36.40339109949386,91.6049585921325,17.257382601519247,56.846000000000004,139.9225,0.0035958622127951405,0.15779770848591615,-0.030561625352015793,0.6007376646898335
GR86-033-046,46,2.869565217391304,0.010889328063257153,,0.010889328063257153,0.0,0.0,0.0,1.0296530140645737,1.0296530140645737,0.0,,100.0004347826087,,100.0004347826087,100.0004347826087,0.0,0.0,0.0,6.882608695652174,,137.108,,137.108,137.108,0.21269565217391306,,0.10260869565217391,
GR86-033-046,46,3.0,14.266774618609556,22.25912298832899,81.785,1.415929203539823,5.0,160.0,1.7509784746247454,2.163955656882057,0.0,0.0,73.87103806658904,37.001311632866084,2.415217391304348,100.15826086956521,6.546130219081932,85.38772727272728,739.7127147562583,-5.878649572179777,38.34582431902947,128.88761061946903,29.506904955793708,65.0175,183.256,0.021184376191975267,0.3581082036988249,-0.058665803530828536,0.8437623483905106
GR86-033-046,46,3.9130434782608696,0.0036521739130535025,,0.0036521739130535025,0.0,0.0,0.0,1.2798542258336674,1.2798542258336674,0.0,,100.00565217391305,,100.00565217391305,100.00565217391305,0.0,0.0,0.0,18.860869565217392,,169.7375,,169.7375,169.7375,0.1483478260869565,,0.5161304347826087,
GR86-033-046,46,4.0,16.10921353282909,26.31164897261223,88.17227272727274,1.3963963963963963,5.0,155.0,1.67845002859401,2.0253262207700677,0.0,0.0,75.06992879204206,37.32418411839189,2.3356521739130436,100.15391304347825,8.024290091619896,103.39999999999999,890.6962001698085,-5.797784660050107,37.18676469811652,129.72723873873875,30.711083110680455,62.286,184.69,0.01807920673132343,0.3804626375786714,-0.06231830299347461,0.8736159276335645
GR86-033-046,46,4.363636363636363,0.0010474308300416624,,0.0010474308300416624,0.0,0.0,0.0,1.4708084763221112,1.4708084763221112,0.0,,99.99590909090908,,99.99590909090908,99.99590909090908,0.0,0.0,0.0,11.972727272727274,,166.845,,166.845,166.845,0.14122727272727273,,0.26613636363636367,
GR86-033-046,46,5.0,15.396178408418704,24.27976843642835,95.18415217391305,1.4285714285714286,5.0,160.0,1.747258768472287,2.3025850929940455,0.0,0.0,74.26554278726,37.522342984740526,2.3782608695652177,100.13909090909091,7.78669507743809,106.98608695652173,872.109848673066,-6.673105357443581,37.46687917251169,129.51704910714287,30.9859180233872,64.928,184.998,0.020536218572617313,0.3763944460056142,-0.059212437051479626,0.8574469419712162
GR86-033-046,46,5.409090909090909,0.006363636363658998,,0.006363636363658998,0.0,0.0,0.0,1.3592367006650063,1.3592367006650063,0.0,,100.00227272727274,,100.00227272727274,100.00227272727274,0.0,0.0,0.0,12.340909090909092,,167.2175,,167.2175,167.2175,0.15427272727272728,,0.3188636363636364,
GR86-033-046,46,6.0,5.603362012991802,14.25280144933696,88.61158102766797,0.9310344827586207,5.0,270.0,0.9157456180296943,2.163955656882057,0.0,0.0,23.469875605643196,31.479845276903408,2.437619047619048,100.09,3.0734550015576625,116.2656818181818,891.3019504517222,-15.030238720164364,63.942748458016034,51.235160300925926,61.110713807560366,0.0,182.2425,0.005468300287881269,0.18587872045414744,-0.005542395113240427,0.5082155275409063
GR86-033-046,46,6.695652173913044,0.9322981366459615,,0.9322981366459615,0.0,0.0,0.0,0.9433483923290391,0.9433483923290391,0.0,,16.10086956521739,,16.10086956521739,16.10086956521739,0.0,0.0,0.0,9.960869565217392,,118.428,,118.428,118.428,-0.015565217391304348,,0.18247826086956523,
GR86-033-046,46,7.0,5.340798859228395,8.34012872720654,54.3269358178054,0.5459770114942529,5.0,95.0,1.5250067707987724,2.163955656882057,0.0,0.0,15.272753066648493,13.386439695887535,2.379565217391304,97.00217391304349,0.41034273988546854,10.256739130434783,71.39963674007153,-3.8577148763280698,33.13002795391839,84.09516954022988,14.362567883950627,42.104,118.106,-0.005081117504018555,0.11207341682942895,-0.032345436156380684,0.46149310846797414
GR86-033-046,46,7.409090909090909,0.5784782608695629,,0.5784782608695629,0.0,0.0,0.0,0.6730116670092565,0.6730116670092565,0.0,,18.075,,18.075,18.075,0.0,0.0,0.0,5.013636363636365,,102.696,,102.696,102.696,0.05695454545454546,,0.06513636363636365,
GR86-033-046,46,8.0,7.252781267801109,14.436946374608992,88.30513457556937,0.7485029940119761,4.0,125.0,1.5969018934948256,2.163955656882057,0.0,0.0,20.266446904328863,22.791935298602574,2.430952380952381,100.03086956521739,1.1010149520270582,30.00325,183.86949698851873,-4.009701957841418,36.50321360861391,88.32214071856288,15.168019081742841,58.534000000000006,134.8,-0.002215421274374574,0.15116894794617958,-0.0375085887815337,0.5385455870221493
GR86-033-046,46,9.0,6.5726646610899415,11.07933635665322,61.26782608695652,0.36423841059602646,4.0,55.0,1.5532511342922461,2.163955656882057,0.0,0.0,26.127076021205017,26.30034236416082,2.338695652173913,100.01772727272727,0.5896628861109138,29.533863636363638,89.03909580274798,-4.366288511373452,35.673195256099895,97.63,17.76812819798417,57.5625,164.6975,0.012989654078525372,0.1497444889599976,-0.04293217199347346,0.6264454846750305
GR86-033-046,46,9.91304347826087,0.003122529644286942,,0.003122529644286942,0.0,0.0,0.0,1.2798542258336676,1.2798542258336676,0.0,,100.0113043478261,,100.0113043478261,100.0113043478261,0.0,0.0,0.0,19.730434782608697,,169.13400000000001,,169.13400000000001,169.13400000000001,0.13978260869565218,,0.5589565217391305,
GR86-033-046,46,10.0,14.99449261797088,21.550990248381996,81.56478260869565,1.4414414414414414,5.0,160.0,1.7384789867903474,2.163955656882057,0.0,0.0,73.68854038114908,36.599907284566,2.4050000000000002,100.04954545454547,6.536400241291545,81.09363636363636,725.5404267833616,-5.269819133080003,36.03273458998955,130.4147882882883,30.684331882052643,65.00399999999999,187.25,0.021125761390978787,0.3697009974384511,-0.055757108944065464,0.8729544691112896
GR86-033-046,46,10.91304347826087,0.006521739130448623,,0.006521739130448623,0.0,0.0,0.0,1.2798542258336676,1.2798542258336676,0.0,,100.00217391304349,,100.00217391304349,100.00217391304349,0.0,0.0,0.0,21.047826086956523,,169.916,,169.916,169.916,0.14691304347826087,,0.6473478260869566,
GR86-033-046,46,11.0,13.804169672916853,22.427263310211504,88.26167984189723,1.290909090909091,5.0,142.0,1.734583806276052,2.3025850929940455,0.0,0.0,73.61957987959107,37.29381520271231,2.4504545454545457,100.07181818181817,7.4639456393408965,105.75681818181819,821.0340203274986,-6.106938101579115,35.877047768524555,129.8378818181818,31.07958200233771,63.73,185.08999999999997,0.02321150984216899,0.3754076281042455,-0.07482112035759327,0.86495113669497
GR86-033-046,46,11.285714285714286,0.004906832298118502,,0.004906832298118502,0.0,0.0,0.0,1.4708084763221112,1.4708084763221112,0.0,,99.99857142857144,,99.99857142857144,99.99857142857144,0.0,0.0,0.0,13.057142857142857,,165.972,,165.972,165.972,0.15223809523809523,,0.3506666666666667,
GR86-033-046,46,12.0,15.012368954689565,23.50589726084234,85.67233695652173,1.4285714285714286,5.0,160.0,1.7475941329403735,2.3025850929940455,0.0,0.0,74.36365235170112,36.85719267578323,2.3854545454545453,100.06318181818182,7.569848370293441,120.30826086956522,847.8230174728653,-4.734901773655859,36.457159011730525,130.2198526785714,31.054105318371306,64.554,187.6475,0.02037845817518811,0.3746812487398361,-0.056651827435628056,0.8632527538274781
GR86-033-046,46,12.91304347826087,0.0,,0.0,0.0,0.0,0.0,1.2798542258336676,1.2798542258336676,0.0,,100.0,,100.0,100.0,0.0,0.0,0.0,18.16521739130435,,170.03199999999998,,170.03199999999998,170.03199999999998,0.14821739130434783,,0.5964782608695652,
GR86-033-046,46,13.0,15.362210696015046,22.337835099916205,84.00911067193677,1.4864864864864864,5.0,165.0,1.7297422739469057,2.163955656882057,0.0,0.0,74.42775045358741,36.36161059960127,2.3868181818181817,100.0559090909091,7.6907331800674195,124.21113636363636,853.6713829874835,-7.694942674181805,37.02822528742682,130.09462162162163,30.882952644123336,66.19800000000001,186.235,0.02029422816379338,0.38886358679790495,-0.06000135879103271,0.8764037519061784
GR86-033-046,46,13.555555555555555,0.0021256038647408104,,0.0021256038647408104,0.0,0.0,0.0,1.2798542258336674,1.2798542258336674,0.0,,100.00222222222222,,100.00222222222222,100.00222222222222,0.0,0.0,0.0,16.63888888888889,,167.202,,167.202,167.202,0.1617222222222222,,0.47988888888888886,
GR86-033-046,46,14.0,16.346563486634427,24.358836895478188,91.44882608695652,1.3063063063063063,5.0,145.0,1.6910259449426566,2.163955656882057,0.0,0.0,73.57940976553063,36.65142561893088,2.4413636363636364,100.03956521739131,7.786607270031183,110.0608695652174,864.3134069734614,-6.342264355690457,38.010592515591114,129.99153153153154,31.239084305945916,62.8475,186.38600000000002,0.019157628929580065,0.38109890980246786,-0.058605907362917056,0.8704826752160658
GR86-033-046,46,14.318181818181818,0.003636363636360329,,0.003636363636360329,0.0,0.0,0.0,1.1682824501765625,1.1682824501765625,0.0,,100.00136363636365,,100.00136363636365,100.00136363636365,0.0,0.0,0.0,13.245454545454544,,166.91750000000002,,166.91750000000002,166.91750000000002,0.14213636363636364,,0.37731818181818183,
GR86-033-046,46,15.0,14.762687943731422,23.47676810199625,95.11272727272727,1.4414414414414414,5.0,160.0,1.733561823808271,2.163955656882057,0.0,0.0,74.87964012968361,36.45668368881658,2.4366666666666665,100.02863636363637,7.225579269274922,87.79568181818182,802.0392988895163,-6.730560899691334,37.19231231733843,130.07828378378377,30.97864542196928,65.39750000000001,185.26,0.021387542765803635,0.37498054312173645,-0.05714321566060696,0.8767788125830919
GR86-033-046,46,15.136363636363637,0.00015810276680383595,,0.00015810276680383595,0.0,0.0,0.0,1.4184836619456564,1.4184836619456564,0.0,,100.00636363636363,,100.00636363636363,100.00636363636363,0.0,0.0,0.0,7.445454545454546,,165.408,,165.408,165.408,0.15013636363636362,,0.1309090909090909,
GR86-033-046,46,16.0,14.77586467456756,22.583949168880462,95.84733333333334,1.5178571428571428,5.0,170.0,1.686908289811026,2.163955656882057,0.0,0.0,73.79425510389822,36.91298350076654,2.4495652173913043,100.03565217391305,7.467147705846172,128.7095,836.3205430547713,-6.278362177588947,36.72116033335048,130.3471130952381,31.018102065025243,65.27250000000001,183.6,0.020841847976448745,0.37172138804149274,-0.05412960788122197,0.8734386394222255
GR86-033-046,46,16.863636363636363,0.0038932806324254443,,0.0038932806324254443,0.0,0.0,0.0,1.2798542258336676,1.2798542258336676,0.0,,99.99954545454547,,99.99954545454547,99.99954545454547,0.0,0.0,0.0,18.96818181818182,,169.06,,169.06,169.06,0.149,,0.6181363636363636,
GR86-033-046,46,17.0,14.401222625787844,22.73878580252327,88.7505928853755,1.5315315315315314,5.0,170.0,1.7157303587079478,2.163955656882057,0.0,0.0,74.17309522157377,37.09578838917349,2.4109090909090907,100.0186956521739,7.323810977514782,119.56545454545454,812.9430185041408,-5.2369754996757285,34.047451876721574,130.27393393393393,30.956533947146735,65.668,187.1325,0.020965540752497278,0.37700508232344576,-0.059119911397399964,0.8767964974052335
GR86-033-046,46,17.761904761904763,8.281573498436501e-05,,8.281573498436501e-05,0.0,0.0,0.0,1.1682824501765625,1.1682824501765625,0.0,,99.98095238095237,,99.98095238095237,99.98095238095237,0.0,0.0,0.0,17.52857142857143,,168.488,,168.488,168.488,0.15019047619047618,,0.5344761904761904,
GR86-033-046,46,18.0,13.938483038954434,22.75493252995684,82.66741106719368,1.3963963963963963,5.0,155.0,1.6966120343613131,2.163955656882057,0.0,0.0,74.1406984798106,36.85924166793064,2.4182608695652172,100.01391304347827,7.307380927169257,115.40152173913044,811.1192829157875,-6.761834095083524,36.889203206400516,129.98048648648648,31.17256006799887,64.4525,186.524,0.020151368459606446,0.3845998603471679,-0.05822059731281699,0.8756332198810362
GR86-033-046,46,18.545454545454547,0.0038735177865589776,,0.0038735177865589776,0.0,0.0,0.0,1.2798542258336674,1.2798542258336674,0.0,,99.9709090909091,,99.9709090909091,99.9709090909091,0.0,0.0,0.0,14.95,,168.05599999999998,,168.05599999999998,168.05599999999998,0.1509090909090909,,0.4470454545454546,
GR86-033-046,46,19.0,14.793290602855821,22.655962134791142,79.39731225296444,1.4864864864864864,5.0,165.0,1.6646579002697424,2.0253262207700677,0.0,0.0,74.99010884119579,35.9692968676509,2.497391304347826,100.01,7.865586094281746,110.36413043478261,873.0800564652739,-4.955306379219423,35.87883572030487,130.41394594594595,31.143616378900866,62.42,186.488,0.021040836714749763,0.38074966006117933,-0.05952276584885281,0.8722897351709669
GR86-033-046,46,19.47826086956522,0.007826086956526979,,0.007826086956526979,0.0,0.0,0.0,1.2798542258336674,1.2798542258336674,0.0,,99.96347826086956,,99.96347826086956,99.96347826086956,0.0,0.0,0.0,14.291304347826086,,167.4925,,167.4925,167.4925,0.15043478260869564,,0.42508695652173917,
GR86-033-046,46,20.0,15.78117077947513,24.12246648735999,96.43132411067194,1.4414414414414414,5.0,160.0,1.7110168519510727,2.0253262207700677,0.0,0.0,73.51136003290351,36.852979590209905,2.463913043478261,100.00500000000001,7.922411224041659,119.89250000000001,879.3876458686242,-6.33314263553394,36.80024724643104,130.25606156156158,31.049090302968356,63.638,186.1725,0.01977724542072368,0.3827970564285972,-0.05640353717310239,0.8732898856368632
GR86-033-046,46,20.434782608695652,0.0008695652173997814,,0.0008695652173997814,0.0,0.0,0.0,1.1682824501765625,1.1682824501765625,0.0,,99.9491304347826,,99.9491304347826,99.9491304347826,0.0,0.0,0.0,13.5,,166.388,,166.388,166.388,0.1413913043478261,,0.3701304347826087,
GR86-033-046,46,21.0,15.221170729614666,24.2397205591484,93.28606719367588,1.3513513513513513,5.0,150.0,1.7438213135022034,2.163955656882057,0.0,0.0,73.77090801196866,37.18161192086507,2.5052173913043476,99.9947619047619,7.7435664984578025,92.44090909090909,859.5358813288161,-6.673592586315698,37.91209183029746,130.06711261261262,31.315423940251197,60.95,185.596,0.01832737313915804,0.37900961503523045,-0.05951442920092805,0.8728251023520743
GR86-033-046,46,21.26086956521739,0.0030434782608779187,,0.0030434782608779187,0.0,0.0,0.0,1.3592367006650063,1.3592367006650063,0.0,,99.9513043478261,,99.9513043478261,99.9513043478261,0.0,0.0,0.0,12.556521739130435,,166.798,,166.798,166.798,0.14352173913043478,,0.37017391304347824,
GR86-033-046,46,22.0,13.855900805532324,21.371078606175896,88.47363636363636,1.3839285714285714,5.0,155.0,1.7409649095896569,2.163955656882057,0.0,0.0,71.99017743597595,37.10584819094552,2.433913043478261,99.98782608695652,7.381826508345433,92.74804347826087,826.7645689346884,-7.025880721619832,39.35592919147358,129.34037946428572,32.00136141848095,60.275999999999996,185.0525,0.019440836315803626,0.37072528647063024,-0.052665603750341405,0.8610460626008495
GR86-033-046,46,22.238095238095237,0.003398268398257187,,0.003398268398257187,0.0,0.0,0.0,1.1935496040981333,1.1935496040981333,0.0,,99.9452380952381,,99.9452380952381,99.9452380952381,0.0,0.0,0.0,7.333333333333333,,166.634,,166.634,166.634,0.1462857142857143,,0.2149047619047619,
GR86-033-046,46,23.0,14.869933486932322,21.456873030415625,79.98727272727274,1.2946428571428572,5.0,145.0,1.6843044342910092,2.163955656882057,0.0,0.0,73.03778420197044,36.531083139026116,2.4066666666666667,99.9835,7.957911031342709,124.04695652173913,891.2860355103834,-6.880904236139711,35.74819210531409,129.70883482142855,31.615111347008277,64.104,187.5075,0.023533646193464562,0.3872451394153784,-0.048226647717543425,0.8672462722186387
GR86-033-046,46,23.652173913043477,0.003438735177880403,,0.003438735177880403,0.0,0.0,0.0,1.1682824501765625,1.1682824501765625,0.0,,99.94434782608697,,99.94434782608697,99.94434782608697,0.0,0.0,0.0,16.304347826086957,,168.09,,168.09,168.09,0.14995652173913043,,0.49526086956521737,
GR86-033-046,46,24.0,14.93126072650558,23.08075362782475,86.03733766233766,1.3963963963963963,5.0,155.0,1.6963704327286482,2.3025850929940455,0.0,0.0,73.66654919207895,36.65387043332931,2.420434782608696,99.97818181818182,8.025546087872174,115.48978260869565,890.8356157538113,-7.617603809045456,38.20922327614646,129.69333333333333,31.630953778001402,60.754,186.342,0.01804541655834562,0.38859158095504404,-0.05077519050001888,0.8728230719247474
GR86-033-046,46,24.38095238095238,0.3687662337662374,,0.3687662337662374,0.0,0.0,0.0,1.5571130980576458,1.5571130980576458,0.0,,99.57714285714285,,99.57714285714285,99.57714285714285,0.0,0.0,0.0,-6.847619047619048,,166.998,,166.998,166.998,0.15066666666666667,,-0.5251904761904762,
GR86-033-046,46,25.0,4.38823496793062,9.601343359194326,79.73801242236024,1.0096153846153846,5.0,210.0,1.3852093933219767,2.1972245773362196,0.0,0.0,13.647019285062763,14.055142849347176,2.4177272727272725,99.90521739130436,2.666483534128915,31.513333333333332,554.6285750988143,-2.5957946197823913,47.150603187379275,70.88718990384615,43.547339275073995,0.0,170.9675,-0.019234769329402483,0.12885514491796052,0.007732234635835179,0.4793361777611408
GR86-035-011,11,1.0,14.862938131467276,18.921574371954254,86.35501035196685,1.2647058823529411,5.0,301.0,1.516470345133188,2.3025850929940455,0.0,0.0,38.93328626730757,35.511728454878714,2.4672222222222224,100.14739130434782,2.9401268309357236,55.03523809523809,699.7501857627022,-4.351319002218173,35.6224895528424,95.7517324929972,29.576633805810914,44.186,159.808,0.006299983700399055,0.24042404773408638,-0.06689911472784334,0.5817137904713194
GR86-035-011,11,1.8695652173913044,61.60826086956522,,61.60826086956522,0.0,0.0,0.0,1.0296530140645737,1.0296530140645737,0.0,,32.670869565217394,,32.670869565217394,32.670869565217394,0.0,0.0,0.0,14.843478260869567,,162.585,,162.585,162.585,0.08269565217391305,,0.24595652173913043,
GR86-035-011,11,2.0,15.161141734626236,18.265842955039094,74.38350114416477,1.6783216783216783,5.0,240.0,1.543106442623549,2.163955656882057,0.0,0.0,35.4537075645692,35.31595907979396,2.4814285714285713,100.15869565217392,2.876034497013746,39.85659090909091,411.27293307296566,-3.8034259040695124,38.02450057595311,101.87406177156177,25.969795457611966,55.742000000000004,163.27,-0.019367486076878018,0.2477209757474279,-0.0933864452160595,0.6214100304103817
GR86-035-011,11,2.272727272727273,0.007905138339921791,,0.007905138339921791,0.0,0.0,0.0,0.9502705392332347,0.9502705392332347,0.0,,100.01181818181819,,100.01181818181819,100.01181818181819,0.0,0.0,0.0,5.722727272727273,,149.87,,149.87,149.87,0.1995909090909091,,0.028954545454545455,
GR86-035-011,11,3.0,16.19704700746043,21.439241133784815,92.37027667984191,1.6666666666666667,5.0,225.0,1.5106100301505214,2.0253262207700677,0.0,0.0,58.79912561147359,39.96086453600605,2.4268181818181818,100.20217391304348,4.872261689210584,68.02568181818182,657.7553280434288,31.898995371081817,124.16428860356554,109.55663703703704,41.4192353387004,0.0,180.24,0.0009804853886496389,0.31780773446515903,-0.09137742437003815,0.6961138505808968
GR86-035-011,11,3.6363636363636362,31.226796536796527,,31.226796536796527,0.0,0.0,0.0,1.2798542258336674,1.2798542258336674,0.0,,68.77272727272727,,68.77272727272727,68.77272727272727,0.0,0.0,0.0,21.45909090909091,,167.10250000000002,,167.10250000000002,167.10250000000002,0.11504545454545455,,0.24072727272727273,
GR86-035-011,11,4.0,15.965725551640904,24.085384269443406,82.06924242424242,1.293103448275862,5.0,150.0,1.754031494407592,2.163955656882057,0.0,0.0,62.386667671895715,40.73223118123691,2.4918181818181817,100.2108695652174,4.650263330185557,70.03761904761905,539.4305463015246,0.997085047594965,43.17252513613437,125.06060775862069,28.68659615568143,63.055,177.398,-0.01166249235579579,0.3392661917589028,-0.09873480596616421,0.7994011989947111
GR86-035-011,11,4.454545454545454,0.002272727272710995,,0.002272727272710995,0.0,0.0,0.0,1.1935496040981333,1.1935496040981333,0.0,,100.00090909090909,,100.00090909090909,100.00090909090909,0.0,0.0,0.0,16.995454545454546,,167.304,,167.304,167.304,0.14018181818181819,,0.10181818181818182,
GR86-035-011,11,5.0,16.10006427221172,25.06854675805576,92.11337662337662,1.3043478260869565,5.0,150.0,1.7538826122024278,2.163955656882057,0.0,0.0,66.62975340641516,40.796301582674936,2.4930434782608697,100.1709090909091,5.546912278332884,83.07326086956522,637.8949120082816,0.9008898922852755,43.38870052666032,126.88607826086957,30.301734154864256,65.13,179.99200000000002,-0.008843047427815118,0.36120024086379104,-0.0961092251293296,0.8108669560421387
GR86-035-011,11,5.7727272727272725,0.004090909090919581,,0.004090909090919581,0.0,0.0,0.0,1.2798542258336674,1.2798542258336674,0.0,,100.00318181818183,,100.00318181818183,100.00318181818183,0.0,0.0,0.0,23.913636363636364,,168.42000000000002,,168.42000000000002,168.42000000000002,0.14122727272727273,,0.30268181818181816,
GR86-035-011,11,6.0,16.874238070136823,24.938857626707666,87.72454545454546,1.3559322033898304,5.0,160.0,1.696256448851258,2.163955656882057,0.0,0.0,59.54746858659511,42.01557346792429,2.477727272727273,100.24238095238096,4.161991504750857,41.428333333333335,491.1149975606011,1.7314143128135875,41.88797264971167,122.58790677966101,29.540120334629606,65.51,180.4625,-0.016119318418979043,0.3272502183230123,-0.09291365399329368,0.77195941827837
GR86-035-011,11,6.2727272727272725,0.002173913043492348,,0.002173913043492348,0.0,0.0,0.0,1.3592367006650063,1.3592367006650063,0.0,,100.0,,100.0,100.0,0.0,0.0,0.0,17.28181818181818,,165.122,,165.122,165.122,0.14536363636363636,,0.12704545454545454,
GR86-035-011,11,7.0,1.0805194980204498,5.078221922077335,86.49348484848484,0.4389517569982132,5.0,737.0,0.3959169622500304,2.3025850929940455,0.0,0.0,8.629653663866872,9.239333401591585,2.318695652173913,100.06391304347825,1.7594521823658276,117.55499999999999,2954.1202141922245,-67.68388302838815,117.61445937675941,11.308058599237407,28.641211500136023,0.0,177.48000000000002,-0.011110268833877912,0.07059513242988838,-0.025050542759778287,0.17462148023905186
GR86-035-011,11,7.869565217391305,36.006521739130434,,36.006521739130434,4.0,4.0,4.0,1.2206072645530175,1.2206072645530175,0.0,,100.09260869565217,,100.09260869565217,100.09260869565217,0.0,0.0,0.0,10.378260869565217,,113.15,,113.15,113.15,0.22569565217391305,,-0.029391304347826087,
GR86-035-011,11,8.0,10.14085414008854,14.11623731497369,64.76181818181819,1.2409638554216869,5.0,206.0,1.6983761420841437,2.163955656882057,0.0,0.0,27.709039973320127,32.24717176485976,2.4614285714285713,100.16545454545454,1.8173127849744843,23.217045454545453,301.6739223057644,2.815285954958352,38.25556500462434,88.01353614457831,28.215204113265433,33.918,148.075,-0.01425152316896341,0.18314513641728022,-0.06065026243641391,0.5644880127759986
GR86-035-011,11,8.318181818181818,67.06671936758893,,67.06671936758893,0.0,0.0,0.0,0.8979457248567798,0.8979457248567798,0.0,,2.7154545454545453,,2.7154545454545453,2.7154545454545453,0.0,0.0,0.0,12.04090909090909,,147.8975,,147.8975,147.8975,-0.1464090909090909,,0.00759090909090909,
GR86-035-011,11,9.0,13.67995463570844,18.500904980182444,86.58590909090908,1.3636363636363635,5.0,195.0,1.6810730142121817,2.3025850929940455,0.0,0.0,36.48353996328361,36.18918105042712,2.4604545454545454,100.1809090909091,2.48986607261056,47.86717391304347,356.05084838331004,2.462646344159885,39.47640831295292,102.68276223776223,26.193521489291435,64.2075,175.68,-0.010958840468953176,0.2444441866671382,-0.08704713286220217,0.654740281140889
GR86-035-011,11,9.652173913043478,15.112213438735168,,15.112213438735168,0.0,0.0,0.0,1.2798542258336676,1.2798542258336676,0.0,,84.88869565217392,,84.88869565217392,84.88869565217392,0.0,0.0,0.0,19.44782608695652,,167.294,,167.294,167.294,0.12908695652173913,,0.21804347826086956,
GR86-035-011,11,10.0,18.586382016219446,24.830158253900265,90.17541501976284,1.565217391304348,5.0,180.0,1.7323958087568923,2.163955656882057,0.0,0.0,65.00322293963126,39.63001522752104,2.4782608695652173,100.24636363636364,5.55492474979337,70.93304347826087,638.8163462262376,1.1164847502843722,41.96901523151269,126.16813913043478,29.93216621998522,61.366,180.4225,-0.009043073183904944,0.3564516917558664,-0.0958871275542353,0.8084476503467907
GR86-035-011,11,10.772727272727273,0.006284584980235763,,0.006284584980235763,0.0,0.0,0.0,1.313834033192747,1.313834033192747,0.0,,100.00454545454545,,100.00454545454545,100.00454545454545,0.0,0.0,0.0,26.254545454545454,,169.81400000000002,,169.81400000000002,169.81400000000002,0.14463636363636365,,0.41259090909090906,
GR86-035-011,11,11.0,17.296228104157972,23.212839178345185,82.4273320158103,1.5217391304347827,5.0,175.0,1.780557061544334,2.163955656882057,0.0,0.0,64.08159598137522,40.155189571640456,2.4823809523809524,100.16739130434782,5.5015615144150125,84.14869565217391,632.6795741577264,0.6257413080734144,43.981412300440944,125.77805652173913,30.128584078253215,62.013999999999996,181.665,-0.013011482392180834,0.3551958620435243,-0.09102792719324804,0.8189246888759937
GR86-035-011,11,11.380952380952381,0.007214285714269408,,0.007214285714269408,0.0,0.0,0.0,1.2798542258336676,1.2798542258336676,0.0,,100.00571428571428,,100.00571428571428,100.00571428571428,0.0,0.0,0.0,19.271428571428572,,165.95250000000001,,165.95250000000001,165.95250000000001,0.12357142857142858,,0.152,
GR86-035-011,11,12.0,16.324504285420023,22.8540441867768,86.76181818181817,1.4649122807017543,5.0,167.0,1.798040118123124,2.3025850929940455,0.0,0.0,65.34710758575356,39.991705729854964,2.3868181818181817,100.13869565217392,5.73531767907912,82.02071428571428,653.8262154150198,1.9883687089983004,42.813370864034695,126.51451769911505,30.531213558680488,64.08,180.10750000000002,-0.015468449057889624,0.3662332480862655,-0.08362082376676498,0.8165694801420301
GR86-035-011,11,12.157894736842104,0.006411483253586425,,0.006411483253586425,0.0,0.0,0.0,1.5047882836811908,1.5047882836811908,0.0,,99.99631578947368,,99.99631578947368,99.99631578947368,0.0,0.0,0.0,13.74736842105263,,165.464,,165.464,165.464,0.14278947368421052,,0.015894736842105264,
GR86-035-011,11,13.0,16.841637551695786,22.855512355907834,88.24339826839827,1.4655172413793103,5.0,170.0,1.729427610988757,2.163955656882057,0.0,0.0,59.81167344296922,40.447264319972554,2.4860869565217394,100.23181818181818,5.071636628925797,97.105,588.3098489553925,1.0516283779675444,41.49214479627965,125.96678448275863,30.220967979866323,65.574,180.356,-0.00989332658089957,0.3377338853896609,-0.09110512804517085,0.8044381070574843
GR86-035-011,11,13.714285714285714,0.0024223602484312323,,0.0024223602484312323,0.0,0.0,0.0,1.2798542258336674,1.2798542258336674,0.0,,100.00285714285714,,100.00285714285714,100.00285714285714,0.0,0.0,0.0,22.685714285714283,,169.2125,,169.2125,169.2125,0.13633333333333333,,0.29404761904761906,
GR86-035-011,11,14.0,16.047446658319625,24.68268688111693,93.29658385093168,1.434782608695652,5.0,165.0,1.70081022006551,2.163955656882057,0.0,0.0,65.86053544764856,41.24254853143663,2.49,100.2104347826087,5.458554694852456,77.87021739130435,627.7337899080325,1.4065749383107862,41.0142171424224,126.64307971014493,30.582039059945124,64.26,180.954,-0.008824817063677874,0.35812519337685494,-0.09158017851614111,0.8127344032388872
GR86-035-011,11,15.0,16.73863822104669,24.844860191689584,91.36614624505928,1.4912280701754386,5.0,170.0,1.8256404885169344,2.163955656882057,0.0,0.0,67.22718141411362,40.588235870567296,2.464,100.21304347826087,6.298021784946556,91.71739130434783,717.9744834839074,-0.028177061907941742,44.09623254465981,127.53449122807018,30.724197736019832,63.614,182.81,-0.01004796431738802,0.3670719230997534,-0.09432167806834192,0.8266661626360815
GR86-035-011,11,15.181818181818182,0.0045059288537459,,0.0045059288537459,0.0,0.0,0.0,1.5047882836811908,1.5047882836811908,0.0,,100.00363636363636,,100.00363636363636,100.00363636363636,0.0,0.0,0.0,15.377272727272727,,165.29500000000002,,165.29500000000002,165.29500000000002,0.13822727272727273,,0.06359090909090909,
GR86-035-011,11,16.0,16.05886762334378,22.08061705913806,90.32815734989647,1.4035087719298245,5.0,160.0,1.7542316917727385,2.0253262207700677,0.0,0.0,65.67508201650544,39.59493191045738,2.5031818181818184,100.20238095238095,5.740234161655787,79.59642857142858,654.3866944287597,1.36941315348909,42.1264035162877,127.66994736842105,30.6155862125617,65.1,183.47,-0.008392874374411172,0.36332594045242556,-0.0926926342014804,0.8318121663823277
GR86-035-011,11,16.363636363636363,0.003498023715408749,,0.003498023715408749,0.0,0.0,0.0,1.1935496040981333,1.1935496040981333,0.0,,100.00045454545453,,100.00045454545453,100.00045454545453,0.0,0.0,0.0,19.15909090909091,,166.3425,,166.3425,166.3425,0.1267727272727273,,0.17350000000000002,
GR86-035-011,11,17.0,16.74088479059825,23.50967461268226,86.70281573498964,1.4782608695652173,5.0,170.0,1.765027349005619,2.1639556568820564,0.0,0.0,64.67091745543615,40.33502841092555,2.500909090909091,100.21181818181817,5.8172559674376405,106.38565217391304,668.9844362553287,1.0620630866276077,43.5764450918998,126.42318260869565,30.816365063969428,64.626,183.592,-0.01088724556421701,0.3613109267409144,-0.09148425431884688,0.819294307496078
GR86-035-011,11,17.5,0.0,,0.0,0.0,0.0,0.0,1.1682824501765625,1.1682824501765625,0.0,,99.99954545454544,,99.99954545454544,99.99954545454544,0.0,0.0,0.0,19.740909090909092,,167.4075,,167.4075,167.4075,0.14486363636363636,,0.17109090909090907,
GR86-035-011,11,18.0,16.492774730582088,20.926569273310438,81.46814229249011,1.4473684210526316,5.0,165.0,1.7188605739260474,2.163955656882057,0.0,0.0,62.17185177930785,39.5059685203846,2.4895652173913048,100.17904761904761,5.116572128022192,69.05785714285715,583.2892225945299,1.7508541623978817,41.89602029877719,127.33928947368422,30.034325173431615,65.636,181.358,-0.008010452571168579,0.35001229514885057,-0.0994356731663428,0.8267794910046853
GR86-035-011,11,18.272727272727273,0.0040316205533628136,,0.0040316205533628136,0.0,0.0,0.0,1.4184836619456564,1.4184836619456564,0.0,,100.00272727272727,,100.00272727272727,100.00272727272727,0.0,0.0,0.0,14.627272727272727,,166.505,,166.505,166.505,0.1296818181818182,,0.04795454545454545,
GR86-035-011,11,19.0,17.230561331347314,25.373856529371455,88.38272727272728,1.4655172413793103,5.0,170.0,1.7800404428594272,2.3025850929940455,0.0,0.0,65.79134421242046,40.603413077306094,2.5056521739130435,100.18130434782609,5.803471941788845,63.70659090909091,673.2027452475061,1.2210051211578086,44.71912070254009,125.92750431034483,31.965633890197697,60.604,180.89749999999998,-0.013465160763773954,0.36112093477595986,-0.09422261041813337,0.8165580300505852
GR86-035-011,11,19.565217391304348,0.004841897233205827,,0.004841897233205827,0.0,0.0,0.0,1.2206072645530175,1.2206072645530175,0.0,,100.00347826086956,,100.00347826086956,100.00347826086956,0.0,0.0,0.0,23.160869565217393,,166.9725,,166.9725,166.9725,0.13934782608695653,,0.2975217391304348,
GR86-035-011,11,20.0,15.829220250031991,22.91536776600821,90.68487414187643,1.4473684210526316,5.0,165.0,1.7286993276837712,2.163955656882057,0.0,0.0,64.97510071587494,39.90901181001711,2.4956521739130437,100.21136363636364,5.770872106106156,75.07863636363636,657.8794200961017,1.145435764512339,41.99109827609983,127.06696345029239,30.67087597091713,63.255,181.53,-0.010391857888049909,0.3658223550329903,-0.09362389044274967,0.8275837523545759
GR86-035-011,11,20.47826086956522,0.0013833992094731684,,0.0013833992094731684,0.0,0.0,0.0,1.4184836619456564,1.4184836619456564,0.0,,99.9995652173913,,99.9995652173913,99.9995652173913,0.0,0.0,0.0,19.273913043478263,,166.626,,166.626,166.626,0.13230434782608697,,0.1782608695652174,
GR86-035-011,11,21.0,16.995242771567295,24.608642709179733,85.54132411067192,1.4912280701754386,5.0,170.0,1.6951302227446132,2.163955656882057,0.0,0.0,67.51307431210445,40.07731095867895,2.4842857142857144,100.18136363636363,6.463532223462233,88.27909090909091,736.8426734746946,0.016872075527079998,42.23919884091818,127.92335818713451,30.700556801913354,65.022,181.9075,-0.009632045077649079,0.3713640144077006,-0.10101979397648131,0.8219963265508553
GR86-035-011,11,21.91304347826087,0.008794466403173828,,0.008794466403173828,0.0,0.0,0.0,0.8979457248567797,0.8979457248567797,0.0,,100.00652173913043,,100.00652173913043,100.00652173913043,0.0,0.0,0.0,27.082608695652173,,168.768,,168.768,168.768,0.1351304347826087,,0.4531304347826087,
GR86-035-011,11,22.0,14.767133062256752,21.61739452959115,92.19698412698412,1.4957264957264957,5.0,175.0,1.7890386937358767,2.163955656882057,0.0,0.0,66.07039266605362,40.111396553645115,2.4985714285714287,100.1717391304348,5.604520620013373,78.60363636363637,655.7289125415647,1.1884760016377105,41.347920024192874,128.4725,30.35194733647874,63.215,180.706,-0.0037607045312232157,0.36125808760573797,-0.08656214424894822,0.8179344377937141
GR86-035-011,11,22.304347826086957,0.00592885375492358,,0.00592885375492358,0.0,0.0,0.0,1.1935496040981333,1.1935496040981333,0.0,,99.9995652173913,,99.9995652173913,99.9995652173913,0.0,0.0,0.0,16.12608695652174,,165.936,,165.936,165.936,0.14930434782608695,,0.08356521739130436,
GR86-035-011,11,22.863636363636363,0.004978354978362631,,0.004978354978362631,0.0,0.0,0.0,0.5004024235381879,0.5004024235381879,0.0,,99.94545454545455,,99.94545454545455,99.94545454545455,0.0,0.0,0.0,14.868181818181819,,170.1,,170.1,170.1,0.16013636363636363,,0.38595454545454544,
GR86-035-011,11,23.0,17.109493451492625,23.329497200605697,86.18267942583732,1.3695652173913044,5.0,315.0,1.7440832356001403,2.163955656882057,0.0,0.0,64.05846149214761,40.07893768155552,2.489090909090909,100.1595652173913,5.809493484807568,98.97695652173913,1336.1835015057407,-2.917521526147384,42.42394475955921,126.72608985507246,30.974964369546985,65.125,182.5725,-0.008301696983910195,0.3519521574336519,-0.09361013130437368,0.8241121442800173
GR86-035-011,11,23.695652173913043,0.007786561264808256,,0.007786561264808256,0.0,0.0,0.0,1.2798542258336674,1.2798542258336674,0.0,,100.0086956521739,,100.0086956521739,100.0086956521739,0.0,0.0,0.0,25.46521739130435,,168.41,,168.41,168.41,0.1373913043478261,,0.38300000000000006,
GR86-035-011,11,23.863636363636363,72.759329004329,,72.759329004329,0.0,0.0,0.0,1.1682824501765625,1.1682824501765625,0.0,,2.955909090909091,,2.955909090909091,2.955909090909091,0.0,0.0,0.0,11.713636363636363,,166.45000000000002,,166.45000000000002,166.45000000000002,-0.15963636363636363,,0.32904545454545453,
GR86-035-011,11,24.0,10.02241128973387,15.736253125549275,86.03590909090909,1.391304347826087,5.0,416.0,1.4916543522757204,2.3025850929940455,0.0,0.0,34.17739528120207,37.312749967046635,2.448571428571429,100.15086956521738,3.183858059055328,68.01326086956522,951.9735596575431,-3.6517561985654714,35.83351108221265,97.8302519509476,41.82452395786345,8.3525,179.86599999999999,-0.028873073715989846,0.25167363681914634,-0.07570494405107378,0.63282613689084
GR86-035-011,11,24.272727272727273,2.712272727272727,,2.712272727272727,0.0,0.0,0.0,0.6730116670092565,0.6730116670092565,0.0,,6.984999999999999,,6.984999999999999,6.984999999999999,0.0,0.0,0.0,1.5181818181818185,,43.818,,43.818,43.818,-0.0930909090909091,,-0.014227272727272727,
GR86-035-011,11,24.714285714285715,46.423023809523805,,46.423023809523805,0.0,0.0,0.0,0.8979457248567797,0.8979457248567797,0.0,,2.5804761904761904,,2.5804761904761904,2.5804761904761904,0.0,0.0,0.0,16.695238095238096,,163.07,,163.07,163.07,-0.17833333333333334,,0.16104761904761905,
GR86-035-011,11,25.0,1.676124867784548,5.715905468146451,64.38545454545454,0.44357976653696496,5.0,342.0,0.5379870372373595,2.3025850929940455,0.0,0.0,9.927686102647506,12.53044425892586,2.4656521739130435,100.13130434782609,0.6838767706418977,31.327608695652174,527.2689901649031,-0.3467622988323766,29.480126997952663,22.76326956333766,40.562933800299135,0.0,157.458,-0.017020618499589614,0.09186153328566526,-0.026225252820021527,0.2679930305811477
GR86-035-011,11,25.727272727272727,0.29191699604742993,,0.29191699604742993,0.0,0.0,0.0,0.6730116670092565,0.6730116670092565,0.0,,9.395909090909091,,9.395909090909091,9.395909090909091,0.0,0.0,0.0,7.795454545454546,,40.9675,,40.9675,40.9675,0.024363636363636365,,-0.040590909090909094,
GR86-035-011,11,26.0,0.17166112710111522,0.9457413998485514,15.592094861660076,0.15096774193548387,5.0,351.0,0.19082048974536228,2.163955656882057,0.0,0.0,7.319795112592634,1.524704008408481,2.3914285714285715,20.427272727272726,0.19159856555196483,22.333636363636362,445.46666490831825,-6.087916017236129,45.6891073420935,1.8095679569892473,6.363336178539636,0.0,56.16,-0.0022193440702474197,0.023609122043851627,-0.023888004277632293,0.032257762230387996
GR86-036-098,98,1.0,13.34954721888044,21.079843083915787,85.55780632411069,2.1739130434782608,5.0,600.0,1.0020624372271125,2.3025850929940455,0.0,0.0,22.323427277847934,31.035083349070668,2.4633333333333334,100.13272727272728,5.178379998203564,49.45636363636363,1429.2328795041835,-5.2380322929031715,39.43146915954147,54.991105616605616,48.668156681059585,0.0,134.422,0.0026405288065354257,0.1719317931484808,-0.03538041617455491,0.46814740937697696
GR86-036-098,98,1.0454545454545454,0.01116600790511768,,0.01116600790511768,1.0,1.0,1.0,0.9433483923290391,0.9433483923290391,0.0,,99.99681818181817,,99.99681818181817,99.99681818181817,0.0,0.0,0.0,0.9909090909090911,,132.4375,,132.4375,132.4375,0.21713636363636366,,0.014545454545454544,
GR86-036-098,98,2.0,15.407224199357037,22.306001364679837,93.529875,1.412280701754386,5.0,161.0,1.7802040500170613,2.163955656882057,0.0,0.0,71.37666689930874,37.59899616871296,2.4766666666666666,100.17304347826087,6.43518551861728,72.0425,733.61114912237,-8.936883624304786,42.775079946893676,126.01938596491229,30.00691301928704,67.61,188.016,0.01636762836981685,0.3743605673085084,-0.10861017684262066,0.7946344717430336
GR86-036-098,98,2.4761904761904763,0.0028571428571524393,,0.0028571428571524393,0.0,0.0,0.0,1.2206072645530175,1.2206072645530175,0.0,,100.00142857142858,,100.00142857142858,100.00142857142858,0.0,0.0,0.0,7.5,,168.215,,168.215,168.215,0.1718095238095238,,0.24471428571428572,
GR86-036-098,98,3.0,14.530659685749665,20.772957574471675,74.18904761904763,1.5044247787610618,5.0,170.0,1.79136724068663,2.3025850929940455,0.0,0.0,68.94699616597183,38.441265526172465,2.4712500000000004,100.17809523809522,5.949984603251894,61.19909090909091,672.3482601674641,-6.197666715005531,42.63766492759902,128.9191150442478,31.22472987873618,67.304,186.0075,0.01427569851464294,0.3550577138919015,-0.07908459138066964,0.8590321944735325
GR86-036-098,98,3.611111111111111,0.0025252525252312807,,0.0025252525252312807,0.0,0.0,0.0,1.5047882836811908,1.5047882836811908,0.0,,100.00388888888888,,100.00388888888888,100.00388888888888,0.0,0.0,0.0,10.833333333333334,,169.35500000000002,,169.35500000000002,169.35500000000002,0.17905555555555555,,0.27094444444444443,
GR86-036-098,98,4.0,14.501963415325909,21.133524463852268,88.36694235588973,1.6071428571428572,5.0,180.0,1.8263926008322806,2.3025850929940455,0.0,0.0,68.7464607899059,38.28968732385379,2.573157894736842,100.15478260869565,6.439491540955367,80.60195652173913,721.2230525870011,-6.2549162949496075,43.729185779425755,129.10687053571428,31.480810651683388,65.47,188.642,0.01363265701836695,0.37543079357425807,-0.07766234604951647,0.8629765722877362
GR86-036-098,98,4.181818181818182,0.00609090909091492,,0.00609090909091492,0.0,0.0,0.0,1.5047882836811908,1.5047882836811908,0.0,,99.99590909090908,,99.99590909090908,99.99590909090908,0.0,0.0,0.0,4.627272727272728,,166.75,,166.75,166.75,0.1811818181818182,,0.09163636363636364,
GR86-036-098,98,5.0,14.571196093052556,18.051332369098244,85.06695652173912,1.8790322580645162,5.0,233.0,1.6578722205911283,2.163955656882057,0.0,0.0,41.45548067515681,37.18544963723723,2.43,100.09,3.6671731883738414,63.377500000000005,454.72947535835635,-7.286188708521698,40.94537641219174,117.70558602150538,28.598161089187965,60.552,182.85399999999998,-0.0038510449577447803,0.25314689548372843,-0.055761377859200253,0.7780168144047983
GR86-036-098,98,5.2272727272727275,16.759545454545453,,16.759545454545453,3.0,3.0,3.0,0.6931471805599453,0.6931471805599453,0.0,,25.514545454545456,,25.514545454545456,25.514545454545456,0.0,0.0,0.0,3.390909090909091,,118.482,,118.482,118.482,0.1020909090909091,,0.026136363636363635,
GR86-036-098,98,6.0,6.920922969073272,9.292271884194452,75.50588744588744,1.3966244725738397,5.0,331.0,1.212432130101308,2.3025850929940455,0.0,0.0,12.981312181215856,13.573947341247779,2.4185000000000003,93.08913043478262,1.018761074708481,29.47525,241.44637470591002,-12.893142117755254,40.072373600664505,64.53668447293448,37.60786230494407,0.0,134.6375,-0.0032185504813896,0.12741133473093594,-0.04074821544663663,0.41489642383128095
GR86-036-098,98,6.857142857142857,32.33945887445887,,32.33945887445887,0.0,0.0,0.0,1.8343719702816235,1.8343719702816235,0.0,,7.881904761904762,,7.881904761904762,7.881904761904762,0.0,0.0,0.0,-8.866666666666667,,124.33250000000001,,124.33250000000001,124.33250000000001,-0.07776190476190477,,-0.334,
GR86-036-098,98,7.0,13.951037710778758,16.430113548895164,76.90280632411067,1.2710843373493976,5.0,211.0,1.6220521357285194,2.163955656882057,0.0,0.0,19.41356309392564,19.5746446368757,2.42,100.02454545454545,1.5258366461351494,30.815952380952382,253.2888832584348,-6.23128673504202,37.17234132212,88.1723765060241,16.556622971747473,50.620000000000005,134.87,-0.010453528737533097,0.17361656154913413,-0.051359542888121876,0.5676484918049441
GR86-036-098,98,7.476190476190476,50.62820346320346,,50.62820346320346,3.0,3.0,3.0,1.7480673485460896,1.7480673485460896,0.0,,67.49047619047619,,67.49047619047619,67.49047619047619,0.0,0.0,0.0,-38.266666666666666,,96.52250000000001,,96.52250000000001,96.52250000000001,0.1927142857142857,,-0.797952380952381,
GR86-036-098,98,8.0,21.741086793922562,23.285505842238862,88.01492753623188,2.1156462585034013,5.0,311.0,1.612919498204478,2.3025850929940455,0.0,0.0,35.759280007068554,34.76220453958668,2.438823529411765,100.0208695652174,1.7771589105327543,38.90675,261.2423598483149,-6.632328877568905,37.8731734814528,99.32305782312925,18.82601789744868,64.2,161.882,0.010920359542471727,0.1993016938568193,-0.06791193509589041,0.638143530406968
GR86-036-098,98,8.380952380952381,0.0019913419913279995,,0.0019913419913279995,0.0,0.0,0.0,1.5047882836811908,1.5047882836811908,0.0,,100.00619047619048,,100.00619047619048,100.00619047619048,0.0,0.0,0.0,8.814285714285715,,167.3025,,167.3025,167.3025,0.15576190476190477,,0.2584285714285714,
GR86-036-098,98,9.0,13.77123757541294,20.725501953151237,92.59395238095239,1.6071428571428572,5.0,180.0,1.7814437449307579,2.163955656882057,0.0,0.0,70.26730007784288,38.33577527835809,2.4566666666666666,100.049,6.590313509185572,73.80125000000001,738.1151130287841,-7.673047039840831,43.07258852620562,129.9813779761905,31.36369296943797,68.32,187.89499999999998,0.011252907801052953,0.38136517172408535,-0.07551114438808686,0.8706374578372554
GR86-036-098,98,9.45,0.004619047619044636,,0.004619047619044636,0.0,0.0,0.0,1.4708084763221114,1.4708084763221114,0.0,,100.003,,100.003,100.003,0.0,0.0,0.0,9.360000000000001,,168.63,,168.63,168.63,0.16755,,0.29495,
GR86-036-098,98,10.0,13.091146269815223,21.828127371531608,90.34759090909091,1.5625,5.0,175.0,1.8249962400312192,2.163955656882057,0.0,0.0,70.90749588704232,39.08162059405077,2.447222222222222,100.07454545454544,6.39601622401483,83.73619047619047,716.353817089661,-7.8698068112117605,41.99439772911096,129.56982886904763,31.509305150300996,65.962,189.32,0.01310434447806583,0.38477873957776426,-0.07635127959364522,0.8641588690094842
GR86-036-098,98,10.363636363636363,0.0018636363636517217,,0.0018636363636517217,0.0,0.0,0.0,1.4184836619456564,1.4184836619456564,0.0,,100.00363636363636,,100.00363636363636,100.00363636363636,0.0,0.0,0.0,9.345454545454546,,168.442,,168.442,168.442,0.16577272727272727,,0.23545454545454544,
GR86-036-098,98,11.0,14.305000583197359,21.246916114441714,92.48272727272727,1.5625,5.0,175.0,1.7820639355403203,2.163955656882057,0.0,0.0,69.1250689471818,38.37914147668663,2.4905263157894737,100.07260869565218,6.432360426957604,83.33795454545454,720.4243678192516,-6.31954785307395,41.64173026898782,130.09319345238094,31.306802223506295,64.06,185.31,0.013979541809746228,0.3692188595336064,-0.07416752666054548,0.867582599582765
GR86-036-098,98,11.772727272727273,0.0009090909090900823,,0.0009090909090900823,0.0,0.0,0.0,1.4708084763221112,1.4708084763221112,0.0,,100.00181818181818,,100.00181818181818,100.00181818181818,0.0,0.0,0.0,12.936363636363637,,171.2775,,171.2775,171.2775,0.17631818181818182,,0.43763636363636366,
GR86-036-098,98,12.0,14.71392475376705,23.655122187603663,95.34543859649122,1.3839285714285714,5.0,155.0,1.8242040431077304,2.3025850929940455,0.0,0.0,71.09637172727597,38.54751088514472,2.834090909090909,100.06727272727272,7.017120875286527,87.64690476190476,785.917538032091,-6.429748389326954,42.38309738472316,129.85269196428573,31.950835109998796,67.15,186.835,0.012517352830893816,0.37393813280709215,-0.07246229189694393,0.8579500873433022
GR86-036-098,98,12.772727272727273,0.006640316205533736,,0.006640316205533736,0.0,0.0,0.0,1.5047882836811908,1.5047882836811908,0.0,,99.99727272727273,,99.99727272727273,99.99727272727273,0.0,0.0,0.0,17.42727272727273,,171.98000000000002,,171.98000000000002,171.98000000000002,0.17049999999999998,,0.5575,
GR86-036-098,98,13.0,13.5641102016135,20.398828801117016,91.24388095238095,1.5765765765765767,5.0,175.0,1.7471428912889637,2.3025850929940455,0.0,0.0,68.68116620432987,38.24900521327173,2.4861538461538464,100.04227272727272,6.268944325190488,81.41976190476191,695.8528200961442,-7.136644480508055,43.46110277544417,129.85265765765766,31.433014925882105,66.8675,188.956,0.014768298482713275,0.36874591968215376,-0.08309597740245034,0.8727131270974051
GR86-036-098,98,13.391304347826088,0.0006719367588772229,,0.0006719367588772229,0.0,0.0,0.0,1.5047882836811908,1.5047882836811908,0.0,,100.00478260869566,,100.00478260869566,100.00478260869566,0.0,0.0,0.0,10.178260869565218,,168.09750000000003,,168.09750000000003,168.09750000000003,0.1741304347826087,,0.28752173913043483,
GR86-036-098,98,14.0,13.850919257090707,20.562450357963844,89.113125,1.5178571428571428,5.0,170.0,1.794562118582703,2.163955656882057,0.0,0.0,68.20081362969157,38.29241257772224,2.5058333333333334,100.03190476190477,6.943626679558517,81.14704545454546,777.6861881105539,-7.587393537950945,41.64324772214319,130.02119940476192,31.52600317888956,65.59400000000001,188.72,0.013554250645654733,0.37647638133488215,-0.07758450043502943,0.8696145259153004
GR86-036-098,98,14.772727272727273,0.00022727272727252057,,0.00022727272727252057,0.0,0.0,0.0,1.5047882836811908,1.5047882836811908,0.0,,100.00772727272728,,100.00772727272728,100.00772727272728,0.0,0.0,0.0,12.245454545454544,,170.75,,170.75,170.75,0.17022727272727273,,0.4495454545454546,
GR86-036-098,98,15.0,13.690566603949696,21.34244008655901,82.011341991342,1.5315315315315314,5.0,170.0,1.7602198621823184,2.3025850929940455,0.0,0.0,70.64719281172532,38.26351530859015,2.4842857142857144,100.03294117647059,7.0390217704405345,83.51904761904763,781.3314165188993,-6.951657303367494,41.59113130487023,130.2043918918919,31.498284191538648,65.7575,187.546,0.012768912494770619,0.3852222428345879,-0.07896039297789868,0.8694006403656068
GR86-036-098,98,15.5,0.004545454545450411,,0.004545454545450411,0.0,0.0,0.0,1.5047882836811908,1.5047882836811908,0.0,,99.99772727272726,,99.99772727272726,99.99772727272726,0.0,0.0,0.0,10.104545454545455,,169.5325,,169.5325,169.5325,0.16963636363636364,,0.35440909090909095,
GR86-036-098,98,16.0,13.819528784716296,22.389074685399088,93.584,1.4864864864864864,5.0,165.0,1.7685204837232558,2.3025850929940455,0.0,0.0,70.0168578397099,39.21593913531711,2.5585714285714287,100.02368421052631,6.394473915127873,71.50975,709.7866045791939,-8.237102739376935,39.7907560785638,130.1168963963964,31.52302372077483,65.784,188.195,0.015804919304394333,0.3766203998169716,-0.08146438871337242,0.8740602586984774
GR86-036-098,98,16.19047619047619,0.0014285714285762197,,0.0014285714285762197,0.0,0.0,0.0,1.5571130980576458,1.5571130980576458,0.0,,99.96857142857144,,99.96857142857144,99.96857142857144,0.0,0.0,0.0,7.3047619047619055,,167.025,,167.025,167.025,0.179,,0.2900952380952381,
GR86-036-098,98,17.0,13.219750832326204,20.836819895439895,87.7675,1.5178571428571428,5.0,170.0,1.7913592558454792,2.3025850929940455,0.0,0.0,70.51105196381478,38.64609590415189,2.451363636363636,100.01260869565218,6.550472996603858,78.14809523809524,733.6529756196321,-7.246170463008291,39.73691917810282,130.51207291666668,31.428666092999816,67.436,188.826,0.016851040485624243,0.3768952229018458,-0.0826527765451623,0.8690458279790853
GR86-036-098,98,17.818181818181817,0.004330143540670406,,0.004330143540670406,0.0,0.0,0.0,1.4184836619456564,1.4184836619456564,0.0,,99.9659090909091,,99.9659090909091,99.9659090909091,0.0,0.0,0.0,13.427272727272726,,170.15,,170.15,170.15,0.17222727272727273,,0.47918181818181815,
GR86-036-098,98,18.0,14.007145822590289,20.674263666177932,88.2539751552795,1.3839285714285714,5.0,155.0,1.7727491370702855,2.3025850929940455,0.0,0.0,68.09803479931382,39.19183412156382,2.466666666666667,99.98736842105264,6.1376083060382465,81.19452380952382,687.4121302762836,-6.753440927908585,39.95519217462421,129.68423214285716,31.34828490746053,64.61800000000001,185.4225,0.012593930917662118,0.37034249780188944,-0.07597929359812507,0.8679179615179224
GR86-036-098,98,18.904761904761905,0.001904761904754082,,0.001904761904754082,0.0,0.0,0.0,1.5047882836811908,1.5047882836811908,0.0,,99.95190476190476,,99.95190476190476,99.95190476190476,0.0,0.0,0.0,17.74761904761905,,171.9225,,171.9225,171.9225,0.1677142857142857,,0.6079523809523809,
GR86-036-098,98,19.0,13.253296583502264,20.23206622167507,88.26606719367588,1.4414414414414414,5.0,160.0,1.7394758523355252,2.3025850929940455,0.0,0.0,68.72010890063993,39.018265597461884,2.597272727272727,99.98173913043478,6.20972048004199,81.8897619047619,689.2789732846609,-5.915223773288789,38.159933620855135,129.97152252252252,31.28299062294712,65.3725,188.724,0.01622139652409541,0.3744069938966989,-0.08138781896480778,0.8694701898689817
GR86-036-098,98,19.444444444444443,0.0003535353535255581,,0.0003535353535255581,0.0,0.0,0.0,1.4184836619456564,1.4184836619456564,0.0,,99.94055555555556,,99.94055555555556,99.94055555555556,0.0,0.0,0.0,9.027777777777779,,169.166,,169.166,169.166,0.17255555555555555,,0.33805555555555555,
GR86-036-098,98,20.0,13.745377454693246,22.274355290288685,89.74650000000001,1.5315315315315314,5.0,170.0,1.7632379171368389,2.3025850929940455,0.0,0.0,69.45339486971537,38.83894741612862,2.451363636363636,99.98400000000001,6.557136464201681,65.89642857142857,727.8421475263866,-6.628156139111852,40.07064048332949,130.1478181818182,31.618736058459522,63.3525,187.255,0.014284067902495685,0.3799381361706819,-0.08001779798965826,0.8720734307347853
GR86-036-098,98,20.130434782608695,0.001264822134388055,,0.001264822134388055,0.0,0.0,0.0,1.6957425341696348,1.6957425341696348,0.0,,99.94782608695652,,99.94782608695652,99.94782608695652,0.0,0.0,0.0,6.308695652173914,,167.16750000000002,,167.16750000000002,167.16750000000002,0.16730434782608694,,0.18513043478260868,
GR86-036-098,98,21.0,13.825713115545781,21.031119217706987,92.43674603174603,1.5625,5.0,175.0,1.748152955218215,2.163955656882057,0.0,0.0,69.32320973015013,39.021035465942234,2.465909090909091,99.98949999999999,6.028375106027172,78.26113636363635,675.1780118750434,-6.873664968431725,37.48709923033259,130.27621875,31.490042280359592,63.718,188.725,0.01708232568198904,0.3727587747528051,-0.07589891198869118,0.866397203041512
GR86-036-098,98,21.571428571428573,0.0010559006211252608,,0.0010559006211252608,0.0,0.0,0.0,1.4184836619456564,1.4184836619456564,0.0,,99.95714285714286,,99.95714285714286,99.95714285714286,0.0,0.0,0.0,8.476190476190476,,170.38,,170.38,170.38,0.16676190476190475,,0.2987142857142857,
GR86-036-098,98,22.0,14.196716235208727,21.296326967727865,90.84200000000001,1.5023041474654377,5.0,326.0,1.7365292147236249,2.163955656882057,0.0,0.0,70.61019944886495,38.23231705551018,2.475714285714286,99.99499999999999,6.134496858743363,68.55181818181819,1331.1858183473098,-6.292617044599972,38.863769195015564,126.51107987711212,31.974400492217168,56.15599999999999,188.96800000000002,0.01917176672797959,0.3662431385013661,-0.10220307654130814,0.8247640201041373
GR86-036-098,98,22.136363636363637,0.003636363636360329,,0.003636363636360329,0.0,0.0,0.0,1.6434177197931796,1.6434177197931796,0.0,,99.95454545454545,,99.95454545454545,99.95454545454545,0.0,0.0,0.0,6.045454545454546,,166.428,,166.428,166.428,0.16231818181818183,,0.18877272727272726,
GR86-036-098,98,22.91304347826087,49.768413043478255,,49.768413043478255,2.0,2.0,2.0,1.4184836619456564,1.4184836619456564,0.0,,2.486086956521739,,2.486086956521739,2.486086956521739,19.26108695652174,19.26108695652174,19.26108695652174,6.943478260869566,,161.3325,,161.3325,161.3325,-0.4548695652173913,,0.1382608695652174,
GR86-036-098,98,23.0,10.050863471255807,16.083058182840357,87.46636363636364,1.4123711340206186,5.0,411.0,1.4465907291947646,2.163955656882057,0.0,0.0,37.000616493194464,37.55541491509136,2.4257142857142857,100.00681818181819,3.3918227373031686,70.80652173913043,987.020416555222,-4.681676318084931,34.35032608883692,100.5656,41.34415968927308,8.2675,187.92000000000002,-0.008230666463197655,0.2592112446586306,-0.058164502406132794,0.6660749399028183
GR86-036-098,98,23.045454545454547,3.8010671936758884,,3.8010671936758884,0.0,0.0,0.0,0.0,0.0,0.0,,5.115454545454546,,5.115454545454546,5.115454545454546,0.0,0.0,0.0,1.4,,37.54,,37.54,37.54,-0.07368181818181818,,-0.010681818181818183,
GR86-036-098,98,23.318181818181817,8.600909090909084,,8.600909090909084,0.0,0.0,0.0,1.6957425341696348,1.6957425341696348,0.0,,91.36272727272727,,91.36272727272727,91.36272727272727,0.0,0.0,0.0,7.909090909090909,,168.53250000000003,,168.53250000000003,168.53250000000003,0.16768181818181818,,0.2756818181818182,
GR86-036-098,98,24.0,4.495298027677735,8.091054077287577,85.24545454545454,0.8594249201277955,5.0,269.0,1.3188438662891864,2.3025850929940455,0.0,0.0,10.63048601756937,10.091775282824226,2.4154545454545455,99.92086956521739,1.260211329187831,35.047391304347826,394.44614603579106,-4.473714925629823,45.889690467308284,56.305857294994674,41.22013424386791,0.0,171.50799999999998,-0.023765612126444534,0.12502685174849823,-0.02170935139675342,0.37895727013264596
GR86-036-098,98,24.217391304347824,3.612865612648221,,3.612865612648221,0.0,0.0,0.0,0.3250829733914482,0.3250829733914482,0.0,,3.18304347826087,,3.18304347826087,3.18304347826087,0.0,0.0,0.0,-0.44782608695652176,,42.14,,42.14,42.14,-0.0933913043478261,,-0.01626086956521739,
GR86-036-098,98,25.0,1.3133799178711907,1.7440325021801255,13.845197628458497,0.30656934306569344,3.0,42.0,1.2746483800153512,2.1972245773362196,0.0,0.0,5.5213919220554555,2.7373020692048136,2.4266666666666667,19.617272727272727,0.1666365587231979,4.065434782608696,22.829208545078114,-4.505504970363745,57.6149762438621,20.645683823529414,10.435886760988788,0.17500000000000002,50.3125,-0.020340579803081904,0.05318461600449605,0.00515275864555645,0.09323943919229748
GR86-037-003,3,1.0,20.110995344113178,21.56539359995178,82.57368686868686,1.62987012987013,5.0,251.0,1.710825337176682,2.3025850929940455,0.0,0.0,46.89581093772494,36.1068516852461,2.386190476190476,100.08608695652174,4.924282163351374,100.28200000000001,758.3394531561116,-1.5834681902212882,39.974089724286,95.26015476190476,29.208162902856557,38.71,167.7,0.010679860091813641,0.27802582487041677,-0.08451256709888094,0.613590177888199
GR86-037-003,3,1.95,83.24336956521739,,83.24336956521739,4.0,4.0,4.0,1.2798542258336676,1.2798542258336676,0.0,,15.5475,,15.5475,15.5475,8.54625,8.54625,8.54625,13.175,,144.72500000000002,,144.72500000000002,144.72500000000002,-0.1947,,0.18114999999999998,
GR86-037-003,3,2.0,22.287600835660616,23.56878539483892,97.35095454545456,2.027027027027027,5.0,300.0,1.5676583808587987,2.163955656882057,0.0,0.0,49.06130365919244,36.434199605984695,2.458695652173913,100.10739130434781,5.5279608488693155,57.77052631578948,818.1382056326587,-2.3066972670243633,39.894175526143535,99.00201351351352,22.82257677422648,54.57,150.89499999999998,-0.008884370799073317,0.26473958012553417,-0.08981312745958728,0.6270132249025678
GR86-037-003,3,2.8260869565217392,5.700683229813663,,5.700683229813663,0.0,0.0,0.0,1.0888999753452238,1.0888999753452238,0.0,,96.87782608695652,,96.87782608695652,96.87782608695652,0.0,0.0,0.0,12.821739130434784,,146.51600000000002,,146.51600000000002,146.51600000000002,0.21078260869565216,,0.2063478260869565,
GR86-037-003,3,3.0,18.92439255590583,23.102376043966775,90.66952380952381,1.8333333333333333,5.0,220.0,1.7022504429062908,2.3025850929940455,0.0,0.0,68.01171314177863,37.095495278208006,2.464761904761905,100.11043478260869,7.729835573569684,139.44227272727272,927.580268828362,-2.2241056909798496,45.96723967924752,120.40924722222222,30.326234773198152,62.667500000000004,179.418,-0.001087597036077147,0.36389565554194386,-0.06599606795853549,0.7602449838325528
GR86-037-003,3,3.5238095238095237,0.0027329192546687864,,0.0027329192546687864,0.0,0.0,0.0,1.5047882836811906,1.5047882836811906,0.0,,99.99857142857142,,99.99857142857142,99.99857142857142,0.0,0.0,0.0,18.00952380952381,,166.474,,166.474,166.474,0.1427142857142857,,0.2855714285714286,
GR86-037-003,3,4.0,15.712951336385775,24.055460047583658,91.53903890160184,1.3478260869565217,5.0,155.0,1.7574413507625342,2.3025850929940455,0.0,0.0,70.1165266931441,39.623783849677004,2.42,100.03578947368422,7.636025731971681,133.59386363636364,878.1429591767433,-4.173893711678285,43.61025740779263,126.30540434782608,31.330767770752214,64.962,184.085,0.001710693434348925,0.36528563267242853,-0.07836452412818132,0.8186477120898729
GR86-037-003,3,4.714285714285714,0.0033333333333445125,,0.0033333333333445125,0.0,0.0,0.0,1.5047882836811906,1.5047882836811906,0.0,,100.00666666666666,,100.00666666666666,100.00666666666666,0.0,0.0,0.0,22.523809523809526,,167.5525,,167.5525,167.5525,0.1454285714285714,,0.4457619047619048,
GR86-037-003,3,5.0,15.812356287768987,24.322808164508576,88.94017316017315,1.238938053097345,5.0,140.0,1.7948051919583081,2.163955656882057,0.0,0.0,69.25152161444319,40.23167632921315,2.4180952380952383,100.03956521739131,8.161326337022029,143.82142857142858,922.2298760834893,-4.936308424244959,46.70227154792838,127.38456637168142,30.654601597047073,65.405,184.6975,-0.0015484283728114648,0.3742290355256484,-0.08831237385473363,0.8378362148711251
GR86-037-003,3,5.130434782608695,0.0010559006211252608,,0.0010559006211252608,0.0,0.0,0.0,1.470808476322111,1.470808476322111,0.0,,99.97608695652173,,99.97608695652173,99.97608695652173,0.0,0.0,0.0,11.826086956521738,,164.15,,164.15,164.15,0.14056521739130434,,0.1513913043478261,
GR86-037-003,3,6.0,1.8878262906070804,8.339429312937055,94.95666666666666,0.37317073170731707,5.0,459.0,0.3533377755933952,2.3025850929940455,0.0,0.0,11.85336603805203,19.094811920738493,2.436086956521739,99.98772727272727,1.2365818799757249,104.88681818181819,1520.9957123701415,-13.086555130043894,65.54898075951655,12.89559241059241,36.61388536817192,0.0,180.656,-0.003050569646026356,0.08869233334549309,-0.007909134153536324,0.2421908991813979
GR86-037-003,3,6.2631578947368425,0.0019221967963574116,,0.0019221967963574116,0.0,0.0,0.0,1.0888999753452238,1.0888999753452238,0.0,,99.86894736842105,,99.86894736842105,99.86894736842105,0.0,0.0,0.0,8.863157894736842,,148.555,,148.555,148.555,0.162,,0.06431578947368422,
GR86-037-003,3,7.0,15.530170723557159,19.165261306162776,86.50983333333333,1.4857142857142858,5.0,260.0,1.5031526963798787,2.3025850929940455,0.0,0.0,24.73312024945197,25.419976518364226,2.3956521739130436,99.88263157894737,2.6672459237452,52.009772727272725,466.76803665541,-2.4654089512318347,36.24661545931532,83.53766,30.827046442078572,15.035,163.478,-0.012022084393524415,0.2289939377674899,-0.03913477285230714,0.5069337327390195
GR86-037-003,3,7.315789473684211,0.3153132832080203,,0.3153132832080203,5.0,5.0,5.0,1.2206072645530175,1.2206072645530175,0.0,,2.9757894736842108,,2.9757894736842108,2.9757894736842108,0.0,0.0,0.0,4.9526315789473685,,109.96399999999998,,109.96399999999998,109.96399999999998,-0.1311578947368421,,-0.026473684210526316,
GR86-037-003,3,8.0,14.31029844962148,18.765192453115,91.27304093567253,1.406060606060606,5.0,232.0,1.5812703760671605,2.3025850929940455,0.0,0.0,24.813469519258682,27.66940838057889,2.4181818181818184,99.8005,1.7242465438396866,22.62931818181818,284.5006797335483,-2.3760670282975775,36.92073065616374,88.94716363636363,24.260393681215724,43.041999999999994,135.5475,-0.01224015475367462,0.19454209898569985,-0.037681706044766165,0.563469342613199
GR86-037-003,3,8.125,2.83,,2.83,4.0,4.0,4.0,1.0888999753452238,1.0888999753452238,0.0,,5.32,,5.32,5.32,0.1725,0.1725,0.1725,2.3437500000000004,,87.86,,87.86,87.86,-0.1051875,,-0.0528125,
GR86-037-003,3,9.0,19.695122294306074,21.548113865867,82.39735177865613,1.4513888888888888,5.0,209.0,1.560271527642239,2.3025850929940455,0.0,0.0,43.89409391040498,37.00223349335335,2.4354545454545455,99.76608695652173,3.345094181693116,110.81000000000002,481.69356216380874,-3.319827218431001,38.7133458911783,99.96899305555556,26.937927695304143,45.468,161.658,0.012375825889002715,0.24951303079240036,-0.08619838398004341,0.6709803738453534
GR86-037-003,3,9.545454545454545,0.003913043478263489,,0.003913043478263489,0.0,0.0,0.0,1.2798542258336676,1.2798542258336676,0.0,,99.77,,99.77,99.77,0.0,0.0,0.0,19.3,,166.4675,,166.4675,166.4675,0.15745454545454546,,0.3686363636363636,
GR86-037-003,3,10.0,15.46728770584234,22.744548937896685,90.85186363636362,1.1403508771929824,4.0,130.0,1.8293154066677506,2.163955656882057,0.0,0.0,69.83057728967773,38.874978997549285,2.4213043478260867,99.8295652173913,7.668399292863252,133.138,874.1975193864107,-3.445522193260763,41.479199948763146,127.80462280701755,30.574630699552014,62.43,184.0825,0.00729431031456411,0.36806635330866055,-0.08585962086422898,0.8372226084526742
GR86-037-003,3,10.909090909090908,0.007316017316014722,,0.007316017316014722,0.0,0.0,0.0,1.5047882836811906,1.5047882836811906,0.0,,99.79636363636364,,99.79636363636364,99.79636363636364,0.0,0.0,0.0,26.6,,168.0175,,168.0175,168.0175,0.14895454545454545,,0.6144545454545455,
GR86-037-003,3,11.0,15.50202263672169,23.545720311157474,85.8175155279503,1.1504424778761062,5.0,130.0,1.7372166807106277,2.3025850929940455,0.0,0.0,68.4646124308258,39.92449229545531,2.434090909090909,99.84733333333334,7.149262393489115,112.31190476190477,807.86665046427,-3.9475591477615537,42.80912430797188,127.3965442477876,30.216925856788144,64.22,182.372,0.0057319717160496005,0.35328433032070256,-0.09024788688874472,0.8503587244370722
GR86-037-003,3,11.55,0.0009285714285596214,,0.0009285714285596214,0.0,0.0,0.0,1.2798542258336676,1.2798542258336676,0.0,,99.81949999999999,,99.81949999999999,99.81949999999999,0.0,0.0,0.0,17.19,,165.905,,165.905,165.905,0.17955,,0.26880000000000004,
GR86-037-003,3,12.0,15.583401047993117,25.1006199527738,90.55339544513457,1.1842105263157894,5.0,135.0,1.7209809988169305,2.163955656882057,0.0,0.0,69.34148108595978,40.449323345731024,2.4595000000000002,99.85,6.5942241881878605,113.57214285714285,751.7415574534161,-4.390729660360623,43.63804401903301,127.75122807017543,30.626933629051415,64.875,183.715,0.003680206413700509,0.36127085423847055,-0.07851280462249195,0.8474979269586439
GR86-037-003,3,12.857142857142858,0.0003726708074509588,,0.0003726708074509588,0.0,0.0,0.0,1.2798542258336676,1.2798542258336676,0.0,,99.82428571428571,,99.82428571428571,99.82428571428571,0.0,0.0,0.0,24.700000000000003,,167.3675,,167.3675,167.3675,0.1389047619047619,,0.5492857142857143,
GR86-037-003,3,13.0,16.53236061742972,25.32837567424155,90.69318181818183,1.3157894736842106,5.0,150.0,1.759942072228641,2.163955656882057,0.0,0.0,68.85641236554585,39.97333457937187,2.4286363636363637,99.84434782608696,6.631301583260906,119.62333333333333,755.9683804917432,-4.384555870355617,44.10617601717015,126.80122368421053,30.879929963116105,65.33200000000001,182.2225,0.00013425248244837966,0.3606348153748062,-0.08299325439532416,0.8267634155451471
GR86-037-003,3,13.652173913043478,0.0024844720497014805,,0.0024844720497014805,0.0,0.0,0.0,1.5571130980576458,1.5571130980576458,0.0,,99.79391304347827,,99.79391304347827,99.79391304347827,0.0,0.0,0.0,23.843478260869563,,168.6025,,168.6025,168.6025,0.1433913043478261,,0.4752173913043478,
GR86-037-003,3,14.0,17.010093098358546,24.55755627782152,84.88521739130435,1.2719298245614035,5.0,145.0,1.7440332517938248,2.163955656882057,0.0,0.0,68.17853764758662,40.02871101215734,2.4072727272727272,99.8290909090909,6.655207030131888,120.38363636363637,758.6936014350352,-2.5694992098140723,40.25692619094249,126.68410087719299,30.49763897093808,64.23,182.2425,0.004301707144934481,0.36571538047292307,-0.07941681366654123,0.8331216764187211
GR86-037-003,3,14.523809523809524,0.0004761904762062841,,0.0004761904762062841,0.0,0.0,0.0,1.2798542258336676,1.2798542258336676,0.0,,99.79095238095239,,99.79095238095239,99.79095238095239,0.0,0.0,0.0,18.252380952380953,,167.28199999999998,,167.28199999999998,167.28199999999998,0.15285714285714286,,0.3332857142857143,
GR86-037-003,3,15.0,16.34220701483269,22.65009481441421,83.45,1.3596491228070176,5.0,155.0,1.8209109120512612,2.3025850929940455,0.0,0.0,69.10301165930005,39.08708516050011,2.448571428571429,99.82434782608696,8.15870352545706,130.48227272727274,930.0922019021048,-1.4158181983676847,39.783687495872975,126.51626023391812,31.412590448048867,63.3325,185.2475,0.001980729678285133,0.3806384894856905,-0.07406439338001973,0.824988221586671
GR86-037-003,3,15.142857142857142,0.0038961038960962924,,0.0038961038960962924,0.0,0.0,0.0,1.6957425341696348,1.6957425341696348,0.0,,99.76428571428572,,99.76428571428572,99.76428571428572,0.0,0.0,0.0,4.880952380952381,,164.64000000000001,,164.64000000000001,164.64000000000001,0.15052380952380953,,-0.12428571428571428,
GR86-037-003,3,16.0,14.959057838323705,23.1471340887809,84.64761904761903,1.2719298245614035,5.0,145.0,1.7412479017997426,2.163955656882057,0.0,0.0,70.11799464991965,39.60515235431091,2.4456521739130435,99.80272727272727,7.120527841690072,121.046,811.7401739526682,-3.8428946566077724,42.75560390348912,127.46198245614035,30.900336673490926,65.405,186.61399999999998,0.002092565932780314,0.36277100427263154,-0.079190044709351,0.8408585885412405
GR86-037-003,3,16.40909090909091,0.0018181818181801646,,0.0018181818181801646,0.0,0.0,0.0,1.4708084763221114,1.4708084763221114,0.0,,99.7609090909091,,99.7609090909091,99.7609090909091,0.0,0.0,0.0,15.163636363636364,,166.288,,166.288,166.288,0.14522727272727273,,0.2206818181818182,
GR86-037-003,3,17.0,15.541411344465608,22.787116459067004,87.53772727272727,1.3478260869565217,5.0,155.0,1.7190589502732245,2.163955656882057,0.0,0.0,67.77280490477682,39.95234091007631,2.4172727272727275,99.784,7.224475462797824,119.33977272727272,830.8146782217498,-5.199117248159504,45.518299102167866,125.99202028985508,30.63200590642795,64.595,183.5025,-0.0009226338619310975,0.3592745673668664,-0.08268167306815033,0.8272199901304559
GR86-037-003,3,17.47826086956522,0.004347826086956275,,0.004347826086956275,0.0,0.0,0.0,1.4708084763221114,1.4708084763221114,0.0,,99.74913043478261,,99.74913043478261,99.74913043478261,0.0,0.0,0.0,19.64782608695652,,165.978,,165.978,165.978,0.13934782608695653,,0.4067826086956522,
GR86-037-003,3,18.0,15.529422487621092,24.078623771731326,87.01375494071146,1.1061946902654867,5.0,125.0,1.7351837289934866,2.3025850929940455,0.0,0.0,69.78263331992603,39.58287288259744,2.4017391304347826,99.7804347826087,7.429782669810028,122.50613636363637,839.5654416885332,-3.594306667719872,43.77538002371979,127.5031784660767,31.153950201158583,62.738,184.81199999999998,0.0011292602204786854,0.37798601274667715,-0.08269355885043236,0.8345321608884569
GR86-037-003,3,18.15,2.3809523810314204e-05,,2.3809523810314204e-05,0.0,0.0,0.0,1.4184836619456564,1.4184836619456564,0.0,,99.7305,,99.7305,99.7305,0.0,0.0,0.0,15.810000000000002,,164.05,,164.05,164.05,0.14950000000000002,,0.30615000000000003,
GR86-037-003,3,19.0,14.025919870378242,21.27670188811616,86.21225296442688,1.3478260869565217,5.0,155.0,1.7287739023612585,2.0253262207700677,0.0,0.0,68.49358708365622,39.31735289807441,2.420434782608696,99.7652380952381,5.85593300265328,95.60631578947368,673.4322953051271,-3.740606728551715,41.94778090124554,127.1935,31.184902095362883,65.24,185.0725,0.0017272425231945182,0.34473975208986174,-0.08124849647326604,0.8361998797546965
GR86-037-003,3,19.954545454545453,0.005454545454540494,,0.005454545454540494,0.0,0.0,0.0,1.2798542258336676,1.2798542258336676,0.0,,99.73590909090909,,99.73590909090909,99.73590909090909,0.0,0.0,0.0,26.145454545454548,,169.026,,169.026,169.026,0.14772727272727273,,0.7064090909090909,
GR86-037-003,3,20.0,17.510323916024024,25.749489053911518,90.46323308270678,1.2719298245614035,5.0,145.0,1.785162765838105,2.3025850929940455,0.0,0.0,67.64934265198627,40.35539466765695,2.4630434782608694,99.76363636363637,6.6492299966032204,122.0247619047619,758.0122196127671,-5.674508899551655,42.534561894478934,126.87715350877194,30.794429360841466,64.6575,182.2475,0.0010174924647795905,0.36139088596023894,-0.08363789586881241,0.8307800453904768
GR86-037-003,3,20.782608695652176,0.0,,0.0,0.0,0.0,0.0,1.2798542258336676,1.2798542258336676,0.0,,99.7304347826087,,99.7304347826087,99.7304347826087,0.0,0.0,0.0,16.391304347826086,,165.53500000000003,,165.53500000000003,165.53500000000003,0.1371304347826087,,0.28691304347826085,
GR86-037-003,3,21.0,17.612323210398095,23.646290626859887,84.81064593301436,1.2605042016806722,5.0,150.0,1.7557358308963538,2.3025850929940455,0.0,0.0,70.58101370206221,38.16096040230823,2.4422727272727274,99.76181818181819,7.1586225082502315,127.91369565217391,851.8760784817775,-3.570675166398298,43.37449679184252,128.33191596638656,30.325120250318353,63.67999999999999,183.89249999999998,0.011239204779755325,0.3599075930507289,-0.06124575909553892,0.8320097500602721
GR86-037-003,3,21.666666666666668,0.0009523809523699356,,0.0009523809523699356,0.0,0.0,0.0,1.0114042647073518,1.0114042647073518,0.0,,99.6742857142857,,99.6742857142857,99.6742857142857,0.0,0.0,0.0,18.01904761904762,,165.6875,,165.6875,165.6875,0.17295238095238097,,0.3547619047619048,
GR86-037-003,3,22.0,16.165842745938388,22.67499421804572,89.30247035573123,1.4502164502164503,5.0,335.0,1.706817167367833,2.163955656882057,0.0,0.0,67.86474041743341,39.061991493473855,2.3908695652173915,99.75714285714287,6.704036540398216,120.18047619047618,1548.6324408319879,-5.464351068952061,43.32451173117245,125.83884776334776,31.136807316774092,56.512,187.2825,0.002046997914418566,0.3600697719278674,-0.08306939809745577,0.8192470608195924
GR86-037-003,3,22.272727272727273,0.00036796536797112367,,0.00036796536797112367,0.0,0.0,0.0,1.2798542258336674,1.2798542258336674,0.0,,99.72227272727272,,99.72227272727272,99.72227272727272,0.0,0.0,0.0,14.781818181818181,,165.408,,165.408,165.408,0.13372727272727272,,0.3256363636363636,
GR86-037-003,3,22.82608695652174,57.55432712215321,,57.55432712215321,0.0,0.0,0.0,1.313834033192747,1.313834033192747,0.0,,42.1204347826087,,42.1204347826087,42.1204347826087,0.0,0.0,0.0,17.630434782608695,,166.75,,166.75,166.75,0.02573913043478261,,0.392,
GR86-037-003,3,23.0,12.35727277731103,18.937410799986182,91.70666666666666,1.2709030100334449,5.0,380.0,1.4813356536459534,2.3025850929940455,0.0,0.0,39.24141979423749,40.00551611794332,2.4033333333333333,99.74947368421053,3.7935063180256976,118.11521739130436,1134.2583890896835,-2.221525207045883,37.029655540986695,98.09584894091417,42.94543536144206,15.008,187.276,-0.020440962400254132,0.2656646206447361,-0.06260296551124585,0.6548686407838066
GR86-037-003,3,23.181818181818183,0.005000000000009663,,0.005000000000009663,0.0,0.0,0.0,1.4978661367769954,1.4978661367769954,0.0,,99.71681818181818,,99.71681818181818,99.71681818181818,0.0,0.0,0.0,14.895454545454548,,164.7975,,164.7975,164.7975,0.12745454545454546,,0.23763636363636362,
GR86-037-003,3,23.954545454545453,1.9376482213438733,,1.9376482213438733,0.0,0.0,0.0,0.3250829733914482,0.3250829733914482,0.0,,5.295909090909091,,5.295909090909091,5.295909090909091,0.0,0.0,0.0,6.427272727272728,,41.685,,41.685,41.685,-0.08963636363636364,,-0.01,
GR86-037-003,3,24.0,3.199943775170316,12.100845134735168,88.85318181818182,0.48936170212765956,5.0,345.0,0.5427827374227718,2.3025850929940455,0.0,0.0,17.893669507671266,28.567511391595886,2.4391304347826086,99.73857142857142,1.5496641784874075,95.23190476190477,1092.5132458336222,-17.508703974800717,40.44394481373159,24.436995035460992,48.01153097198389,0.0,186.454,-0.0017719934791574682,0.15589479392148145,-0.012254391305465046,0.3388132243281597
GR86-037-003,3,24.136363636363637,21.04922077922076,,21.04922077922076,0.0,0.0,0.0,1.2798542258336676,1.2798542258336676,0.0,,78.65363636363637,,78.65363636363637,78.65363636363637,0.0,0.0,0.0,10.827272727272728,,165.225,,165.225,165.225,0.13218181818181818,,0.13163636363636363,
GR86-037-003,3,25.0,13.609063288589923,20.36361119968869,86.82025252525253,1.1581920903954803,5.0,205.0,1.2850680257978908,2.3025850929940455,0.0,0.0,29.02150586500674,35.63852935208097,2.4183333333333334,99.71818181818183,2.3936554584161436,58.85916666666666,423.67701613965744,-0.40916148107553313,33.47211555144717,83.92170621468927,45.904592379455835,15.6525,167.22,-0.032416952557376255,0.2268970779785976,-0.04754925663850343,0.585479877850108
GR86-037-003,3,25.08695652173913,5.526086956521738,,5.526086956521738,0.0,0.0,0.0,0.639031859650177,0.639031859650177,0.0,,9.30913043478261,,9.30913043478261,9.30913043478261,0.0,0.0,0.0,2.4956521739130437,,46.674,,46.674,46.674,0.01608695652173913,,-0.03334782608695652,
GR86-037-003,3,26.0,0.3515060086026904,2.013397300885073,56.97181818181818,0.13437364542696142,5.0,310.0,0.16157726822015403,2.163955656882057,0.0,0.0,7.5762157290256615,1.984270158788442,2.342173913043478,63.58181818181818,0.3251480039799003,45.895227272727276,750.11644518163,117.53556619448844,71.82258136099502,1.598324013870828,6.2086420737950645,0.0,71.612,0.003862239781686349,0.026229172070213823,0.003936060658267653,0.03315590393890799
GR86-038-093,93,1.0,19.31581896583694,23.091349221424448,96.15636363636364,1.5,5.0,351.0,1.651874554552101,2.163955656882057,0.0,0.0,41.02647507512741,34.59899218035855,2.369090909090909,99.96095238095238,3.6601398198556705,60.719500000000004,856.4727178462269,-4.7525403129872705,37.60731345872649,94.45150502873564,28.35103360666896,45.46,157.83800000000002,0.2872052270237809,0.2522966453253741,-0.03321817303451296,0.5897499258775395
GR86-038-093,93,1.3157894736842106,33.81409610983982,,33.81409610983982,0.0,0.0,0.0,1.4708084763221114,1.4708084763221114,0.0,,2.7089473684210525,,2.7089473684210525,2.7089473684210525,0.17421052631578948,0.17421052631578948,0.17421052631578948,2.7210526315789476,,149.96800000000002,,149.96800000000002,149.96800000000002,0.10121052631578947,,0.04052631578947369,
GR86-038-093,93,2.0,20.735385317168863,20.388141048209558,83.76327272727274,1.9727891156462585,5.0,290.0,1.6333446850294768,2.163955656882057,0.0,0.0,38.15674853383358,33.98278201861117,2.3822727272727273,99.9491304347826,3.443788000627257,33.87809523809524,506.2368360922068,-7.371850568315332,39.52756566226027,99.48993197278912,23.416823719681293,55.3,148.66750000000002,0.25763036589079646,0.2536658243685833,-0.06764438010476165,0.619196953011105
GR86-038-093,93,2.1363636363636362,14.788636363636364,,14.788636363636364,0.0,0.0,0.0,0.9502705392332347,0.9502705392332347,0.0,,45.664545454545454,,45.664545454545454,45.664545454545454,0.0,0.0,0.0,2.209090909090909,,137.53199999999998,,137.53199999999998,137.53199999999998,0.39295454545454545,,0.0699090909090909,
GR86-038-093,93,3.0,20.637085061601617,25.136214223889404,95.02426877470356,1.6528925619834711,5.0,200.0,1.7515560685607707,2.3025850929940455,0.0,0.0,66.30870996083874,38.70292360937457,2.453181818181818,99.91944444444444,5.501154160791679,61.09619047619047,665.6396534557932,-7.978635594746947,42.53430079087273,120.78995041322315,30.556510464861443,62.760000000000005,177.9,0.2729800671248848,0.3438939127086243,-0.050326500340110075,0.7554233862913018
GR86-038-093,93,3.260869565217391,0.0006625258799175526,,0.0006625258799175526,0.0,0.0,0.0,1.5047882836811908,1.5047882836811908,0.0,,99.84304347826087,,99.84304347826087,99.84304347826087,0.0,0.0,0.0,4.073913043478261,,165.746,,165.746,165.746,0.4216086956521739,,0.07808695652173914,
GR86-038-093,93,4.0,1.8460370618334416,9.08617032830874,88.25045454545455,0.17183570829840739,5.0,205.0,0.33824523997198236,2.163955656882057,0.0,0.0,12.922265849540553,21.671281339235904,2.441875,99.85238095238095,0.7657156077788896,85.8875,913.4987200802153,-2.797154152484577,48.08410268802521,13.39434075630252,38.34954486287571,0.0,186.49,0.26467689336551176,0.11414508232516953,0.002831803118413694,0.2547664823301974
GR86-038-093,93,4.136363636363637,0.0009090909090900823,,0.0009090909090900823,0.0,0.0,0.0,0.9502705392332347,0.9502705392332347,0.0,,99.77954545454546,,99.77954545454546,99.77954545454546,0.0,0.0,0.0,4.9363636363636365,,165.922,,165.922,165.922,0.42077272727272724,,0.13218181818181818,
GR86-038-093,93,5.0,15.24704329125984,22.05039061817638,82.75736956521739,1.3596491228070176,5.0,155.0,1.7542660661569358,2.163955656882057,0.0,0.0,68.16880661903701,39.49816954721193,2.4536363636363636,99.78380952380952,6.247230589656595,81.74863636363636,712.1842872208518,-8.394462828099767,42.161469893438124,127.43750438596491,31.61377903451122,65.315,187.972,0.26838961368732833,0.37826742727219564,-0.05951352773156338,0.8399762035121627
GR86-038-093,93,5.380952380952381,0.0033333333333303017,,0.0033333333333303017,0.0,0.0,0.0,1.5047882836811908,1.5047882836811908,0.0,,99.68285714285715,,99.68285714285715,99.68285714285715,0.0,0.0,0.0,6.176190476190477,,167.804,,167.804,167.804,0.41942857142857143,,0.0978095238095238,
GR86-038-093,93,6.0,16.52946169013315,20.18327301272319,75.0202380952381,1.4919354838709677,5.0,185.0,1.6853723840778596,2.163955656882057,0.0,0.0,45.30964118139924,36.98921449539823,2.3527272727272726,99.683,3.862458240742427,62.83275,478.94482185206095,-7.274699125091833,40.15200704067535,118.45244354838711,29.389574491605007,60.653999999999996,180.9425,0.25684078166457197,0.28361118186724216,-0.05017453029088724,0.7628843575539985
GR86-038-093,93,7.0,11.775797043306703,13.804647476688258,71.14559288537549,1.4488636363636365,5.0,255.0,1.597662789085514,2.163955656882057,0.0,0.0,22.3297723871415,21.335422587337725,2.361304347826087,99.54318181818181,2.5893537614979327,34.263333333333335,455.7262620236362,-6.149128175214806,37.35622235928739,84.17029829545454,31.01195863672957,7.92,151.95499999999998,0.25882268009450504,0.20957823902588002,-0.02703086916052708,0.5295621110443336
GR86-038-093,93,7.95,8.849739130434783,,8.849739130434783,2.0,2.0,2.0,1.4708084763221114,1.4708084763221114,0.0,,11.318,,11.318,11.318,0.0,0.0,0.0,5.07,,111.072,,111.072,111.072,0.18714999999999998,,0.0823,
GR86-038-093,93,8.0,12.273272769098856,15.181544442521272,70.4038961038961,1.412121212121212,5.0,233.0,1.4748091373379777,2.163955656882057,0.0,0.0,25.719786258895933,28.825396864256653,2.3291304347826087,99.53318181818182,1.8837260444649773,18.241818181818182,310.81479733672126,-6.767363212849067,34.85347671525294,89.07060303030303,25.302382997077245,40.1275,143.7875,0.2563351745055136,0.19203252510509425,-0.030059698559940395,0.560371191317885
GR86-038-093,93,8.818181818181818,5.115909090909091,,5.115909090909091,5.0,5.0,5.0,1.1682824501765625,1.1682824501765625,0.0,,5.026363636363636,,5.026363636363636,5.026363636363636,0.0,0.0,0.0,-0.04545454545454553,,85.52,,85.52,85.52,0.146,,-0.024045454545454547,
GR86-038-093,93,9.0,17.858620314518067,19.354725856890678,78.645,1.793103448275862,5.0,260.0,1.6995257888929722,2.3025850929940455,0.0,0.0,38.65440364291538,33.43290268703903,2.4336363636363636,99.51681818181818,3.082554815124905,48.29818181818182,446.9704481931112,-7.280699024718673,39.89233060778033,100.34076896551724,26.95699841188821,46.379999999999995,162.3375,0.27775600613227225,0.24928970917519425,-0.07099764110767583,0.6863863966657919
GR86-038-093,93,9.136363636363637,0.0009090909090900823,,0.0009090909090900823,0.0,0.0,0.0,1.4708084763221114,1.4708084763221114,0.0,,99.49727272727273,,99.49727272727273,99.49727272727273,0.0,0.0,0.0,6.295454545454546,,165.32999999999998,,165.32999999999998,165.32999999999998,0.4062272727272727,,0.1496818181818182,
GR86-038-093,93,10.0,14.60716400494336,21.479744182255182,91.54041125541127,1.2280701754385965,5.0,140.0,1.768087978299954,2.1639556568820564,0.0,0.0,64.92422448231041,39.684984019702384,2.383809523809524,99.52681818181819,5.914907437676317,89.0097619047619,674.2994478951001,-9.668648210800447,40.13155780708279,127.50291081871346,31.04417997254459,67.776,186.342,0.26649981480496654,0.3575330870785425,-0.06953208044236286,0.8313763950015859
GR86-038-093,93,10.043478260869565,0.00033596837943150604,,0.00033596837943150604,0.0,0.0,0.0,1.5047882836811908,1.5047882836811908,0.0,,99.49739130434783,,99.49739130434783,99.49739130434783,0.0,0.0,0.0,4.639130434782609,,165.1025,,165.1025,165.1025,0.40791304347826085,,0.08608695652173913,
GR86-038-093,93,11.0,14.093256921949141,22.733889493827746,89.58454545454543,1.2280701754385965,5.0,140.0,1.7719233886724017,2.3025850929940455,0.0,0.0,68.34557701538651,39.49459707195416,2.370909090909091,99.52999999999999,6.442066007409829,98.35214285714285,734.3955248447205,-8.903937583308291,40.97641921194229,128.40479824561405,31.115398491097935,65.535,185.346,0.27079621864278614,0.3611629049563011,-0.06617216542674209,0.8387409223559635
GR86-038-093,93,11.772727272727273,0.002173913043492348,,0.002173913043492348,0.0,0.0,0.0,1.2798542258336676,1.2798542258336676,0.0,,99.5,,99.5,99.5,0.0,0.0,0.0,14.504545454545456,,169.315,,169.315,169.315,0.39872727272727276,,0.34022727272727277,
GR86-038-093,93,12.0,14.34551482504926,20.987713884743943,78.48045454545455,1.238938053097345,5.0,140.0,1.7402961680984048,2.163955656882057,0.0,0.0,68.11263293311455,39.06048853542107,2.374090909090909,99.52761904761904,6.322982926750049,82.92975,714.4970707227556,-8.527828778283812,42.9609306665374,128.20792477876108,31.54177416030301,65.534,186.22,0.2698851949252964,0.3685186112139517,-0.06616073754553231,0.8483264501982282
GR86-038-093,93,12.545454545454545,0.000454545454559252,,0.000454545454559252,0.0,0.0,0.0,1.2206072645530175,1.2206072645530175,0.0,,99.49681818181817,,99.49681818181817,99.49681818181817,0.0,0.0,0.0,8.345454545454546,,169.685,,169.685,169.685,0.4209090909090909,,0.18813636363636366,
GR86-038-093,93,13.0,15.083994653352052,23.177966301197824,91.546992481203,1.4035087719298245,5.0,160.0,1.7471247378186212,2.163955656882057,0.0,0.0,65.75808189005672,39.702567266884884,2.3327272727272725,99.524,6.15329368175049,76.96181818181819,701.4754797195559,-9.0063466104644,41.41602189427409,126.78801315789474,31.492800335560652,67.412,180.98,0.2665063738211998,0.3658486604825201,-0.06420765503025529,0.8286019381997375
GR86-038-093,93,13.333333333333334,0.0031601731601824667,,0.0031601731601824667,0.0,0.0,0.0,1.4708084763221114,1.4708084763221114,0.0,,99.47047619047619,,99.47047619047619,99.47047619047619,0.0,0.0,0.0,5.842857142857143,,167.546,,167.546,167.546,0.41833333333333333,,0.11104761904761903,
GR86-038-093,93,14.0,14.265271197349337,20.824151144851605,83.04316770186335,1.4035087719298245,5.0,160.0,1.7474521144957846,2.3025850929940455,0.0,0.0,65.95923072291775,39.452488769764024,2.350909090909091,99.5059090909091,6.289389140671177,76.19326086956521,716.9903620365142,-8.846093344479788,42.724192737250156,127.44247368421054,31.472886937782118,67.57,185.82750000000001,0.26683509774075215,0.3689119325420012,-0.06825592224528453,0.8373686357166494
GR86-038-093,93,14.590909090909092,5.095652173913052,,5.095652173913052,0.0,0.0,0.0,1.1682824501765625,1.1682824501765625,0.0,,94.36999999999999,,94.36999999999999,94.36999999999999,0.0,0.0,0.0,10.854545454545455,,168.9125,,168.9125,168.9125,0.41572727272727267,,0.24704545454545457,
GR86-038-093,93,15.0,13.6904853097801,22.171993353601316,85.43060606060605,1.3716814159292035,5.0,155.0,1.7282088223055838,2.3025850929940455,0.0,0.0,66.86116359850973,39.86003825552793,2.441818181818182,99.50285714285714,6.558229409329929,103.45413043478261,741.079923254282,-9.364076401177918,43.236568926191815,127.9603244837758,31.427779723567742,67.53,186.55,0.26747801212645583,0.3733622742796807,-0.06517536320830705,0.8398839893055811
GR86-038-093,93,15.272727272727273,0.0017984189723421196,,0.0017984189723421196,0.0,0.0,0.0,1.3592367006650063,1.3592367006650063,0.0,,99.43863636363636,,99.43863636363636,99.43863636363636,0.0,0.0,0.0,5.786363636363637,,167.186,,167.186,167.186,0.4103636363636364,,0.1635909090909091,
GR86-038-093,93,16.0,15.871177908919348,23.719767471936247,90.35913157894737,1.415929203539823,5.0,160.0,1.7709929369696953,2.163955656882057,0.0,0.0,66.9994260847123,39.48479845001012,2.4682608695652175,99.47045454545454,6.101095343688193,94.68045454545454,689.4237738367658,-8.342094675371138,42.47035873012491,128.36316814159292,31.037375334641943,65.888,182.868,0.26790149336666724,0.36422401328073245,-0.06725739460144292,0.8490274400024227
GR86-038-093,93,16.272727272727273,0.005276679841898613,,0.005276679841898613,0.0,0.0,0.0,1.2206072645530175,1.2206072645530175,0.0,,99.41863636363637,,99.41863636363637,99.41863636363637,0.0,0.0,0.0,6.845454545454545,,167.6375,,167.6375,167.6375,0.42145454545454547,,0.12486363636363636,
GR86-038-093,93,17.0,16.352660787865233,23.009861216705303,92.44190476190477,1.4473684210526316,5.0,165.0,1.7176309242469576,2.163955656882057,0.0,0.0,66.0223735058383,38.294603812119504,2.6995454545454547,99.45636363636363,6.198338440168968,89.51238095238095,706.6105821792623,-8.860335463511424,40.40021406910263,126.9421403508772,30.64004481424701,67.025,185.212,0.26742381223497685,0.3582381940898245,-0.0685243139095572,0.8304703583435172
GR86-038-093,93,17.045454545454547,0.0016600790514047503,,0.0016600790514047503,0.0,0.0,0.0,1.4708084763221114,1.4708084763221114,0.0,,99.41181818181818,,99.41181818181818,99.41181818181818,0.0,0.0,0.0,4.1409090909090915,,165.28,,165.28,165.28,0.4180454545454545,,0.14022727272727273,
GR86-038-093,93,18.0,16.425161029915124,23.142224325353286,83.64683982683982,1.4035087719298245,5.0,160.0,1.7443368547282192,2.163955656882057,0.0,0.0,66.58049761467238,39.45548057652556,2.4727272727272727,99.42909090909092,5.467213136009881,65.27204545454546,623.2622975051264,-8.996899330228699,40.82325320344214,128.27031140350877,31.012694898810118,66.72,184.4425,0.2673949159866155,0.34905325220153827,-0.06780506528395396,0.8398265600475671
GR86-038-093,93,18.666666666666668,0.0005194805194719265,,0.0005194805194719265,0.0,0.0,0.0,1.4708084763221112,1.4708084763221112,0.0,,99.40142857142857,,99.40142857142857,99.40142857142857,0.0,0.0,0.0,11.847619047619048,,169.14000000000001,,169.14000000000001,169.14000000000001,0.40595238095238095,,0.30038095238095236,
GR86-038-093,93,19.0,15.082096861059103,24.652367867451662,91.68057312252964,1.3652173913043477,5.0,157.0,1.7323131340932467,2.163955656882057,0.0,0.0,69.55081122574653,39.676105502393334,2.424090909090909,99.42454545454547,6.777229141998518,102.24261904761906,779.3813513298296,-10.632411497922368,39.56585601140245,127.14899130434783,32.29412731007329,65.964,183.366,0.26742036125814955,0.36355799843449926,-0.07446559017542004,0.8085193071476081
GR86-041-073,73,1.0,15.912221305183433,20.712955508433133,82.2983022774327,1.4958677685950412,5.0,362.0,1.5162548938055662,2.3025850929940455,0.0,0.0,45.01664719803303,38.08602505358088,2.34,100.16956521739131,4.3895513590922475,74.36931818181819,1062.2714289003238,-2.473241095362623,35.62569436900381,95.19269283746557,29.786754387379563,37.5525,165.0175,0.024361194646641087,0.2696115237229975,-0.07496813795814851,0.594439955010932
GR86-041-073,73,1.0869565217391304,41.17402745995423,,41.17402745995423,0.0,0.0,0.0,1.313834033192747,1.313834033192747,0.0,,58.81913043478261,,58.81913043478261,58.81913043478261,0.0,0.0,0.0,7.4739130434782615,,159.07600000000002,,159.07600000000002,159.07600000000002,0.13065217391304348,,0.10147826086956523,
GR86-041-073,73,2.0,14.322537547015967,17.5803089475857,79.85581453634084,1.793103448275862,5.0,260.0,1.4607459700701295,2.163955656882057,0.0,0.0,39.01608404904205,35.38531219641049,2.35,100.1309090909091,4.064669641785396,55.64000000000001,589.3770980588824,-3.3849765407929033,37.50632122770449,101.84380689655173,26.963206539781144,53.164,161.64000000000001,-0.0014068417555660043,0.2617381776010643,-0.08711895065896347,0.6192229974415923
GR86-041-073,73,2.652173913043478,0.00780538302278444,,0.00780538302278444,0.0,0.0,0.0,1.0296530140645737,1.0296530140645737,0.0,,100.00304347826088,,100.00304347826088,100.00304347826088,0.0,0.0,0.0,8.417391304347825,,152.282,,152.282,152.282,0.17208695652173914,,0.09826086956521739,
GR86-041-073,73,3.0,18.20374689989082,21.39945661826802,80.82567287784678,2.418032786885246,5.0,295.0,1.7414511735149607,2.3025850929940455,0.0,0.0,66.98027022474378,36.58078719474626,2.6922727272727274,100.2090909090909,7.9169720592461585,66.9895652173913,965.8705912280313,-2.8737442655356893,41.56350467206999,119.57351229508197,30.17036085001462,52.6,174.60399999999998,0.008476325679979666,0.34843000699418075,-0.0844641004126792,0.7507534886322016
GR86-041-073,73,3.8181818181818183,0.006991341991351874,,0.006991341991351874,0.0,0.0,0.0,1.313834033192747,1.313834033192747,0.0,,99.99681818181817,,99.99681818181817,99.99681818181817,0.0,0.0,0.0,12.963636363636363,,168.27,,168.27,168.27,0.16190909090909092,,0.20527272727272727,
GR86-041-073,73,4.0,15.794204889781488,24.088141481744223,86.28575569358178,1.6666666666666667,5.0,190.0,1.7784074305600694,2.163955656882057,0.0,0.0,68.6041366988754,38.9491225155903,2.3771428571428572,100.25,6.875112974691079,88.41952380952381,783.762879114783,-4.058091001172118,43.17262740753298,126.76473684210526,30.946800089932424,64.732,183.7,0.01028390970260174,0.35924566058452406,-0.08663535646810668,0.8379415584200149
GR86-041-073,73,4.2727272727272725,0.000454545454559252,,0.000454545454559252,0.0,0.0,0.0,1.2798542258336676,1.2798542258336676,0.0,,99.99772727272726,,99.99772727272726,99.99772727272726,0.0,0.0,0.0,8.527272727272727,,167.60250000000002,,167.60250000000002,167.60250000000002,0.16436363636363638,,0.12490909090909091,
GR86-041-073,73,5.0,15.391562273155571,22.791751731927494,89.43826086956521,1.608695652173913,5.0,185.0,1.7587827789056099,2.163955656882057,0.0,0.0,68.01528523261251,39.52966321261437,2.4013043478260867,100.1540909090909,6.800168136274523,84.1875,782.0193356715702,-4.171013713595591,45.24335044253602,126.46815942028985,31.227342579363096,61.3775,185.502,0.008098858484660073,0.3587125007043025,-0.08777221839037258,0.8261238365366183
GR86-041-073,73,5.2727272727272725,8.658008657391747e-05,,8.658008657391747e-05,0.0,0.0,0.0,1.4708084763221114,1.4708084763221114,0.0,,99.99818181818182,,99.99818181818182,99.99818181818182,0.0,0.0,0.0,7.777272727272727,,165.63,,165.63,165.63,0.18440909090909094,,0.07463636363636363,
GR86-041-073,73,6.0,1.4701848122656744,6.9583731396935615,81.69999999999999,0.3347315436241611,5.0,399.0,0.355547678294303,2.0431918705451206,0.0,0.0,11.400209305403672,16.080782301392915,2.352272727272727,100.18863636363636,1.3237405128705904,59.935,1577.8986913417436,-5.406402891623579,45.168345959957165,13.323429352396973,37.38490004488735,0.0,181.526,0.013680978943254188,0.09796633059029881,-0.017708589305362406,0.24609134567116023
GR86-041-073,73,6.782608695652174,0.6095849802371553,,0.6095849802371553,0.0,0.0,0.0,1.0549201679861442,1.0549201679861442,0.0,,28.48913043478261,,28.48913043478261,28.48913043478261,0.0,0.0,0.0,12.608695652173912,,141.67000000000002,,141.67000000000002,141.67000000000002,0.09108695652173913,,0.20443478260869566,
GR86-041-073,73,7.0,6.286413017052324,7.026057441179224,54.90363636363637,1.32,5.0,231.0,1.412229862401642,2.3025850929940455,0.0,0.0,18.350701885883538,15.68516351247318,2.322857142857143,100.0486956521739,2.604922201961708,39.94921052631579,455.86138534329893,-2.999363360405531,33.81062807927688,83.61923714285714,29.932573188858505,12.7225,146.44400000000002,0.00013346469222180285,0.21032085912755924,-0.048399368972025396,0.49218199937102514
GR86-041-073,73,7.782608695652174,0.17322981366459622,,0.17322981366459622,2.0,2.0,2.0,1.0296530140645737,1.0296530140645737,0.0,,2.496086956521739,,2.496086956521739,2.496086956521739,6.385217391304349,6.385217391304349,6.385217391304349,7.673913043478261,,121.828,,121.828,121.828,-0.22108695652173913,,0.03821739130434783,
GR86-041-073,73,8.0,7.495464535835536,9.818058405194112,66.8779090909091,1.606060606060606,5.0,265.0,1.3627752482665634,2.163955656882057,0.0,0.0,20.73211804010215,21.371731703294937,2.309,100.04565217391306,2.040614063098968,22.394782608695653,336.70132041132973,-2.6832279913261816,33.80746187645709,88.80174545454545,25.18333542697422,42.0325,138.715,-0.004043204889594528,0.18420437844458457,-0.04742119158863543,0.5314324070988667
GR86-041-073,73,8.681818181818182,0.019051383399208976,,0.019051383399208976,3.0,3.0,3.0,1.0296530140645737,1.0296530140645737,0.0,,2.508181818181818,,2.508181818181818,2.508181818181818,14.372272727272728,14.372272727272728,14.372272727272728,6.418181818181819,,104.07000000000001,,104.07000000000001,104.07000000000001,-0.4092272727272727,,-0.025909090909090913,
GR86-041-073,73,9.0,12.585762399189882,15.548387260566637,83.9455,1.4068965517241379,5.0,204.0,1.4599106804448128,2.163955656882057,0.0,0.0,37.14291506900109,32.70351144324808,2.341904761904762,100.02826086956522,3.675999381529331,96.83565217391303,533.019910321753,-2.417540631639939,36.58401152716624,100.05522643678161,26.586814930720248,55.29,157.68200000000002,0.017891760643357173,0.24988793920579608,-0.08328972927267887,0.6565932405742267
GR86-041-073,73,9.090909090909092,0.0049999999999954525,,0.0049999999999954525,0.0,0.0,0.0,1.2206072645530175,1.2206072645530175,0.0,,100.00772727272728,,100.00772727272728,100.00772727272728,0.0,0.0,0.0,8.040909090909091,,163.11,,163.11,163.11,0.15063636363636365,,0.09781818181818182,
GR86-041-073,73,10.0,15.207262408536057,23.099932177554905,94.79904761904763,1.4035087719298245,5.0,160.0,1.7474045670102465,2.163955656882057,0.0,0.0,68.53426198849765,39.58727442912698,2.4074999999999998,100.05545454545455,6.128136353512934,78.82090909090908,698.6075443004745,-3.049150027837108,42.443161798905,127.66697807017543,30.4795339210349,63.06,182.86399999999998,0.011381588748330928,0.35418554555805526,-0.09183211612742682,0.8436878448452311
GR86-041-073,73,10.285714285714286,0.005010351966873827,,0.005010351966873827,0.0,0.0,0.0,1.2798542258336676,1.2798542258336676,0.0,,100.00238095238096,,100.00238095238096,100.00238095238096,0.0,0.0,0.0,6.071428571428571,,166.422,,166.422,166.422,0.16176190476190475,,0.0419047619047619,
GR86-041-073,73,11.0,14.515612593997997,22.30148091126308,78.82767391304348,1.3596491228070176,5.0,155.0,1.798515945525014,2.3025850929940455,0.0,0.0,70.29592985940685,38.95071765195148,2.39,100.07318181818182,6.375611298606365,89.79181818181819,726.8196880411256,-2.0638975083589983,42.265291248930374,128.44849122807017,31.086932194641832,67.168,182.294,0.009444037121963776,0.3601302369092813,-0.09023806687294132,0.8430890232874851
GR86-041-073,73,12.0,14.38153721749017,22.598757961605383,85.42006211180124,1.3596491228070176,5.0,155.0,1.747030071740101,2.163955656882057,0.0,0.0,70.77568777884242,39.23178228539911,2.381818181818182,100.06363636363636,6.610647855537229,86.5475,753.6138555312441,-3.1201866493254524,42.52513139469148,128.1142543859649,31.327884873214852,61.834,186.1025,0.011909944523653914,0.37212238537903547,-0.08800419054600746,0.8434830846806027
GR86-041-073,73,12.571428571428571,0.0050432900433037275,,0.0050432900433037275,0.0,0.0,0.0,1.1682824501765625,1.1682824501765625,0.0,,99.99904761904762,,99.99904761904762,99.99904761904762,0.0,0.0,0.0,8.171428571428573,,168.4075,,168.4075,168.4075,0.1601904761904762,,0.08814285714285715,
GR86-041-073,73,13.0,15.326719715869661,22.782034950835737,80.94022727272728,1.5350877192982457,5.0,175.0,1.6733122567468923,2.3025850929940455,0.0,0.0,67.89265043331874,39.849272924507666,2.3822727272727273,100.08045454545454,6.417466243598561,84.78630434782609,731.5911517702359,-2.9138663811735204,42.2803030266408,126.7051096491228,31.28284554246058,62.002500000000005,182.4725,0.009572362288041772,0.36606495079214313,-0.08437214233351545,0.8368834060583984
GR86-041-073,73,13.217391304347826,0.011594202898564276,,0.011594202898564276,0.0,0.0,0.0,1.366158847569202,1.366158847569202,0.0,,100.00173913043479,,100.00173913043479,100.00173913043479,0.0,0.0,0.0,8.147826086956522,,165.294,,165.294,165.294,0.1592173913043478,,0.14773913043478262,
GR86-041-073,73,14.0,13.860436616701822,21.552867503507365,76.68993506493506,1.5789473684210527,5.0,180.0,1.7555636461829005,2.163955656882057,0.0,0.0,70.54630043067316,38.82345761739156,2.4170000000000003,100.06090909090909,6.9496314190580115,80.71357142857144,792.2579817726133,-2.929503914399505,42.5387650106561,128.18648684210527,31.233318724430507,64.64,186.6175,0.012171705519337307,0.3663103820381937,-0.09007626069588488,0.8429054984429603
GR86-041-073,73,14.882352941176471,0.0011764705882342241,,0.0011764705882342241,0.0,0.0,0.0,1.1682824501765625,1.1682824501765625,0.0,,100.00117647058823,,100.00117647058823,100.00117647058823,0.0,0.0,0.0,18.08235294117647,,171.2125,,171.2125,171.2125,0.1663529411764706,,0.40447058823529414,
GR86-041-073,73,15.0,13.017996276815147,19.668586417753406,75.73363636363635,1.4473684210526316,5.0,165.0,1.738998504371111,2.163955656882057,0.0,0.0,69.11327820243021,38.96466100921108,2.4442857142857144,100.05521739130435,7.411653459424151,108.54294117647059,844.9284943743532,-3.0210757794779077,43.81393573971171,126.99615789473684,31.688195613933026,63.09,183.0375,0.008791982396348822,0.372218477300334,-0.08816914397515264,0.836666535177319
GR86-041-073,73,15.681818181818182,0.003246753246756384,,0.003246753246756384,0.0,0.0,0.0,1.313834033192747,1.313834033192747,0.0,,99.99818181818182,,99.99818181818182,99.99818181818182,0.0,0.0,0.0,13.67727272727273,,168.074,,168.074,168.074,0.1494090909090909,,0.2519090909090909,
GR86-041-073,73,16.0,14.710368970004673,22.119666291196975,75.62113636363637,1.3274336283185841,5.0,150.0,1.7818268942384656,2.163955656882057,0.0,0.0,68.96948474591892,39.48862768618059,2.3982608695652177,100.0495652173913,7.425224280890352,115.16195652173913,839.0503437406097,-3.1454734574133014,44.44253042518159,127.24134365781711,31.32969175620517,62.548,183.9425,0.008804284408604363,0.37536972153854864,-0.09139873466844378,0.8435520885367245
GR86-041-073,73,16.08695652173913,0.006869565217385798,,0.006869565217385798,0.0,0.0,0.0,1.5047882836811908,1.5047882836811908,0.0,,100.0091304347826,,100.0091304347826,100.0091304347826,0.0,0.0,0.0,5.091304347826087,,165.152,,165.152,165.152,0.15543478260869567,,0.10069565217391303,
GR86-041-073,73,17.0,14.624525130989072,21.48767271231321,84.24272727272728,1.391304347826087,5.0,160.0,1.7274178612778828,2.3025850929940455,0.0,0.0,66.76114354753663,39.509450399211346,2.3943478260869564,100.03478260869566,5.9677532002156966,82.92434782608696,686.2916180248051,-2.117450581231036,41.83865776510723,126.25469565217392,30.50703794458213,61.015,180.2525,0.012405184775875776,0.3567350435263535,-0.0877027026129054,0.8281330875940872
GR86-041-073,73,17.095238095238095,0.004285714285728659,,0.004285714285728659,0.0,0.0,0.0,1.6094379124341003,1.6094379124341003,0.0,,100.0095238095238,,100.0095238095238,100.0095238095238,0.0,0.0,0.0,7.438095238095239,,165.4575,,165.4575,165.4575,0.1813809523809524,,0.09042857142857143,
GR86-041-073,73,18.0,14.302716706720108,20.24484159222104,86.72590909090908,1.4473684210526316,5.0,165.0,1.800715330296756,2.163955656882057,0.0,0.0,67.5025168753768,38.82161251708762,2.547142857142857,100.03666666666666,7.037808660928377,100.26714285714286,802.310187345835,-2.7111146582472854,43.424734527774845,127.02267105263158,31.844849176228884,60.48,184.026,0.009257447614877953,0.3584495195884053,-0.0805681051474528,0.8381637761672492
GR86-041-073,73,18.130434782608695,0.002108695652168535,,0.002108695652168535,0.0,0.0,0.0,1.4708084763221114,1.4708084763221114,0.0,,100.01739130434783,,100.01739130434783,100.01739130434783,0.0,0.0,0.0,8.478260869565217,,164.63400000000001,,164.63400000000001,164.63400000000001,0.14939130434782608,,0.1218695652173913,
GR86-041-073,73,19.0,13.74942747688165,21.658489035256544,80.44429292929294,1.3596491228070176,5.0,155.0,1.684039010638704,2.163955656882057,0.0,0.0,69.75900220612915,39.54333456150479,2.3759090909090905,100.03857142857143,6.149106371152032,65.454,700.9981263113317,-3.1064833689434743,43.48360886154364,127.98698538011696,31.4323098627909,63.489999999999995,184.264,0.012128568190956783,0.3567114095027042,-0.0917810381002578,0.8472750684920165
GR86-041-073,73,19.818181818181817,0.0022727272727252057,,0.0022727272727252057,0.0,0.0,0.0,1.2798542258336676,1.2798542258336676,0.0,,100.01727272727273,,100.01727272727273,100.01727272727273,0.0,0.0,0.0,12.55,,169.6775,,169.6775,169.6775,0.1761818181818182,,0.27090909090909093,
GR86-041-073,73,20.0,15.146434522701595,22.63404654321523,86.43681818181818,1.4912280701754386,5.0,170.0,1.7705438867767014,2.3025850929940455,0.0,0.0,68.64322674788757,39.317410449551325,2.3825,100.02181818181818,6.853150851284824,110.3358695652174,781.2591970464699,-3.4928965817972806,43.291850111739556,126.98783333333333,30.920955046532363,59.94,181.60399999999998,0.012140283355801846,0.3596280033988566,-0.09225591004503143,0.8394221745933741
GR86-041-073,73,20.695652173913043,29.073022774327114,,29.073022774327114,0.0,0.0,0.0,1.3592367006650066,1.3592367006650066,0.0,,70.91173913043478,,70.91173913043478,70.91173913043478,0.0,0.0,0.0,10.821739130434782,,167.45,,167.45,167.45,0.1666086956521739,,0.15995652173913044,
GR86-041-073,73,21.0,13.626258812988368,19.710155424219423,80.72509316770187,1.4912280701754386,5.0,170.0,1.7438328507392076,2.163955656882057,0.0,0.0,66.98537690079336,38.41455007672056,2.741304347826087,100.01818181818182,7.643143123538221,99.94023809523809,871.3183160833572,-4.364966991392681,43.28173368989374,127.00545614035087,31.942074715572677,61.501999999999995,183.2025,0.011329783746169391,0.3739729171609254,-0.08625037881612013,0.8329610389989774
GR86-041-073,73,21.636363636363637,0.0,,0.0,0.0,0.0,0.0,1.313834033192747,1.313834033192747,0.0,,99.98545454545454,,99.98545454545454,99.98545454545454,0.0,0.0,0.0,11.159090909090908,,169.8075,,169.8075,169.8075,0.1708181818181818,,0.18563636363636363,
GR86-041-073,73,22.0,9.265766581652285,18.03204441968822,75.88445454545453,1.5497076023391814,5.0,265.0,1.6095420598118262,2.3025850929940455,0.0,0.0,49.65105909700172,42.61100463238871,1.9366666666666668,100.02409090909092,6.352066438953486,90.44190476190477,1086.203361061046,-3.074658797122622,42.343184609126794,92.09438137254902,56.70660789802725,0.0,183.092,0.0034250697703747677,0.30478439322314255,-0.05924955168984132,0.6804885104519718
GR86-041-073,73,22.043478260869566,0.0025434782608755313,,0.0025434782608755313,0.0,0.0,0.0,1.4708084763221114,1.4708084763221114,0.0,,99.99304347826087,,99.99304347826087,99.99304347826087,0.0,0.0,0.0,5.756521739130435,,165.7225,,165.7225,165.7225,0.17673913043478262,,0.07173913043478261,
GR86-041-073,73,22.08695652173913,0.15330039525691674,,0.15330039525691674,0.0,0.0,0.0,1.9061547465398496,1.9061547465398496,0.0,,10.272608695652174,,10.272608695652174,10.272608695652174,0.0,0.0,0.0,23.256521739130434,,35.464,,35.464,35.464,0.054565217391304356,,0.05495652173913044,
GR86-041-073,73,23.0,2.6944590756436786,10.043763215481794,81.85138755980861,0.45012165450121655,5.0,370.0,0.5371050180887472,2.3025850929940455,0.0,0.0,16.271217704974056,26.06843740821198,2.3140909090909094,100.02000000000001,1.2466974374717723,82.93434782608696,1024.7852936017969,-0.4084444484483199,31.119576319977714,21.436819951338197,45.60645347928746,0.0,183.964,0.019130538818319266,0.1443540739246109,-0.016376847361723446,0.3146784631868408
GR86-047-021,21,1.0,10.692806531959736,17.764402163191452,91.99034632034633,1.1264755480607083,5.0,668.0,1.1634774528999297,2.163955656882057,0.0,0.0,24.68903068755835,30.488014102589233,2.412608695652174,100.0190909090909,2.702337167537751,87.95568181818182,1602.4859403498865,-3.880359133393865,47.995435963430154,66.66240237691001,43.686074369586706,0.0,150.4,0.002189497584962751,0.1928133485210986,-0.06847033845863602,0.4820034800650291
GR86-047-021,21,1.2608695652173914,15.720766045548654,,15.720766045548654,0.0,0.0,0.0,1.470808476322111,1.470808476322111,0.0,,35.27695652173913,,35.27695652173913,35.27695652173913,0.0,0.0,0.0,7.717391304347826,,115.204,,115.204,115.204,0.08921739130434783,,0.07634782608695652,
GR86-047-021,21,1.391304347826087,0.42869565217391425,,0.42869565217391425,0.0,0.0,0.0,0.6931471805599453,0.6931471805599453,0.0,,21.596521739130434,,21.596521739130434,21.596521739130434,0.0,0.0,0.0,4.1000000000000005,,107.0825,,107.0825,107.0825,0.08508695652173913,,-0.021260869565217392,
GR86-047-021,21,2.0,12.77771997239434,16.779525301054694,89.42616883116882,1.4106583072100314,5.0,450.0,1.4922448202265741,2.163955656882057,0.0,0.0,26.178970104070565,27.81636751648898,2.3734782608695655,99.96954545454545,2.525090332218468,76.31214285714286,805.5038159776913,-4.366015122060545,34.09839781927119,91.95004545454546,19.082694400972706,51.472500000000004,132.1875,-0.014023738972494737,0.19986477661620952,-0.09219892428886532,0.5521888863789179
GR86-047-021,21,2.1818181818181817,13.665889328063242,,13.665889328063242,0.0,0.0,0.0,0.6730116670092565,0.6730116670092565,0.0,,18.635454545454547,,18.635454545454547,18.635454545454547,0.0,0.0,0.0,4.040909090909091,,97.8775,,97.8775,97.8775,0.029727272727272727,,-0.016636363636363637,
GR86-047-021,21,2.3636363636363638,0.0001778656126560918,,0.0001778656126560918,0.0,0.0,0.0,1.0296530140645737,1.0296530140645737,0.0,,99.96409090909091,,99.96409090909091,99.96409090909091,0.0,0.0,0.0,3.8909090909090907,,135.898,,135.898,135.898,0.22168181818181817,,0.0035454545454545448,
GR86-047-021,21,3.0,14.046525435827261,19.69722231750152,78.20954545454543,1.6856060606060606,5.0,445.0,1.6127967169874324,2.163955656882057,0.0,0.0,48.49179396274477,39.07422272846276,2.350909090909091,100.00636363636363,3.798077166674772,57.46608695652174,1002.6923720021398,-4.739384341460611,36.15372556841313,111.09006628787878,28.275279956361306,61.848,184.108,0.0053724314233789365,0.28626540773609577,-0.10294263372453771,0.7034091943150644
GR86-047-021,21,3.727272727272727,0.006264822134397718,,0.006264822134397718,0.0,0.0,0.0,1.5047882836811908,1.5047882836811908,0.0,,99.60409090909091,,99.60409090909091,99.60409090909091,0.0,0.0,0.0,17.213636363636365,,169.69400000000002,,169.69400000000002,169.69400000000002,0.15581818181818183,,0.4768181818181818,
GR86-047-021,21,4.0,14.484890178373632,21.787861437889298,86.86146997929607,1.3495575221238938,5.0,305.0,1.7386728927820538,2.163955656882057,0.0,0.0,69.01321520907003,38.99799848287623,2.4314285714285715,99.98565217391305,5.894343098924717,86.78652173913044,1332.121540356986,-4.164779698332747,38.28719776259784,128.75572566371682,31.471495973304766,56.358000000000004,187.3175,0.0044100205248772,0.36569129863339844,-0.10665117190080878,0.8461528262418121
GR86-047-021,21,4.095238095238095,0.001656314699800987,,0.001656314699800987,0.0,0.0,0.0,1.5047882836811908,1.5047882836811908,0.0,,99.90904761904763,,99.90904761904763,99.90904761904763,0.0,0.0,0.0,7.428571428571429,,166.334,,166.334,166.334,0.15057142857142858,,0.14247619047619048,
GR86-047-021,21,4.9523809523809526,23.0111387163561,,23.0111387163561,0.0,0.0,0.0,1.0888999753452235,1.0888999753452235,0.0,,76.64190476190477,,76.64190476190477,76.64190476190477,0.0,0.0,0.0,3.40952380952381,,168.876,,168.876,168.876,0.13576190476190475,,-0.0038095238095238104,
GR86-047-021,21,5.0,15.512714783856142,22.075075655527037,90.94869565217391,1.4444444444444444,5.0,325.0,1.7522073243924483,2.163955656882057,0.0,0.0,67.90771035392427,38.597946123571454,2.4633333333333334,99.92909090909092,5.890329347558253,76.44500000000001,1325.324103200607,-4.451373549046089,38.575166399224756,129.01648222222224,31.006631750675588,61.795,187.716,0.005746559780544905,0.36718859066650855,-0.10826836280589484,0.8421261868154548
GR86-047-021,21,5.0476190476190474,0.0015734989648024111,,0.0015734989648024111,0.0,0.0,0.0,1.6094379124341005,1.6094379124341005,0.0,,99.67190476190477,,99.67190476190477,99.67190476190477,0.0,0.0,0.0,5.761904761904763,,165.60999999999999,,165.60999999999999,165.60999999999999,0.14809523809523809,,0.08085714285714285,
GR86-047-021,21,5.869565217391305,0.0006126482213204554,,0.0006126482213204554,0.0,0.0,0.0,1.2798542258336674,1.2798542258336674,0.0,,99.84652173913042,,99.84652173913042,99.84652173913042,0.0,0.0,0.0,14.304347826086957,,171.1425,,171.1425,171.1425,0.16856521739130437,,0.41395652173913045,
GR86-047-021,21,6.0,14.602501909496254,20.949866776359706,87.66017316017317,1.4660633484162895,5.0,324.0,1.6971907552735703,2.3025850929940455,0.0,0.0,56.897882418706594,40.38617262583396,2.4059090909090908,99.84904761904761,5.303886445381094,85.73,1172.1589044292218,-3.521423860409023,36.943365638807514,124.23851357466064,30.06127533090154,63.616,189.2225,-0.011257869112007261,0.335242656269388,-0.07955684502682443,0.8191412016409011
GR86-047-021,21,6.434782608695652,0.003478260869584915,,0.003478260869584915,0.0,0.0,0.0,1.5047882836811908,1.5047882836811908,0.0,,99.67260869565219,,99.67260869565219,99.67260869565219,0.0,0.0,0.0,9.582608695652175,,168.115,,168.115,168.115,0.15421739130434783,,0.17395652173913045,
GR86-047-021,21,7.0,2.7568923264790746,11.670277307422602,84.48190476190476,0.28520499108734404,5.0,160.0,0.3409432609801484,2.163955656882057,0.0,0.0,20.166721371882712,29.893950129624123,2.5038095238095237,99.69173913043478,1.2251398619820744,78.46375,687.3034625719437,-3.145632652894734,17.28027818077585,26.095784560143628,53.919918671128926,0.0,187.178,1.0096694567726821e-05,0.16871459033477576,-0.03907787641031913,0.3814803743956798
GR86-047-021,21,7.434782608695652,0.004347826086956275,,0.004347826086956275,0.0,0.0,0.0,1.3592367006650066,1.3592367006650066,0.0,,99.6404347826087,,99.6404347826087,99.6404347826087,0.0,0.0,0.0,10.126086956521739,,167.4875,,167.4875,167.4875,0.1596086956521739,,0.1351304347826087,
GR86-047-021,21,8.0,14.117299687760479,22.915311076683064,91.23911067193676,1.25,5.0,140.0,1.7591017726926204,2.163955656882057,0.0,0.0,70.16837818904085,39.164386225280275,2.487,99.66130434782609,6.252805673751714,82.14704545454545,700.314235460192,-3.5371511619782092,37.11353900263459,129.22762500000002,31.48086561560304,60.2375,185.942,0.008468784835288392,0.3798066200421506,-0.10529753534032708,0.8556935614698897
GR86-047-021,21,8.090909090909092,0.0024505928853812975,,0.0024505928853812975,0.0,0.0,0.0,1.4184836619456564,1.4184836619456564,0.0,,99.59636363636363,,99.59636363636363,99.59636363636363,0.0,0.0,0.0,6.3090909090909095,,165.49,,165.49,165.49,0.1571818181818182,,0.06686363636363636,
GR86-047-021,21,9.0,14.290792565741711,21.47751314308853,82.59565217391304,1.3392857142857142,5.0,150.0,1.7212601159230576,2.163955656882057,0.0,0.0,70.68791747135283,37.91261688098785,2.482608695652174,99.61347826086957,6.486545644863677,73.25521739130434,726.4931122247318,-3.6810884409758633,38.33038813960891,129.6055892857143,31.59699623404856,61.306,185.154,0.010459157177363699,0.38032410099656033,-0.10298492410798311,0.8673473212963911
GR86-047-021,21,9.217391304347826,7.905138339481255e-05,,7.905138339481255e-05,0.0,0.0,0.0,1.3592367006650063,1.3592367006650063,0.0,,99.55826086956522,,99.55826086956522,99.55826086956522,0.0,0.0,0.0,4.782608695652174,,166.68,,166.68,166.68,0.14639130434782607,,0.014478260869565218,
GR86-047-021,21,10.0,12.603357715912452,20.3269904115138,87.67387445887447,1.1160714285714286,5.0,125.0,1.8084350825489537,2.3025850929940455,0.0,0.0,67.87584600356941,38.8558511821096,2.4213636363636364,99.57772727272727,6.473152371373451,100.39363636363636,724.9930655938265,-3.142710954935333,38.79083308461297,130.26082589285713,31.385123769625775,64.59,187.4625,0.01250299097900029,0.3693104217581628,-0.1069877156939851,0.8679278461553227
GR86-047-021,21,10.608695652173912,0.0028853754940740828,,0.0028853754940740828,0.0,0.0,0.0,1.3592367006650063,1.3592367006650063,0.0,,99.50652173913043,,99.50652173913043,99.50652173913043,0.0,0.0,0.0,13.434782608695652,,169.02,,169.02,169.02,0.15460869565217392,,0.3307391304347826,
GR86-047-021,21,11.0,13.622242536836868,21.387717592784934,87.43687747035574,1.4732142857142858,5.0,165.0,1.7397945849285328,2.163955656882057,0.0,0.0,68.57129796271275,39.100921101872444,2.4317391304347824,99.53347826086956,6.945356201769245,108.59204545454546,777.8798945981555,-4.33294203402705,39.406241064459664,129.4891294642857,31.265226455147367,62.557500000000005,186.345,0.007827244662687211,0.37661050790833867,-0.10842217908902692,0.8584726448045961
GR86-047-021,21,11.521739130434783,0.003478260869570704,,0.003478260869570704,0.0,0.0,0.0,1.4184836619456564,1.4184836619456564,0.0,,99.48,,99.48,99.48,0.0,0.0,0.0,8.278260869565218,,168.108,,168.108,168.108,0.1592173913043478,,0.11491304347826085,
GR86-047-021,21,12.0,13.730539213383768,21.339738438092926,84.40409090909091,1.4601769911504425,5.0,165.0,1.7100063037707705,2.3025850929940455,0.0,0.0,68.19802635795652,38.624027114657544,2.408695652173913,99.50090909090909,6.713815919043122,103.84227272727274,758.6611988518728,-2.8744971780951207,36.06164698735168,128.53174107142857,31.787275602505627,64.44,187.73,0.008544026620996509,0.37691056931209893,-0.10216651214766076,0.8449308228941202
GR86-047-021,21,12.608695652173912,0.003162055335977243,,0.003162055335977243,0.0,0.0,0.0,1.4708084763221112,1.4708084763221112,0.0,,99.4604347826087,,99.4604347826087,99.4604347826087,0.0,0.0,0.0,11.347826086956522,,168.542,,168.542,168.542,0.16795652173913042,,0.2553913043478261,
GR86-047-021,21,13.0,11.106809695572757,17.5243157671218,72.82434782608695,0.7471910112359551,5.0,133.0,1.310478686985848,2.163955656882057,0.0,0.0,39.707018297527654,37.72597778765781,2.4214285714285717,99.49000000000001,3.4844081958181863,92.15695652173913,620.2246588556371,3.0059550935598685,49.48792858368792,82.71990074906367,56.36591731176072,0.0,187.2825,-0.009728816050206788,0.2769619091310561,-0.06656618022922178,0.6270424319369563
GR86-047-021,21,13.904761904761905,0.2338095238095237,,0.2338095238095237,0.0,0.0,0.0,0.0,0.0,0.0,,4.845238095238095,,4.845238095238095,4.845238095238095,0.0,0.0,0.0,3.5,,41.775000000000006,,41.775000000000006,41.775000000000006,-0.06461904761904762,,-0.034333333333333334,
GR86-047-021,21,14.0,11.34911514218416,17.601803297891518,75.31545454545456,0.8525345622119815,5.0,185.0,1.0887719807987986,2.163955656882057,0.0,0.0,33.394266039732,36.99976591541048,2.2991304347826085,100.03826086956522,2.625298506119399,65.7934090909091,569.6897758279097,-6.335555162465523,30.05894609116622,67.24757834101382,59.68126921399907,0.0,169.695,0.008604505664688728,0.24907323357143166,-0.08800133319149682,0.5548792270450321
GR86-047-021,21,14.695652173913043,0.0016600790513763286,,0.0016600790513763286,0.0,0.0,0.0,1.1935496040981333,1.1935496040981333,0.0,,100.00652173913043,,100.00652173913043,100.00652173913043,0.0,0.0,0.0,10.943478260869565,,167.88,,167.88,167.88,0.139,,0.34952173913043477,
GR86-047-021,21,15.0,14.745525557966062,19.58537068337522,74.26626482213439,1.3157894736842106,5.0,150.0,1.6148867817195434,2.163955656882057,0.0,0.0,64.68179749522027,39.10328616745118,2.4572727272727275,100.04954545454547,5.481227318956152,87.20818181818181,624.8599143610013,-6.473184575404256,32.72268999667196,127.11239035087719,30.313519407747563,64.1175,183.382,0.0029554262797969874,0.3598221518861363,-0.10748764921196272,0.8220812557387259
GR86-047-021,21,15.5,0.004090909090919581,,0.004090909090919581,0.0,0.0,0.0,1.1935496040981333,1.1935496040981333,0.0,,100.00272727272727,,100.00272727272727,100.00272727272727,0.0,0.0,0.0,3.0681818181818183,,167.06,,167.06,167.06,0.14495454545454545,,0.028863636363636366,
GR86-047-021,21,16.0,15.326116513344294,21.64875287310427,77.30414078674949,1.3716814159292035,5.0,155.0,1.6538386372681873,2.163955656882057,0.0,0.0,68.47843064709647,38.802140235022925,2.4475000000000002,100.08136363636363,5.744555012382663,78.20204545454546,649.1347163992409,-5.707519785054413,33.27173747282729,128.31620796460177,30.999822541307,62.825,185.88,0.007120245215858914,0.3697876535161679,-0.10838578496446907,0.8393001382020343
GR86-047-021,21,16.318181818181817,0.018833992094869245,,0.018833992094869245,0.0,0.0,0.0,1.1935496040981333,1.1935496040981333,0.0,,100.01681818181818,,100.01681818181818,100.01681818181818,0.0,0.0,0.0,3.6454545454545455,,166.7125,,166.7125,166.7125,0.15004545454545457,,0.03159090909090909,
GR86-047-021,21,17.0,14.792568612029793,21.95306544010026,85.74613636363637,1.2946428571428572,5.0,145.0,1.6533114905646518,2.163955656882057,0.0,0.0,70.16429073902289,38.29100721244704,2.458636363636364,100.11727272727272,6.224181231682396,62.83108695652174,697.1082979484283,-2.988994800489366,35.26466523930462,129.75110714285714,30.969064103591847,63.948,185.6625,0.011005333027479764,0.3693795893230781,-0.10988108589779785,0.8578453225036102
GR86-047-021,21,17.318181818181817,0.8395454545454442,,0.8395454545454442,0.0,0.0,0.0,1.1935496040981333,1.1935496040981333,0.0,,99.15636363636364,,99.15636363636364,99.15636363636364,0.0,0.0,0.0,4.136363636363637,,166.762,,166.762,166.762,0.1489090909090909,,0.10322727272727272,
GR86-047-021,21,18.0,10.297232746721878,16.58575705495148,87.02363636363637,1.185897435897436,5.0,185.0,1.4345505480306557,2.3025850929940455,0.0,0.0,27.9983172942618,31.113159581118936,2.4227272727272724,100.11043478260869,2.3749703382366425,37.38260869565217,370.4953727649162,-5.045965313925841,31.054869234646112,95.82248397435897,38.10783343785316,33.8525,171.29500000000002,-0.03402744696823644,0.20460588381779912,-0.07818201131756623,0.6178488473773251
GR86-047-021,21,18.608695652173914,3.3569960474308296,,3.3569960474308296,0.0,0.0,0.0,0.6730116670092565,0.6730116670092565,0.0,,7.226086956521739,,7.226086956521739,7.226086956521739,0.0,0.0,0.0,3.0130434782608693,,36.8725,,36.8725,36.8725,-0.045,,-0.035521739130434785,
GR86-047-021,21,19.0,0.1912354429094446,2.1647800396302106,78.01454545454544,0.10745522698875469,5.0,258.0,0.14938127901562903,2.1972245773362196,0.0,0.0,7.931202732564307,3.446225534723966,2.003913043478261,100.10409090909091,0.2531430011477274,12.540000000000001,607.7963457556936,-5.245565180766051,29.94974939786211,1.7717426072469804,6.376575265389702,0.0,75.9725,0.0001803082082737562,0.022382546371530084,-0.01826325541054095,0.029521704182665653
GR86-049-088,88,1.0,11.178073206984168,18.317532208445883,82.40642857142858,1.7279411764705883,5.0,705.0,1.321661265636401,2.3025850929940455,0.0,0.0,22.367531474077218,27.156485243500892,2.4405,100.21125,6.593407652491019,58.11382352941176,2690.1103222163356,-4.901999145204724,54.655779766095435,60.159176178660054,48.347812832976885,0.0,152.215,0.016215291844300983,0.1739932345007615,-0.05584212762272276,0.5020188928986136
GR86-049-088,88,1.4285714285714286,16.174920634920632,,16.174920634920632,3.0,3.0,3.0,1.2206072645530175,1.2206072645530175,0.0,,21.573809523809523,,21.573809523809523,21.573809523809523,2.782380952380952,2.782380952380952,2.782380952380952,-2.423809523809523,,114.11800000000001,,114.11800000000001,114.11800000000001,-0.024380952380952375,,0.0800952380952381,
GR86-049-088,88,2.0,16.387555165980064,18.509613647348306,80.87280952380954,2.4052287581699345,5.0,368.0,1.6147962860861136,2.163955656882057,0.0,0.0,33.449018641196396,29.428561980849956,2.4454545454545458,100.1665,3.517305829683342,56.89157894736842,538.1477919415513,-7.65804514380465,37.81187910189183,96.32117864923747,20.204110961317884,61.763999999999996,139.115,0.0020591266822899473,0.21780106496679277,-0.07833305295611664,0.5985951435037777
GR86-049-088,88,2.5652173913043477,0.004173913043487687,,0.004173913043487687,1.0,1.0,1.0,0.9502705392332347,0.9502705392332347,0.0,,100.00217391304349,,100.00217391304349,100.00217391304349,0.0,0.0,0.0,0.03913043478260865,,135.88,,135.88,135.88,0.22086956521739132,,0.004869565217391305,
GR86-049-088,88,3.0,16.112696253566043,23.54711183302807,87.80143540669856,1.7094017094017093,5.0,200.0,1.7851010679190142,2.163955656882057,0.0,0.0,69.79194248382848,38.0522469483252,2.4655,100.2225,5.882939943837855,62.32710526315789,688.303973429029,-7.668408417619897,44.94512341886842,124.6795170940171,30.96028669632552,61.54,185.7,0.011117513081340086,0.36543818901542585,-0.07700219698149657,0.7956308361302841
GR86-049-088,88,3.65,0.004210526315787888,,0.004210526315787888,0.0,0.0,0.0,1.3592367006650063,1.3592367006650063,0.0,,100.0,,100.0,100.0,0.0,0.0,0.0,12.345,,170.41,,170.41,170.41,0.16715,,0.37229999999999996,
GR86-049-088,88,4.0,16.90456271884535,24.171522131412456,88.38717105263157,1.3716814159292035,5.0,155.0,1.7424486077768466,2.163955656882057,0.0,0.0,71.55579490843867,37.7343826104676,2.461764705882353,100.26666666666667,6.575055057381218,85.07363636363637,742.9812214840777,-9.364617999434131,43.06659210808039,128.0983539823009,32.45727525110905,64.7975,187.122,0.007729780958210011,0.383027584809937,-0.07683029697829746,0.8383586995748541
GR86-049-088,88,4.3125,0.0020065789473733275,,0.0020065789473733275,0.0,0.0,0.0,1.4184836619456564,1.4184836619456564,0.0,,99.999375,,99.999375,99.999375,0.0,0.0,0.0,7.5875,,168.82999999999998,,168.82999999999998,168.82999999999998,0.166875,,0.2221875,
GR86-049-088,88,5.0,14.76140512374273,21.079159490460057,94.63212121212122,1.2053571428571428,5.0,135.0,1.7440528507870143,2.163955656882057,0.0,0.0,70.66709530752722,37.702288715992836,2.464,100.213,6.696832253243701,95.50363636363636,750.0452123632946,-8.886812322978477,43.950962032879424,130.20770982142858,31.611396596229923,65.12,187.016,0.012090077298125066,0.375437732657133,-0.0846465913379125,0.8651721058388063
GR86-049-088,88,5.894736842105263,0.004686716791994172,,0.004686716791994172,0.0,0.0,0.0,1.1682824501765625,1.1682824501765625,0.0,,99.99578947368421,,99.99578947368421,99.99578947368421,0.0,0.0,0.0,14.421052631578947,,171.85,,171.85,171.85,0.1695263157894737,,0.49884210526315786,
GR86-049-088,88,6.0,1.8934820272336776,8.925979707718394,92.52105263157895,0.2560646900269542,5.0,285.0,0.2901729099757176,2.163955656882057,0.0,0.0,11.334436396349126,15.862526286929887,2.4657894736842105,100.13444444444445,0.4228891378906292,47.66928571428572,470.6756104722703,-2.1784658480685257,23.88301739291056,13.85062904676259,38.052619991175696,0.0,183.8775,-0.0014553816383276832,0.08578541955489108,-0.014304795154245611,0.2584742730248286
GR86-049-088,88,6.823529411764706,4.81890756302521,,4.81890756302521,4.0,4.0,4.0,0.6931471805599453,0.6931471805599453,0.0,,7.421764705882353,,7.421764705882353,7.421764705882353,6.26,6.26,6.26,4.1000000000000005,,119.2075,,119.2075,119.2075,-0.23564705882352943,,0.06841176470588235,
GR86-049-088,88,7.0,8.422204708198878,11.322775648771952,59.17292857142858,1.6514285714285715,5.0,289.0,1.533932606513599,2.163955656882057,0.0,0.0,17.75773445447388,16.767626903254875,2.429090909090909,100.03150000000001,1.4112970135648046,40.78,246.9769773738408,-7.610090439049634,35.155516263810284,83.60483428571429,22.524035086355173,27.125,140.235,-0.0028408744217716096,0.16748871997478545,-0.059706602779317226,0.5105097459496818
GR86-049-088,88,7.619047619047619,14.731904761904765,,14.731904761904765,3.0,3.0,3.0,1.2798542258336674,1.2798542258336674,0.0,,46.95666666666667,,46.95666666666667,46.95666666666667,0.0,0.0,0.0,-0.0904761904761904,,106.6625,,106.6625,106.6625,0.24347619047619048,,-0.0010476190476190472,
GR86-049-088,88,8.0,10.754659346314346,13.53673836597487,69.44188995215312,1.4096385542168675,5.0,234.0,1.5128318118870034,2.163955656882057,0.0,0.0,19.13349839229321,19.264752823958304,2.434761904761905,100.00294117647059,1.4201056359857935,26.071,235.73753557364174,-7.3799822246642055,34.306913720889206,88.47642469879517,17.68659361087987,48.468,132.9125,-0.009495129974447817,0.17038818470457012,-0.07462616750760002,0.5273893722421288
GR86-049-088,88,8.6,12.053023809523811,,12.053023809523811,2.0,2.0,2.0,1.1682824501765625,1.1682824501765625,0.0,,18.1535,,18.1535,18.1535,0.0,0.0,0.0,0.31,,94.6525,,94.6525,94.6525,0.0164,,0.006,
GR86-049-088,88,9.0,14.888995066984076,19.939460637105828,89.69654135338347,1.9047619047619047,5.0,280.0,1.6032372649424276,2.3025850929940455,0.0,0.0,35.19214005079282,33.97266297518109,2.4441176470588237,100.025,2.818951247194342,32.573181818181816,414.3858333375683,-7.638423870513552,37.3358697504024,100.12310544217686,20.8553579026438,57.214,165.59,0.013504976814150391,0.22308565480975745,-0.08948847514045198,0.6400616870129544
GR86-049-088,88,10.0,15.085605752809593,22.02835731771008,76.85347619047619,1.3716814159292035,5.0,155.0,1.7182242975064315,2.163955656882057,0.0,0.0,71.6519042625903,37.26640323898208,2.4721052631578946,100.03545454545456,6.476517515925762,76.01294117647059,731.8464792996111,-8.124030908340872,42.85385800440034,129.5887227138643,31.628378905475035,57.9975,186.022,0.007783625797571253,0.3678357539337796,-0.07491883807797578,0.8565946244356459
GR86-049-088,88,10.608695652173912,0.006004140786743051,,0.006004140786743051,0.0,0.0,0.0,1.0888999753452238,1.0888999753452238,0.0,,99.99304347826087,,99.99304347826087,99.99304347826087,0.0,0.0,0.0,1.8956521739130436,,164.8425,,164.8425,164.8425,0.14773913043478262,,0.029913043478260872,
GR86-049-088,88,11.0,15.449379935364687,23.93964809488107,85.82705263157895,1.3392857142857142,5.0,150.0,1.7441708272749294,2.163955656882057,0.0,0.0,71.57490742540668,38.38317784670818,2.4539999999999997,100.0311111111111,6.672969979951515,84.92763157894737,747.3726377545696,-9.370737312330105,41.85254404159396,129.16805105105107,30.992919558147058,63.7425,185.21,0.01350298246465565,0.368690633907493,-0.09011104332222453,0.8572061013333475
GR86-049-088,88,11.238095238095237,0.004313725490192155,,0.004313725490192155,0.0,0.0,0.0,1.1935496040981333,1.1935496040981333,0.0,,100.00333333333334,,100.00333333333334,100.00333333333334,0.0,0.0,0.0,3.7476190476190476,,166.2975,,166.2975,166.2975,0.162,,0.12457142857142858,
GR86-049-088,88,12.0,18.193321241512468,24.879074317032988,90.05571428571429,1.7105263157894737,5.0,195.0,1.7559538476507068,2.163955656882057,0.0,0.0,71.4667865344873,37.285389354175834,2.666842105263158,100.03,6.54774480068974,71.9853125,746.4429072786304,-5.791450319702263,44.80764811134204,127.71348976608186,31.99730703090853,66.38499999999999,185.285,0.009036095640527816,0.3746592244803173,-0.07301072868766857,0.8421013203209567
GR86-049-088,88,12.4,0.003444444444454575,,0.003444444444454575,0.0,0.0,0.0,1.2798542258336674,1.2798542258336674,0.0,,99.991,,99.991,99.991,0.0,0.0,0.0,2.965,,167.15800000000002,,167.15800000000002,167.15800000000002,0.1449,,0.060250000000000005,
GR86-049-088,88,13.0,15.080872239569585,23.34973701910102,89.23469696969698,1.3839285714285714,5.0,155.0,1.7204195224517889,2.163955656882057,0.0,0.0,69.29006794385981,38.88369573707758,2.844736842105263,100.0195238095238,6.410366061971127,80.144375,717.9609989407662,-8.117320938883234,42.43758233058517,129.80777027027028,31.301191643071522,64.4,184.48250000000002,0.00834492276521506,0.3699831477768142,-0.09007575526669824,0.8650457240575898
GR86-049-088,88,13.409090909090908,0.011111111111105743,,0.011111111111105743,0.0,0.0,0.0,1.1935496040981333,1.1935496040981333,0.0,,99.98,,99.98,99.98,0.0,0.0,0.0,6.009090909090909,,167.782,,167.782,167.782,0.13595454545454547,,0.20127272727272727,
GR86-049-088,88,14.0,16.072246880370535,24.606690636905803,88.06604545454547,1.4285714285714286,5.0,160.0,1.7705826358407943,2.3025850929940455,0.0,0.0,71.05011015064028,38.034177369041146,4.722222222222222,100.01857142857142,6.266003575112522,74.6821052631579,701.7924004126024,-9.836879445896312,41.45370435033121,129.38224404761905,31.552507893348576,61.178,185.68,0.008608098984471051,0.37660727250991577,-0.08650685465164067,0.8616496278956668
GR86-049-088,88,14.2,0.0002368421052665326,,0.0002368421052665326,0.0,0.0,0.0,1.1935496040981333,1.1935496040981333,0.0,,99.9845,,99.9845,99.9845,0.0,0.0,0.0,3.0900000000000003,,166.98250000000002,,166.98250000000002,166.98250000000002,0.15205,,0.10485,
GR86-049-088,88,15.0,15.799481471359522,23.774931757867915,93.45319327731093,1.4732142857142858,5.0,165.0,1.7763310407143627,2.163955656882057,0.0,0.0,71.16919377800765,37.72936328449041,2.4833333333333334,100.01578947368421,6.398573476300409,86.49964285714286,716.6402293456458,-8.49908824980958,42.97467882025743,130.11884523809525,31.033471433575965,64.80199999999999,185.55599999999998,0.009688833797292235,0.3767445569395035,-0.0824260981517763,0.8671598631485741
GR86-049-088,88,15.45,0.0010000000000047748,,0.0010000000000047748,0.0,0.0,0.0,1.1935496040981333,1.1935496040981333,0.0,,99.9785,,99.9785,99.9785,0.0,0.0,0.0,4.725,,167.74,,167.74,167.74,0.14415,,0.15885,
GR86-049-088,88,16.0,14.589082202988157,22.06311804013289,85.62268170426066,1.3839285714285714,5.0,155.0,1.7275911047970052,2.163955656882057,0.0,0.0,70.93513263888612,37.71066581969263,2.460526315789474,100.01705882352941,6.938959304860388,99.46117647058823,777.1634421443634,-8.66075477040896,41.68617252194331,129.96916071428572,31.280286725605652,64.94800000000001,187.106,0.01142945056318502,0.37559145588746357,-0.08681651070067183,0.8738000710664997
GR86-049-088,88,16.65,0.0025476190476325655,,0.0025476190476325655,0.0,0.0,0.0,1.1935496040981333,1.1935496040981333,0.0,,99.9835,,99.9835,99.9835,0.0,0.0,0.0,10.745000000000001,,169.968,,169.968,169.968,0.15735000000000002,,0.4335,
GR86-049-088,88,17.0,16.580313868964303,23.094828777970424,84.99388235294118,1.3839285714285714,5.0,155.0,1.7830302805565663,2.163955656882057,0.0,0.0,71.42546193192364,36.985048576267985,2.4613636363636364,100.01047619047618,7.274018373068925,98.137,814.6900577837196,-9.506748071047294,40.30960560779547,129.45798660714286,31.065919593305896,64.48,185.7375,0.008760199603470124,0.3877247071395045,-0.08905071082286671,0.8614135802448826
GR86-049-088,88,17.38888888888889,0.0003968253968054114,,0.0003968253968054114,0.0,0.0,0.0,1.1935496040981333,1.1935496040981333,0.0,,99.97055555555556,,99.97055555555556,99.97055555555556,0.0,0.0,0.0,5.722222222222222,,168.58200000000002,,168.58200000000002,168.58200000000002,0.1582222222222222,,0.1691111111111111,
GR86-049-088,88,18.0,14.59557525301764,21.62345706227957,84.42558441558441,1.6371681415929205,5.0,185.0,1.7541958506774844,2.3025850929940455,0.0,0.0,69.3596869793773,37.78447266527593,3.603684210526316,100.01526315789474,6.61067299911176,82.24973684210526,747.0060488996288,-10.409342289626899,40.54214563502229,128.72888495575222,31.075256914451188,67.27000000000001,185.576,0.010492770996125483,0.36731244769029914,-0.08353378882880991,0.8559068155297156
GR86-049-088,88,18.6,0.0015000000000071623,,0.0015000000000071623,0.0,0.0,0.0,1.1935496040981333,1.1935496040981333,0.0,,99.96799999999999,,99.96799999999999,99.96799999999999,0.0,0.0,0.0,7.385,,168.91,,168.91,168.91,0.14295,,0.21605,
GR86-049-088,88,19.0,16.692866595222185,23.704031047839976,87.76976190476189,1.4285714285714286,5.0,160.0,1.8425665057992795,2.163955656882057,0.0,0.0,71.46113469834704,37.41760336584964,2.6350000000000002,100.01368421052632,6.913585425841988,88.95972222222223,774.3215676943026,-8.599786650433959,39.626147604213074,129.413481981982,31.460218879485357,66.7025,186.94,0.012009699389971125,0.3794056743094448,-0.08781130836730712,0.8590561301929075
GR86-049-088,88,19.666666666666668,0.0035087719298161346,,0.0035087719298161346,0.0,0.0,0.0,1.1682824501765625,1.1682824501765625,0.0,,99.95333333333333,,99.95333333333333,99.95333333333333,0.0,0.0,0.0,9.685714285714287,,169.19400000000002,,169.19400000000002,169.19400000000002,0.15523809523809523,,0.3085714285714286,
GR86-049-088,88,20.0,15.416430448911704,21.893087282802327,80.10016666666667,1.4414414414414414,5.0,160.0,1.811569225674797,2.3025850929940455,0.0,0.0,71.57402991893855,36.76903383827796,2.468095238095238,100.00631578947369,7.047008883493218,69.94934782608696,782.2179860677472,-9.33557872748965,41.82086399222855,129.95273423423424,31.364924848236843,66.39000000000001,186.525,0.006493652722939977,0.3811077855446905,-0.08982634820303921,0.8673466948951098
GR86-049-088,88,20.045454545454547,0.0021363636363673777,,0.0021363636363673777,0.0,0.0,0.0,1.4184836619456567,1.4184836619456567,0.0,,99.95636363636363,,99.95636363636363,99.95636363636363,0.0,0.0,0.0,2.1681818181818184,,165.6975,,165.6975,165.6975,0.15463636363636366,,0.06818181818181818,
GR86-049-088,88,21.0,15.175709289644212,23.090518512985582,91.49044117647058,1.3392857142857142,5.0,150.0,1.7088340911509932,2.163955656882057,0.0,0.0,71.70472089586798,37.632188592220984,2.460526315789474,100.00521739130434,6.919430689919508,81.1909375,774.9762372709849,-9.164577515068364,40.651099623795176,130.509125,31.554859851392013,64.5475,186.81799999999998,0.010177061746523025,0.3927552120608456,-0.08465900241968442,0.8663887643303655
GR86-049-088,88,21.571428571428573,0.0030303030302860634,,0.0030303030302860634,0.0,0.0,0.0,1.1935496040981333,1.1935496040981333,0.0,,99.96333333333334,,99.96333333333334,99.96333333333334,0.0,0.0,0.0,10.138095238095238,,168.996,,168.996,168.996,0.14714285714285713,,0.34595238095238096,
GR86-049-088,88,22.0,14.000784901226282,20.612996993305433,83.63370129870131,1.3120567375886525,5.0,185.0,1.7040084410841998,2.163955656882057,0.0,0.0,73.93303619584177,36.23206003876491,2.4883333333333337,100.00380952380952,6.568567220682083,93.44181818181818,926.1679781161737,-11.662930820028826,37.73901214244117,126.8157304964539,32.30860462419515,64.76,185.616,0.02976785412778033,0.3797775100175017,-0.12884984881953826,0.8128556664427278
GR86-049-088,88,22.263157894736842,0.0005263157894717096,,0.0005263157894717096,0.0,0.0,0.0,1.1935496040981333,1.1935496040981333,0.0,,99.96368421052631,,99.96368421052631,99.96368421052631,0.0,0.0,0.0,1.1157894736842102,,166.76,,166.76,166.76,0.14557894736842106,,-0.02868421052631579,
GR86-049-088,88,22.333333333333332,0.003271221532102686,,0.003271221532102686,0.0,0.0,0.0,1.2798542258336674,1.2798542258336674,0.0,,99.59761904761906,,99.59761904761906,99.59761904761906,0.0,0.0,0.0,1.2476190476190478,,168.705,,168.705,168.705,0.1610952380952381,,0.2555238095238095,
GR86-049-088,88,23.0,17.596740441180316,24.250379027695526,91.94011904761905,1.52863436123348,5.0,347.0,1.7221323354817288,2.163955656882057,0.0,0.0,69.31733346947956,37.96690293234165,2.475,100.003,6.46166747525138,92.28200000000001,1466.7985168820633,-10.040370916364115,37.38845456970257,127.20100000000001,31.031163118995384,64.85,184.6675,0.008826067783347376,0.3706347357248908,-0.09686630961901871,0.8264816732490201
GR86-049-088,88,23.2,0.0010000000000047748,,0.0010000000000047748,0.0,0.0,0.0,1.1935496040981333,1.1935496040981333,0.0,,99.961,,99.961,99.961,0.0,0.0,0.0,3.87,,167.08,,167.08,167.08,0.16935,,0.11895,
GR86-049-088,88,23.347826086956523,62.79606719367589,,62.79606719367589,1.0,1.0,1.0,1.2798542258336676,1.2798542258336676,0.0,,36.82347826086957,,36.82347826086957,36.82347826086957,2.949782608695652,2.949782608695652,2.949782608695652,-1.0869565217391306,,167.89000000000001,,167.89000000000001,167.89000000000001,-0.03895652173913044,,0.17943478260869564,
GR86-049-088,88,24.0,11.587263095381603,17.16259042173695,90.35611904761905,1.4300341296928327,5.0,419.0,1.4657444181431274,2.163955656882057,0.0,0.0,39.373370005166876,37.96681403735623,2.413333333333333,100.0005,3.915649939607983,73.12473684210526,1147.285432305139,-9.887007184830066,35.157933854348066,100.68312969283276,45.48388987029496,14.285,185.405,-0.014310828428258595,0.27265801347529534,-0.06195839233080741,0.6888742417870636
GR86-049-088,88,24.545454545454547,0.1805335968379449,,0.1805335968379449,0.0,0.0,0.0,0.0,0.0,0.0,,5.222272727272728,,5.222272727272728,5.222272727272728,0.0,0.0,0.0,-4.3,,36.64,,36.64,36.64,-0.07531818181818183,,-0.013681818181818182,
GR86-049-088,88,24.7,61.66218421052632,,61.66218421052632,0.0,0.0,0.0,1.1935496040981333,1.1935496040981333,0.0,,38.1815,,38.1815,38.1815,0.0,0.0,0.0,5.12,,168.78199999999998,,168.78199999999998,168.78199999999998,0.0008000000000000021,,0.20175,
GR86-049-088,88,25.0,1.9744639629827485,6.100095975965495,88.60033333333334,0.5364238410596026,5.0,405.0,0.5803575286277823,2.163955656882057,0.0,0.0,9.862665805653288,10.346477085283619,2.4042857142857144,99.954375,0.6168903308570223,30.698,465.7521997970518,-10.733099360388962,36.16136122657291,23.519061589403975,39.89136160814067,0.0,168.37,-0.005582435121871431,0.09332087658264616,-0.011790945518579222,0.26358155322517296
GR86-049-088,88,25.45,0.21399999999999997,,0.21399999999999997,0.0,0.0,0.0,0.6730116670092565,0.6730116670092565,0.0,,2.728,,2.728,2.728,0.0,0.0,0.0,-2.8850000000000002,,41.672000000000004,,41.672000000000004,41.672000000000004,-0.0978,,-0.028699999999999996,
GR86-049-088,88,26.0,0.16607203563592757,0.828470513138511,10.936818181818186,0.14232977850697293,5.0,347.0,0.1407787125575247,2.1972245773362196,0.0,0.0,7.55426126019525,1.5997070717374744,2.358095238095238,19.078095238095237,0.7419214003175153,29.49,1808.8043739741024,-6.4984065758439655,44.3679455433762,1.5073785890073832,5.708812433378075,0.0,50.2025,-0.0032646666106675125,0.01988663447851943,-0.0029161066204976215,0.02761003418827977
GR86-050-050,50,1.0,16.053556338430358,20.570815311673535,86.79304347826088,1.253968253968254,5.0,316.0,1.5970139562278634,2.3025850929940455,0.0,0.0,39.86255570318518,35.392850170550595,2.3805,100.06318181818182,3.5967380714628,61.305681818181824,906.3779940086256,-3.0112296353447268,43.028214885484495,96.97379563492063,29.991354480592868,20.54,156.5625,0.012488452103117399,0.26739545254235136,-0.06873443873239415,0.6450032902113118
GR86-050-050,50,1.9090909090909092,0.2659090909090942,,0.2659090909090942,0.0,0.0,0.0,1.1935496040981333,1.1935496040981333,0.0,,24.76954545454545,,24.76954545454545,24.76954545454545,0.0,0.0,0.0,15.390909090909092,,144.775,,144.775,144.775,0.027045454545454543,,0.2052272727272727,
GR86-050-050,50,2.0,12.9235668704747,17.77795777066091,92.6704347826087,1.3928571428571428,5.0,195.0,1.6772628898475757,2.163955656882057,0.0,0.0,34.213754244703225,31.97507260458884,2.42952380952381,100.08000000000001,3.518864986487626,48.74727272727273,492.64109810826767,-4.983876921838704,46.337566893401274,103.95584285714285,28.293383262126405,49.25,154.738,-0.010902417519535378,0.25532496005305955,-0.05794895561178497,0.6317686503601221
GR86-050-050,50,2.1363636363636362,0.009978354978343873,,0.009978354978343873,0.0,0.0,0.0,1.2798542258336676,1.2798542258336676,0.0,,100.01045454545455,,100.01045454545455,100.01045454545455,0.0,0.0,0.0,7.195454545454546,,156.364,,156.364,156.364,0.16322727272727272,,0.055,
GR86-050-050,50,3.0,18.214831211468248,23.165960193677638,93.81958498023715,1.7083333333333333,5.0,205.0,1.7261120600494935,2.163955656882057,0.0,0.0,63.36593174024666,39.13161363506371,2.4733333333333336,100.06090909090909,5.891453836406971,48.60704545454546,706.9744603688365,-6.235868327745078,49.325651275054284,121.96417500000001,31.68710305826993,63.4675,177.3875,-0.005486340202481842,0.34786116203453477,-0.05704925388782283,0.7846633888378287
GR86-050-050,50,3.142857142857143,0.00047619047617786237,,0.00047619047617786237,0.0,0.0,0.0,1.2206072645530175,1.2206072645530175,0.0,,99.9995238095238,,99.9995238095238,99.9995238095238,0.0,0.0,0.0,7.685714285714286,,162.7525,,162.7525,162.7525,0.13304761904761905,,0.09661904761904762,
GR86-050-050,50,4.0,14.59969280498959,21.924188916254387,88.27761904761904,1.5217391304347827,5.0,175.0,1.7804131093662119,2.3025850929940455,0.0,0.0,67.404922139162,39.081513065328615,2.4747826086956524,100.01761904761904,5.480275115310187,65.1554761904762,630.2316382606715,-6.05836114490561,48.193870038242686,127.09609565217391,30.928556293758838,65.23400000000001,184.935,-0.000665130150246526,0.3484023217573886,-0.07601183121989263,0.8351404483981714
GR86-050-050,50,4.545454545454546,0.0013636363636351234,,0.0013636363636351234,0.0,0.0,0.0,1.5571130980576458,1.5571130980576458,0.0,,99.9759090909091,,99.9759090909091,99.9759090909091,0.0,0.0,0.0,14.945454545454545,,168.2775,,168.2775,168.2775,0.15813636363636363,,0.2450909090909091,
GR86-050-050,50,5.0,14.888245782311373,22.07170753796272,92.19059090909091,1.5044247787610618,5.0,170.0,1.813106242237659,2.3025850929940455,0.0,0.0,66.10494349845588,38.80696636393705,2.473333333333333,99.98190476190476,5.613639098498541,58.21630434782608,634.3412181303352,-5.396287562251382,48.74093221425916,128.7664424778761,30.14850587869395,66.672,184.39000000000001,0.0002783030581015564,0.3447110463547333,-0.08574590730046396,0.860851422393578
GR86-050-050,50,5.478260869565218,0.0010351966873543006,,0.0010351966873543006,0.0,0.0,0.0,1.5571130980576458,1.5571130980576458,0.0,,99.8608695652174,,99.8608695652174,99.8608695652174,0.0,0.0,0.0,14.417391304347827,,167.38,,167.38,167.38,0.15530434782608696,,0.24691304347826087,
GR86-050-050,50,6.0,1.6079291246638685,7.2632661186784775,83.9755,0.30269814502529513,5.0,359.0,0.36506896145117235,2.3025850929940455,0.0,0.0,11.072310938731027,16.44544243209812,2.4354545454545455,99.88318181818181,0.6542656362620893,59.20886363636364,775.9590446068379,2.9344994077640965,45.72063483276575,13.314567483798253,37.557498686051495,0.0,181.808,-0.006329313860668904,0.09038632233073941,-0.021713832803335057,0.24961872144169994
GR86-050-050,50,7.0,6.535981188493915,12.295408044706342,79.0095652173913,1.1581920903954803,5.0,205.0,1.4321002927781237,2.3025850929940455,0.0,0.0,18.199341640199876,20.454333965426752,2.411818181818182,99.57238095238095,1.890567273443093,45.6275,334.63040739942744,-3.58309231533619,38.0663790885315,83.64549435028249,29.586653233696268,15.331999999999999,156.3775,-0.013431143740745343,0.18953547298217066,-0.041418653624066756,0.47579052025895646
GR86-050-050,50,7.695652173913044,13.94719367588933,,13.94719367588933,0.0,0.0,0.0,1.0888999753452238,1.0888999753452238,0.0,,18.161739130434785,,18.161739130434785,18.161739130434785,0.0,0.0,0.0,9.360869565217392,,116.345,,116.345,116.345,0.005782608695652175,,0.06630434782608695,
GR86-050-050,50,8.0,7.503658651519604,11.493928515618578,74.4046956521739,1.1696969696969697,5.0,193.0,1.3668611346082644,2.3025850929940455,0.0,0.0,19.629789649339237,22.284522041951373,2.43,99.5786956521739,1.4986876535165636,21.746190476190478,247.283462830233,-3.6841867903173235,39.120192134350255,89.23886666666667,24.431155974314038,46.552,140.63,-0.015940464204047093,0.16985154640754518,-0.04164059809027405,0.5516988902041661
GR86-050-050,50,8.428571428571429,0.0002813852813852158,,0.0002813852813852158,3.0,3.0,3.0,1.0549201679861442,1.0549201679861442,0.0,,2.5038095238095237,,2.5038095238095237,2.5038095238095237,0.0,0.0,0.0,6.300000000000001,,92.328,,92.328,92.328,-0.11109523809523811,,0.004523809523809524,
GR86-050-050,50,9.0,13.832710503851585,19.62900649369115,86.6252380952381,1.773972602739726,5.0,259.0,1.5380058625231214,2.3025850929940455,0.0,0.0,35.040989592545465,33.690293656734944,2.4342857142857146,99.57681818181818,2.564059368958893,38.82452380952381,374.3526678679984,-4.181022010007014,43.343963752136304,100.70027853881278,26.11839850256403,50.4775,163.05599999999998,0.007409859139655229,0.23152987394223798,-0.08116659978491132,0.6639483424784031
GR86-050-050,50,9.772727272727273,0.0031027667984204754,,0.0031027667984204754,0.0,0.0,0.0,1.6094379124341,1.6094379124341,0.0,,99.55863636363637,,99.55863636363637,99.55863636363637,0.0,0.0,0.0,17.78181818181818,,168.6375,,168.6375,168.6375,0.138,,0.32886363636363636,
GR86-050-050,50,10.0,13.310126444092303,18.43562213292844,69.86709273182957,1.5178571428571428,5.0,170.0,1.792086592937846,2.3025850929940455,0.0,0.0,66.32705425668485,38.46656185770687,2.4256521739130434,99.62904761904763,5.206560263069606,71.2784090909091,583.1347494637959,-6.025998904522524,46.911010399132245,129.41626339285716,30.167672575033247,65.185,187.178,0.003119271539840964,0.3465558895895904,-0.09210569953887418,0.8755476439681144
GR86-050-050,50,10.181818181818182,0.005197628458489589,,0.005197628458489589,0.0,0.0,0.0,1.6957425341696348,1.6957425341696348,0.0,,99.60045454545455,,99.60045454545455,99.60045454545455,0.0,0.0,0.0,9.590909090909092,,165.935,,165.935,165.935,0.15559090909090909,,0.12922727272727272,
GR86-050-050,50,11.0,15.28454022694556,21.910801608775934,93.42319047619048,1.4912280701754386,5.0,170.0,1.776674205784524,2.3025850929940455,0.0,0.0,64.30122332566154,39.199922122030834,2.4763636363636365,99.67695652173914,5.200721679440219,76.14181818181818,592.882271456185,-5.48453363265374,48.029877534548184,128.56336403508772,30.17351888530099,66.16,183.585,0.00021222103615892114,0.348497432621231,-0.0846462628397381,0.8511842394710781
GR86-050-050,50,11.590909090909092,0.00225296442687295,,0.00225296442687295,0.0,0.0,0.0,1.4708084763221114,1.4708084763221114,0.0,,99.64181818181818,,99.64181818181818,99.64181818181818,0.0,0.0,0.0,17.254545454545454,,167.26500000000001,,167.26500000000001,167.26500000000001,0.15095454545454545,,0.29254545454545455,
GR86-050-050,50,12.0,14.138447314901336,23.255590770283288,94.1439723320158,1.3716814159292035,5.0,155.0,1.8049580780665817,2.3025850929940455,0.0,0.0,67.88549536868159,39.14184665261618,2.454285714285714,99.675,5.119271587140575,60.6425,578.477689346885,-5.5584661599782805,45.45322074300045,129.402296460177,30.01894698320584,66.285,186.01749999999998,0.004831362045675243,0.3478566650996069,-0.08699112729004996,0.868052484699659
GR86-050-050,50,12.695652173913043,0.005968379446642302,,0.005968379446642302,0.0,0.0,0.0,1.470808476322111,1.470808476322111,0.0,,99.59130434782608,,99.59130434782608,99.59130434782608,0.0,0.0,0.0,19.695652173913043,,168.144,,168.144,168.144,0.14104347826086955,,0.3794782608695652,
GR86-050-050,50,13.0,15.222370377177253,19.807930829604686,94.22179653679653,1.6666666666666667,5.0,190.0,1.770335378813383,2.3025850929940455,0.0,0.0,63.72657299117127,38.304061621841775,2.465217391304348,99.61304347826086,5.078017447267071,57.11238095238096,578.8939889884462,-6.180751325445111,47.01303040283676,127.78552192982457,29.694252483292964,66.062,180.976,-0.0015148274857566689,0.3393677793195289,-0.08268421600078832,0.8558526676001899
GR86-050-050,50,13.761904761904763,0.003441558441565462,,0.003441558441565462,0.0,0.0,0.0,1.470808476322111,1.470808476322111,0.0,,99.55428571428571,,99.55428571428571,99.55428571428571,0.0,0.0,0.0,17.85238095238095,,167.11,,167.11,167.11,0.1299047619047619,,0.3568571428571429,
GR86-050-050,50,14.0,13.84483385149185,19.25252457692774,71.09160173160171,1.4285714285714286,5.0,160.0,1.7883733044705605,2.163955656882057,0.0,0.0,65.29473679103862,38.31438340314718,2.4000000000000004,99.57772727272727,4.742126810613903,54.46454545454546,531.1182027887571,-4.34013459739523,45.75687267979416,129.22563839285715,29.420873627272474,66.8375,184.465,0.002664626743405913,0.3365026619499765,-0.09172717155329992,0.8725558001261448
GR86-050-050,50,14.08695652173913,0.000770750988152713,,0.000770750988152713,0.0,0.0,0.0,1.4184836619456567,1.4184836619456567,0.0,,99.52304347826087,,99.52304347826087,99.52304347826087,0.0,0.0,0.0,11.778260869565216,,163.98499999999999,,163.98499999999999,163.98499999999999,0.1482608695652174,,0.19856521739130437,
GR86-050-050,50,15.0,12.990248674725862,19.835597763744087,93.27420948616601,1.6371681415929205,5.0,185.0,1.7141814731139478,2.163955656882057,0.0,0.0,66.67958988410723,39.023741789688906,2.4605555555555556,99.5505,4.993182666410158,64.97363636363637,564.2296413043479,-3.946320491844884,43.317474104359036,129.35730530973453,29.846092551176014,67.194,186.476,0.002886534177679554,0.34064563674548903,-0.08879273211302534,0.8635813403202423
GR86-050-050,50,15.380952380952381,0.0025062656641523517,,0.0025062656641523517,0.0,0.0,0.0,1.2798542258336676,1.2798542258336676,0.0,,99.50380952380952,,99.50380952380952,99.50380952380952,0.0,0.0,0.0,15.338095238095239,,165.44400000000002,,165.44400000000002,165.44400000000002,0.1367142857142857,,0.307,
GR86-050-050,50,16.0,13.514986847765941,18.954762640290767,77.11636363636362,1.5178571428571428,5.0,170.0,1.8053985928474245,2.3025850929940455,0.0,0.0,67.34539373913267,38.245921189977146,2.4786363636363635,99.54181818181819,5.1481152473575245,62.791956521739124,576.5889077040428,-5.059043316636688,45.508116063028446,129.52197172619046,30.107284694731828,66.4875,184.8425,0.001981813974636385,0.3534729798524019,-0.09041529539369317,0.8707888526601721
GR86-050-050,50,16.095238095238095,0.00440993788818389,,0.00440993788818389,0.0,0.0,0.0,1.4184836619456567,1.4184836619456567,0.0,,99.50428571428571,,99.50428571428571,99.50428571428571,0.0,0.0,0.0,12.371428571428572,,164.10750000000002,,164.10750000000002,164.10750000000002,0.14033333333333334,,0.20557142857142857,
GR86-050-050,50,17.0,14.344865121672758,21.275024074847494,85.81782296650718,1.3839285714285714,5.0,155.0,1.765566724719959,2.3025850929940455,0.0,0.0,67.60767187325315,38.77891234940072,2.46,99.54130434782608,5.439776847451067,67.5305,609.2550069145195,-5.715026656344182,44.898685141139154,130.0811517857143,30.004052565739247,66.904,184.445,0.002118604576564694,0.3558045484916929,-0.08915957415713668,0.8742044647511967
GR86-050-050,50,17.136363636363637,0.0021343873517736256,,0.0021343873517736256,0.0,0.0,0.0,1.4184836619456567,1.4184836619456567,0.0,,99.5090909090909,,99.5090909090909,99.5090909090909,0.0,0.0,0.0,13.104545454545455,,164.7275,,164.7275,164.7275,0.14695454545454545,,0.2116818181818182,
GR86-050-050,50,18.0,14.267002127375873,22.077706525376207,96.23488142292489,1.415929203539823,5.0,160.0,1.6929153123819176,2.3025850929940455,0.0,0.0,65.45725520822238,38.99870951770111,2.46,99.54409090909093,5.128205680787018,66.12413043478261,579.487241928933,-6.573120460302878,44.550687147544224,130.01839823008848,30.031919836008246,68.33250000000001,183.9075,0.0036320382263153777,0.3489295803103058,-0.0870405133781321,0.870921881947381
GR86-050-050,50,18.90909090909091,0.0010909090909052566,,0.0010909090909052566,0.0,0.0,0.0,1.1935496040981333,1.1935496040981333,0.0,,99.50090909090909,,99.50090909090909,99.50090909090909,0.0,0.0,0.0,18.03181818181818,,168.86,,168.86,168.86,0.13395454545454547,,0.38290909090909087,
GR86-050-050,50,19.0,13.873280334935359,20.752748017215236,86.01385093167701,1.4732142857142858,5.0,165.0,1.824104631615474,2.3025850929940455,0.0,0.0,65.93738544340076,38.79122765588178,2.451764705882353,99.53681818181818,5.358971311548335,61.95225000000001,600.2047868934135,-4.865222764839241,45.73946294774779,128.9561875,30.671285023333223,64.76,182.64749999999998,0.0006530955295447737,0.35245291313919114,-0.09456688058421049,0.8659418322122135
GR86-050-050,50,19.09090909090909,0.0027470355731225027,,0.0027470355731225027,0.0,0.0,0.0,1.4184836619456567,1.4184836619456567,0.0,,99.50318181818183,,99.50318181818183,99.50318181818183,0.0,0.0,0.0,10.649999999999999,,164.744,,164.744,164.744,0.15013636363636362,,0.16913636363636364,
GR86-050-050,50,20.0,14.719180072986566,21.160438144011895,94.69809090909091,1.3839285714285714,5.0,155.0,1.7776362416980955,2.163955656882057,0.0,0.0,66.81342229827689,38.860487088572995,2.453125,99.55190476190477,5.486265475670431,68.36521739130436,614.4617332750884,-5.811928631431077,46.914326609268755,130.01745089285714,30.419512248279766,66.668,186.4125,-0.0004086694105082902,0.3626427614045459,-0.09033690616818636,0.8762941071933648
GR86-050-050,50,20.17391304347826,0.003065217391309716,,0.003065217391309716,0.0,0.0,0.0,1.4708084763221114,1.4708084763221114,0.0,,99.5195652173913,,99.5195652173913,99.5195652173913,0.0,0.0,0.0,9.278260869565218,,163.844,,163.844,163.844,0.15778260869565217,,0.12134782608695652,
GR86-050-050,50,21.0,14.17467443980939,19.09212760312146,77.73789473684211,1.5789473684210527,5.0,180.0,1.7215716013393536,2.163955656882057,0.0,0.0,66.33833966057807,37.98586395461453,2.495263157894737,99.5440909090909,5.119988549655522,57.47318181818182,583.6786946607295,-4.1079334428111975,42.070350577902076,129.09545175438595,30.111618419262992,66.71000000000001,183.91199999999998,0.005214184857991316,0.34707931232605815,-0.0841498522312415,0.8674108274581018
GR86-050-050,50,21.91304347826087,0.0004150197628547403,,0.0004150197628547403,0.0,0.0,0.0,1.2798542258336676,1.2798542258336676,0.0,,99.4791304347826,,99.4791304347826,99.4791304347826,0.0,0.0,0.0,19.06086956521739,,167.542,,167.542,167.542,0.1346521739130435,,0.4052608695652174,
GR86-050-050,50,22.0,13.572476455083457,19.726991204911258,79.0588932806324,1.3839285714285714,5.0,155.0,1.7729133683271496,2.163955656882057,0.0,0.0,66.23825735115965,38.8306851948555,2.446842105263158,99.51772727272727,5.056768937919804,62.68000000000001,566.358121047018,-5.0382856186429565,44.49355686219386,129.15089285714285,30.158203021763914,65.315,186.375,0.00167141942357433,0.34211819415280836,-0.08899964973845789,0.8701440817632429
GR86-050-050,50,22.333333333333332,0.0020346320346362745,,0.0020346320346362745,0.0,0.0,0.0,1.2798542258336674,1.2798542258336674,0.0,,99.45523809523809,,99.45523809523809,99.45523809523809,0.0,0.0,0.0,11.257142857142858,,164.776,,164.776,164.776,0.13471428571428573,,0.19276190476190477,
GR86-050-050,50,23.0,13.281532282696329,19.445816275849666,88.60612836438924,1.4114832535885167,5.0,295.0,1.818654823118823,2.3025850929940455,0.0,0.0,67.38899553686319,38.63540349849389,2.387272727272727,99.75,5.5788142832827665,70.59500000000001,1165.9721852060982,-7.293804877439832,45.0296282162154,127.38903827751197,30.949390573889524,56.27,185.63600000000002,0.0014143006709317623,0.36151832385833654,-0.12264096725737726,0.8389789452940293
GR86-050-050,50,23.318181818181817,0.003517786561261005,,0.003517786561261005,0.0,0.0,0.0,1.4184836619456567,1.4184836619456567,0.0,,99.44909090909091,,99.44909090909091,99.44909090909091,0.0,0.0,0.0,13.436363636363637,,165.0275,,165.0275,165.0275,0.13836363636363636,,0.24195454545454548,
GR86-050-050,50,23.82608695652174,29.71695652173912,,29.71695652173912,0.0,0.0,0.0,1.2798542258336676,1.2798542258336676,0.0,,69.99695652173914,,69.99695652173914,69.99695652173914,0.0,0.0,0.0,17.67391304347826,,167.988,,167.988,167.988,0.058652173913043476,,0.35439130434782606,
GR86-050-050,50,24.0,7.295070884523116,13.541950367884938,87.32592885375495,0.9797297297297297,5.0,290.0,1.5254784011916676,2.163955656882057,0.0,0.0,32.76972824636857,36.03094730568958,2.373913043478261,99.48545454545454,2.6514319821666072,59.41386363636364,784.8238667213158,-3.000263923068389,39.84145260880743,99.80867398648648,41.18475724454994,5.856,183.704,-0.02341752884349886,0.2400653186488553,-0.060541004106683366,0.6681737634873118
GR86-050-050,50,24.55,1.5829565217391313,,1.5829565217391313,0.0,0.0,0.0,0.0,0.0,0.0,,9.056000000000001,,9.056000000000001,9.056000000000001,0.0,0.0,0.0,4.255000000000001,,34.418,,34.418,34.418,-0.0034999999999999975,,-0.01735,
GR86-050-050,50,24.904761904761905,73.05168831168831,,73.05168831168831,0.0,0.0,0.0,1.313834033192747,1.313834033192747,0.0,,26.402857142857144,,26.402857142857144,26.402857142857144,0.0,0.0,0.0,19.49047619047619,,168.35399999999998,,168.35399999999998,168.35399999999998,-0.04571428571428572,,0.3982857142857143,
GR86-050-050,50,25.0,1.4472737629748968,5.083487704753783,56.76997607655503,0.18726591760299627,5.0,150.0,0.518957643665747,2.3025850929940455,0.0,0.0,9.519143854021422,10.783821960056285,2.378421052631579,99.4091304347826,0.27578024858852174,32.468,220.8999791194059,4.857653486706041,29.90107297131738,22.112232833957552,39.456761022650234,0.0,166.16,-0.016814954118973505,0.07360576030180725,-0.01031153158515954,0.27547005404505825
GR86-050-050,50,25.7,1.5182368421052619,,1.5182368421052619,0.0,0.0,0.0,0.0,0.0,0.0,,8.8235,,8.8235,8.8235,0.0,0.0,0.0,3.54,,41.13,,41.13,41.13,-0.04375,,-0.0201,
GR86-050-050,50,26.0,0.12818396501476265,0.835654525438041,14.230434782608697,0.0395778364116095,5.0,90.0,0.11930104457234122,2.3025850929940455,0.0,0.0,7.50186442005944,1.2001645574816682,2.4063636363636363,19.093478260869563,0.02881400618552161,15.422608695652174,65.52305006587615,-6.638274989717211,23.570474901244328,1.541853122251539,5.985545159382917,0.0,57.428,-0.008483271208929685,0.016638605780782606,-0.008464282363899052,0.027060287917279775
GR86-051-071,71,1.0,8.714164496929097,19.13334629128277,92.20590909090909,0.8095808383233533,5.0,676.0,0.5668703529211797,2.3025850929940455,0.0,0.0,20.442709618081818,27.377701627586983,2.4469565217391307,100.27045454545454,2.67527319507023,53.246956521739136,2233.853117883642,-4.573679809366274,24.32511261721705,30.159367829923788,46.05899732126367,0.0,171.768,0.0027605407653237585,0.16385815467810888,-0.042651380033760226,0.3685946337561955
GR86-051-071,71,1.9523809523809523,93.23370129870129,,93.23370129870129,4.0,4.0,4.0,1.5047882836811908,1.5047882836811908,0.0,,99.60142857142857,,99.60142857142857,99.60142857142857,0.0,0.0,0.0,-4.476190476190477,,99.288,,99.288,99.288,0.2834761904761905,,-0.13104761904761905,
GR86-051-071,71,2.0,24.74826591221136,24.370000358370834,88.16772727272728,2.54,5.0,381.0,1.6573141737844224,2.163955656882057,0.0,0.0,50.75038344737299,37.12839256975371,2.4030434782608694,100.1991304347826,5.376640074988875,50.843809523809526,806.4960112483312,-8.456497784665492,40.26711369015885,97.33899333333333,22.104666037683963,53.65,143.045,0.0010111428889980466,0.29567530205930026,-0.08108558460671558,0.6882746555649851
GR86-051-071,71,2.142857142857143,14.0489393939394,,14.0489393939394,2.0,2.0,2.0,1.0549201679861442,1.0549201679861442,0.0,,53.87666666666667,,53.87666666666667,53.87666666666667,0.0,0.0,0.0,0.6761904761904762,,136.14249999999998,,136.14249999999998,136.14249999999998,0.14547619047619048,,0.012285714285714285,
GR86-051-071,71,3.0,17.994758060300605,23.5214910969576,80.4140909090909,1.73109243697479,5.0,206.0,1.7250859743012537,2.163955656882057,0.0,0.0,68.17461953536701,38.458156832640974,2.4231818181818183,100.22590909090908,5.701522729381608,65.08204545454545,678.4812047964114,-8.263460174306182,39.298531903497604,123.61925630252101,30.50254658386944,63.8375,177.936,0.010899620198956777,0.3560362941062858,-0.06800766360493302,0.7938425185767191
GR86-051-071,71,3.95,0.0019545454545522034,,0.0019545454545522034,0.0,0.0,0.0,1.1935496040981333,1.1935496040981333,0.0,,100.0015,,100.0015,100.0015,0.0,0.0,0.0,14.275,,171.81199999999998,,171.81199999999998,171.81199999999998,0.14875,,0.53915,
GR86-051-071,71,4.0,16.628004911665,22.86475970546245,92.63772727272726,1.592920353982301,5.0,180.0,1.7504164587374835,2.163955656882057,0.0,0.0,67.44442038878911,38.83920785664137,2.447826086956522,100.30199999999999,4.950130840057853,56.64913043478261,559.3647849265374,-7.685245165487845,37.080507568137236,127.61407522123893,30.356702048696082,65.792,183.324,0.008401180087111923,0.3433160814861781,-0.08458760667050874,0.8536485870439149
GR86-051-071,71,4.176470588235294,0.0016806722689040043,,0.0016806722689040043,0.0,0.0,0.0,1.3592367006650066,1.3592367006650066,0.0,,99.99882352941177,,99.99882352941177,99.99882352941177,0.0,0.0,0.0,3.5529411764705885,,166.58200000000002,,166.58200000000002,166.58200000000002,0.15358823529411764,,0.10952941176470589,
GR86-051-071,71,5.0,15.054746100661337,23.55330309376735,86.8763852813853,1.2831858407079646,5.0,145.0,1.6432128706289715,2.163955656882057,0.0,0.0,70.57693122667834,38.55070406564429,2.4681818181818183,100.28272727272726,5.4077849141740675,85.55727272727273,611.0796953016696,-9.079527819824074,37.37798670593982,129.54150442477876,30.380759757887848,64.8775,186.7125,0.013476308671409776,0.35395606319502126,-0.08744848504951361,0.8630195070470998
GR86-051-071,71,5.857142857142857,0.0008225108225161648,,0.0008225108225161648,0.0,0.0,0.0,1.1682824501765625,1.1682824501765625,0.0,,99.99809523809525,,99.99809523809525,99.99809523809525,0.0,0.0,0.0,9.942857142857143,,169.815,,169.815,169.815,0.15542857142857144,,0.4327142857142857,
GR86-051-071,71,6.0,13.184057127012654,16.864476014297264,67.04458498023715,1.360655737704918,5.0,166.0,1.6275887682383494,2.163955656882057,0.0,0.0,37.24767429199578,31.60044319664401,2.447826086956522,100.22869565217393,3.1365288851867894,44.098260869565216,382.6565239927883,-8.935144812776016,38.78702517866898,118.99609836065574,26.457620030147588,65.89200000000001,182.362,-0.008916576046695716,0.24825278259803332,-0.080807096269638,0.7776701926227755
GR86-051-071,71,6.434782608695652,1.8407707509881424,,1.8407707509881424,2.0,2.0,2.0,1.0296530140645737,1.0296530140645737,0.0,,5.42304347826087,,5.42304347826087,5.42304347826087,0.9958695652173913,0.9958695652173913,0.9958695652173913,2.5,,130.862,,130.862,130.862,-0.13291304347826086,,0.03982608695652174,
GR86-051-071,71,7.0,3.456601217717153,4.779633587983074,38.37419047619047,1.2066666666666668,5.0,362.0,1.0665437814138992,2.163955656882057,0.0,0.0,10.968578188093234,8.876394257041492,2.3615,68.838,1.5148954645652728,30.734761904761907,454.4686393695818,-21.120888598017626,52.427621570746425,52.63809284116331,41.22034040883313,0.0,131.36,-0.012412191598584282,0.12564890945454596,-0.048339115619236164,0.3703577118437021
GR86-051-071,71,7.75,1.0935454545454544,,1.0935454545454544,0.0,0.0,0.0,0.6730116670092565,0.6730116670092565,0.0,,13.956,,13.956,13.956,0.0,0.0,0.0,0.225,,105.65799999999999,,105.65799999999999,105.65799999999999,-0.0097,,-0.0033,
GR86-051-071,71,8.0,6.8935643790745535,11.41059592550696,73.50629870129869,0.7228915662650602,5.0,120.0,1.391870317282774,2.3025850929940455,0.0,0.0,16.377007843093473,15.968348564619598,2.4321739130434783,100.19130434782609,0.7602228447549614,16.960714285714285,126.1969922293236,-9.064583755189949,33.08323936170978,88.36821084337349,17.50501260351489,47.0875,126.33599999999998,-0.007832678890553191,0.13138167974988077,-0.0711650582209729,0.5291504466235891
GR86-051-071,71,8.526315789473685,13.64933014354067,,13.64933014354067,0.0,0.0,0.0,0.8979457248567798,0.8979457248567798,0.0,,5.451578947368421,,5.451578947368421,5.451578947368421,0.0,0.0,0.0,12.573684210526318,,108.276,,108.276,108.276,-0.11821052631578947,,0.4937368421052632,
GR86-051-071,71,9.0,18.651439957744,21.991196817576284,90.375,1.952054794520548,5.0,285.0,1.6480075091315578,2.163955656882057,0.0,0.0,43.046106490380275,37.207257638439735,2.3890000000000002,100.20809523809524,3.4534359847263536,42.340227272727276,504.20165377004764,-9.020830075824103,39.549542089392716,100.27814383561645,20.87742428260058,53.186,161.336,0.010800366420326531,0.2414528053502693,-0.0772570438113069,0.7010542180781208
GR86-051-071,71,9.380952380952381,0.005507246376836861,,0.005507246376836861,0.0,0.0,0.0,1.4184836619456567,1.4184836619456567,0.0,,99.99666666666666,,99.99666666666666,99.99666666666666,0.0,0.0,0.0,4.504761904761905,,166.625,,166.625,166.625,0.16252380952380951,,0.15161904761904763,
GR86-051-071,71,10.0,14.511921801074795,22.309120497459134,81.83835968379447,1.3716814159292035,5.0,155.0,1.7865636467808395,2.163955656882057,0.0,0.0,69.30063246160628,38.93473486082097,2.4269565217391302,100.185,5.532394280521865,68.97363636363637,625.1605536989708,-9.17388584310123,38.38867771041735,129.30230088495574,30.866250399009818,65.286,184.926,0.008237259620421161,0.3546645627659647,-0.08232982415522055,0.8619688641241849
GR86-051-071,71,10.652173913043478,0.002629399585927672,,0.002629399585927672,0.0,0.0,0.0,1.2798542258336676,1.2798542258336676,0.0,,99.99739130434783,,99.99739130434783,99.99739130434783,0.0,0.0,0.0,6.191304347826088,,168.538,,168.538,168.538,0.14239130434782607,,0.3283478260869565,
GR86-051-071,71,11.0,15.160177499726558,24.75299551930546,86.08627705627704,1.3716814159292035,5.0,155.0,1.8014956702650218,2.163955656882057,0.0,0.0,72.20775477164511,38.889205908140035,2.4525,100.23608695652173,6.04533505704299,64.815,683.1228614458578,-7.626425671895995,38.097218760654265,128.52717994100294,31.656991334799926,59.64,187.202,0.008651478286760075,0.3737022769792875,-0.07776880235541107,0.853846914227554
GR86-051-071,71,11.608695652173912,0.0002691511387382661,,0.0002691511387382661,0.0,0.0,0.0,1.3592367006650063,1.3592367006650063,0.0,,100.00217391304349,,100.00217391304349,100.00217391304349,0.0,0.0,0.0,1.5043478260869565,,166.86399999999998,,166.86399999999998,166.86399999999998,0.1346521739130435,,0.1361304347826087,
GR86-051-071,71,12.0,14.136139389012598,21.797853033863984,81.01998023715413,1.5044247787610618,5.0,170.0,1.7164834407097833,2.163955656882057,0.0,0.0,70.16913649285515,38.53247155874443,2.4221052631578948,100.16318181818183,5.272797603289766,58.551086956521736,595.8261291717436,-9.18984808158772,37.715303909896726,128.7201238938053,30.795896959104194,65.358,185.538,0.0108148974433355,0.34954713143841043,-0.08377242000117296,0.8636316223823511
GR86-051-071,71,12.666666666666666,0.006341991341983544,,0.006341991341983544,0.0,0.0,0.0,1.1935496040981333,1.1935496040981333,0.0,,100.0004761904762,,100.0004761904762,100.0004761904762,0.0,0.0,0.0,7.095238095238095,,169.048,,169.048,169.048,0.16352380952380954,,0.28047619047619043,
GR86-051-071,71,13.0,14.40100540036589,25.116124650864197,90.55545454545452,1.6517857142857142,5.0,185.0,1.7356914656157978,2.163955656882057,0.0,0.0,70.49219431819431,40.28860341237066,2.454090909090909,100.235,5.061961722753383,60.28795454545455,566.9397129483789,-8.599772751075674,37.17279377739631,129.2045625,30.644315689196283,65.09,187.066,0.009990224796232208,0.35457115241132886,-0.08676487581068416,0.8700367108442866
GR86-051-071,71,13.272727272727273,0.0034980237154371707,,0.0034980237154371707,0.0,0.0,0.0,1.4184836619456567,1.4184836619456567,0.0,,99.99954545454544,,99.99954545454544,99.99954545454544,0.0,0.0,0.0,4.663636363636364,,166.2,,166.2,166.2,0.14886363636363636,,0.14054545454545456,
GR86-051-071,71,14.0,13.716767970857646,21.518619718450736,86.55254761904763,1.2946428571428572,5.0,145.0,1.7322418198976328,2.163955656882057,0.0,0.0,69.75583482844546,38.752715935468416,2.434761904761905,100.19727272727273,5.44856166226372,70.98521739130435,610.2389061735366,-8.6503652765454,36.937030179004026,129.99614285714284,30.874255823137847,63.19,187.9225,0.012076542334567836,0.35214320197566373,-0.08518254107412328,0.8691064429450729
GR86-051-071,71,14.478260869565217,0.002075098814216858,,0.002075098814216858,0.0,0.0,0.0,1.1935496040981333,1.1935496040981333,0.0,,99.99565217391304,,99.99565217391304,99.99565217391304,0.0,0.0,0.0,5.182608695652174,,168.804,,168.804,168.804,0.15595652173913044,,0.2327391304347826,
GR86-051-071,71,15.0,14.206644182862107,22.310859770700905,83.51646245059287,1.2946428571428572,5.0,145.0,1.711075328980985,2.0253262207700677,0.0,0.0,70.03329778817515,39.61639664705158,2.426,100.24863636363635,5.364619391004096,71.43350000000001,600.8373717924587,-9.28066561434053,35.6734389945002,129.94240625,30.975008669990668,64.39750000000001,186.3775,0.011422188468949051,0.3543662229606678,-0.08629978207122597,0.8784652965529769
GR86-051-071,71,15.681818181818182,0.0019480519480481462,,0.0019480519480481462,0.0,0.0,0.0,1.1935496040981333,1.1935496040981333,0.0,,99.99909090909091,,99.99909090909091,99.99909090909091,0.0,0.0,0.0,6.795454545454546,,169.205,,169.205,169.205,0.1490909090909091,,0.28704545454545455,
GR86-051-071,71,16.0,14.016065254362614,21.18105007572519,75.70242424242424,1.1607142857142858,5.0,130.0,1.6768907890738658,2.163955656882057,0.0,0.0,69.75948199817078,38.247583779519196,2.445,100.22173913043478,5.5157056308676475,92.71152173913042,617.7590306571765,-6.3817639604728935,34.784227385850144,129.7341261261261,30.762545140705566,65.55,185.43800000000002,0.012460665969459692,0.34561316390103247,-0.08407338000209445,0.8722069298686708
GR86-051-071,71,16.695652173913043,0.005776397515532494,,0.005776397515532494,0.0,0.0,0.0,1.1935496040981333,1.1935496040981333,0.0,,100.00434782608696,,100.00434782608696,100.00434782608696,0.0,0.0,0.0,7.521739130434782,,170.154,,170.154,170.154,0.15230434782608696,,0.316,
GR86-051-071,71,17.0,14.169109969278953,21.568571529382304,84.03229249011858,1.1607142857142858,5.0,130.0,1.7265892949504067,2.163955656882057,0.0,0.0,69.55088831701116,39.55346188226081,2.4423809523809523,100.18272727272728,4.9128214983127645,60.08159090909091,550.2360078110296,-7.114157652642224,35.893529040927305,129.63815625,30.84454044095413,66.058,188.11,0.011793835727637566,0.34514228236222666,-0.08419937462581246,0.8760235158909617
GR86-051-071,71,17.652173913043477,0.0005175983436771503,,0.0005175983436771503,0.0,0.0,0.0,1.0888999753452238,1.0888999753452238,0.0,,99.9995652173913,,99.9995652173913,99.9995652173913,0.0,0.0,0.0,7.573913043478262,,168.768,,168.768,168.768,0.1561304347826087,,0.28369565217391307,
GR86-051-071,71,18.0,15.612782447818946,20.742088926830345,67.05874458874459,1.3839285714285714,5.0,155.0,1.7531040065079289,2.163955656882057,0.0,0.0,70.479758293279,38.08289580553873,2.434090909090909,100.18863636363636,5.860017792443065,69.3684090909091,656.3219927536232,-9.869389473605475,37.92079706332644,129.2878794642857,31.47625331777163,63.3475,188.29000000000002,0.005794042378150206,0.3668104370949693,-0.08005159895427905,0.8677978234544358
GR86-051-071,71,18.454545454545453,0.0014285714285762197,,0.0014285714285762197,0.0,0.0,0.0,1.4184836619456567,1.4184836619456567,0.0,,100.0,,100.0,100.0,0.0,0.0,0.0,3.5090909090909093,,169.2025,,169.2025,169.2025,0.15604545454545454,,0.05813636363636363,
GR86-051-071,71,19.0,16.30937470610545,25.42948803105728,91.06499999999998,1.3716814159292035,5.0,155.0,1.7115102677579102,2.163955656882057,0.0,0.0,70.66588966962391,39.05205319185768,2.436818181818182,100.18681818181818,6.386839104367481,84.85818181818182,721.7128187935253,-10.082958175682396,35.657902947915275,127.42778761061948,32.404143135452316,54.186,184.42000000000002,0.007370082068602458,0.3841728401625719,-0.0799012651866505,0.8443414307007675
GR86-051-071,71,19.08695652173913,0.008873517786582852,,0.008873517786582852,0.0,0.0,0.0,1.4184836619456567,1.4184836619456567,0.0,,99.99521739130434,,99.99521739130434,99.99521739130434,0.0,0.0,0.0,4.147826086956522,,164.695,,164.695,164.695,0.14956521739130435,,0.09365217391304348,
GR86-051-071,71,20.0,14.268378041915987,22.624699788579854,78.44329004329005,1.238938053097345,5.0,140.0,1.739691727665665,2.163955656882057,0.0,0.0,71.00452358346573,38.4640789100071,2.4145454545454546,100.13454545454546,5.324982741594312,77.04142857142858,601.7230498001572,-8.984779533110357,33.41380303198309,130.00393362831858,30.74774059451248,64.77799999999999,186.2925,0.013235726637251217,0.3558712229599252,-0.08291718381740124,0.8598800239187269
GR86-051-071,71,21.0,14.094073773153948,22.424161044759217,83.87614624505927,1.2946428571428572,5.0,145.0,1.7065250407062629,2.3025850929940455,0.0,0.0,69.45670906758532,39.60738618221205,2.4385000000000003,100.13818181818182,5.11454157923571,70.46071428571429,572.8286568743995,-8.271470366403964,36.44407944172457,129.90790178571427,30.73144118827305,64.732,187.3025,0.010038309947358047,0.3605107970949047,-0.08369131497781486,0.8719893584429925
GR86-051-071,71,21.217391304347824,0.001262939958579068,,0.001262939958579068,0.0,0.0,0.0,1.4184836619456567,1.4184836619456567,0.0,,99.99826086956521,,99.99826086956521,99.99826086956521,0.0,0.0,0.0,5.165217391304348,,165.552,,165.552,165.552,0.14465217391304347,,0.1912608695652174,
GR86-051-071,71,22.0,14.296611093745797,21.832840074656264,84.77037267080746,1.1160714285714286,5.0,125.0,1.6875103519762817,2.0253262207700677,0.0,0.0,68.84908427190047,39.30478914201463,2.4171428571428573,100.14047619047618,4.91371813059051,76.51119047619048,550.3364306261371,-9.919537035169798,35.01244306698762,129.89670238095238,30.63033199802974,63.4575,187.274,0.011349006059933862,0.3559508774355606,-0.08476426591222787,0.8703334057127405
GR86-051-071,71,22.40909090909091,0.0040118577075247686,,0.0040118577075247686,0.0,0.0,0.0,1.2798542258336676,1.2798542258336676,0.0,,99.99772727272726,,99.99772727272726,99.99772727272726,0.0,0.0,0.0,6.0,,167.6125,,167.6125,167.6125,0.1565909090909091,,0.2605454545454546,
GR86-051-071,71,23.0,13.762742241419303,22.230811215557186,85.35584782608696,1.4532019704433496,5.0,295.0,1.7374761096770455,2.3025850929940455,0.0,0.0,73.14995690081163,37.77744784825353,2.442727272727273,100.1295652173913,6.194423650465837,80.4075,1257.468001044565,-9.999685010219565,38.10339287799791,126.60282508250825,33.23357505143689,51.616,188.8175,0.00979628254097297,0.3733098838557939,-0.10998721882966091,0.8338911942827748
GR86-051-071,71,23.181818181818183,14.918636363636367,,14.918636363636367,0.0,0.0,0.0,1.4184836619456564,1.4184836619456564,0.0,,84.6740909090909,,84.6740909090909,84.6740909090909,0.0,0.0,0.0,5.445454545454546,,164.592,,164.592,164.592,0.14495454545454545,,0.09063636363636364,
GR86-051-071,71,23.5,0.0,,0.0,0.0,0.0,0.0,1.0549201679861442,1.0549201679861442,0.0,,100.00045454545456,,100.00045454545456,100.00045454545456,0.0,0.0,0.0,5.627272727272728,,168.32,,168.32,168.32,0.14795454545454545,,0.2559090909090909,
GR86-051-071,71,24.0,9.868490855455493,17.48028905690247,85.89709523809523,1.242320819112628,5.0,364.0,1.4506571632041427,2.163955656882057,0.0,0.0,36.074199321255925,36.66266053783083,2.403,100.1252380952381,3.1625327827808536,58.90681818181818,926.6221053547902,-8.726919384802486,45.217064759230276,100.24988737201366,42.872962673160984,0.0,182.94400000000002,-0.018113849786774085,0.2498148931230374,-0.0531075228676583,0.6844880317988002
GR86-051-071,71,25.0,5.791396817596682,9.806069559900568,69.41160079051384,1.298342541436464,5.0,235.0,1.3428407715264385,2.163955656882057,0.0,0.0,17.203152077583653,15.845926642441677,2.4336363636363636,100.11913043478262,2.1257116966416434,38.413260869565214,384.75381709213747,-5.18933613349144,35.18037883263302,82.73441160220995,43.71384623034762,0.0,171.69,-0.0308195000168226,0.1703217639195791,-0.03369346558668169,0.5538972925079237
GR86-051-071,71,25.19047619047619,0.6836231884057984,,0.6836231884057984,0.0,0.0,0.0,0.0,0.0,0.0,,9.606666666666667,,9.606666666666667,9.606666666666667,0.0,0.0,0.0,-3.2,,39.806,,39.806,39.806,-0.001619047619047621,,-0.021476190476190475,
GR86-051-071,71,26.0,1.3233983005205412,1.8899298612288136,12.25935064935065,0.7941176470588235,5.0,108.0,1.112902570923755,2.3025850929940455,0.0,0.0,5.184746178505727,3.0191794472263083,2.4572727272727275,17.899545454545457,0.7035141260789733,14.898421052631578,95.67792114674037,-10.131557441470452,67.23566081301433,20.65320955882353,11.67401948845688,0.0,56.162499999999994,-0.027501591625832777,0.06713229323292783,-0.0009881821175526575,0.10759539066169702
GR86-061-051,51,1.0,12.186006703503097,16.655261255868034,97.07972332015811,1.2244897959183674,5.0,300.0,1.630446076706227,2.3025850929940455,0.0,0.0,27.907619975247098,24.01995535152306,2.446842105263158,100.03772727272727,2.285352236674435,59.94190476190476,559.9112979852366,-5.964491748810266,33.21389806831659,95.68678299319728,26.61883917124136,37.7425,144.765,0.015641819204771562,0.22047972269064725,-0.06631352621322488,0.5996529585063233
GR86-061-051,51,1.4782608695652173,1.9284782608695679,,1.9284782608695679,0.0,0.0,0.0,0.9433483923290392,0.9433483923290392,0.0,,32.90652173913043,,32.90652173913043,32.90652173913043,0.0,0.0,0.0,5.534782608695652,,148.562,,148.562,148.562,0.09300000000000001,,0.14778260869565218,
GR86-061-051,51,2.0,14.474417358809406,16.428242250275648,79.71032581453633,1.6666666666666667,5.0,235.0,1.5799880270296667,2.3025850929940455,0.0,0.0,31.726503484312005,30.4937666966816,2.4463157894736844,100.1635,3.1793151690109873,87.91761904761904,448.2834388305492,-7.2404576565018965,36.500194393034086,103.71443617021276,26.188230212584536,57.6375,152.93,-0.009165575843032648,0.25029729912680726,-0.05867893965837305,0.6200477474101945
GR86-061-051,51,2.5,6.397597402597402,,6.397597402597402,0.0,0.0,0.0,1.2206072645530175,1.2206072645530175,0.0,,24.739545454545453,,24.739545454545453,24.739545454545453,0.0,0.0,0.0,7.0,,150.67000000000002,,150.67000000000002,150.67000000000002,-0.01709090909090909,,0.204,
GR86-061-051,51,3.0,17.426900968157934,21.297899709503746,87.13652173913043,1.7107438016528926,5.0,207.0,1.650511445837938,2.163955656882057,0.0,0.0,60.547106737023135,39.51295187093934,2.472727272727273,100.11999999999999,6.704140179878258,118.7935,811.2009617652692,-6.568620275256716,37.89444258575607,118.43561707988981,32.1226497955539,49.104,178.02,0.0003922708169711754,0.36125329703773756,-0.06238231938129914,0.7236013071279704
GR86-061-051,51,3.090909090909091,5.928853755676755e-05,,5.928853755676755e-05,0.0,0.0,0.0,1.5047882836811906,1.5047882836811906,0.0,,99.99863636363635,,99.99863636363635,99.99863636363635,0.0,0.0,0.0,4.586363636363637,,166.825,,166.825,166.825,0.16040909090909092,,0.15531818181818183,
GR86-061-051,51,4.0,15.760439875119195,22.48934909013493,87.79101449275362,1.3478260869565217,5.0,155.0,1.6169578456305074,2.163955656882057,0.0,0.0,64.73946939602848,40.2257694458433,2.4622727272727274,100.1204347826087,6.923874389933131,134.99555555555557,796.2455548423101,-6.227719033675221,35.55615790111777,127.03097391304348,31.324724691166622,65.495,184.904,0.003320160357459189,0.3680551051440838,-0.07572380958588154,0.8234096289045848
GR86-061-051,51,4.590909090909091,0.0004545454545308303,,0.0004545454545308303,0.0,0.0,0.0,1.0888999753452235,1.0888999753452235,0.0,,100.00318181818183,,100.00318181818183,100.00318181818183,0.0,0.0,0.0,8.295454545454545,,170.498,,170.498,170.498,0.16813636363636364,,0.2655454545454546,
GR86-061-051,51,5.0,15.648563487268323,23.375576827546283,92.96316017316018,1.565217391304348,5.0,180.0,1.7119128449783496,2.163955656882057,0.0,0.0,63.8015123822007,40.92838399019199,2.4562500000000003,100.03761904761905,6.335140876879645,100.26666666666667,728.5412008411593,-5.658084139129553,36.44696823478698,126.24584347826088,31.24165073294217,67.556,183.596,0.0015420482620588948,0.36269996011591055,-0.08141369176756305,0.810167847384247
GR86-061-051,51,5.565217391304348,18.517272727272726,,18.517272727272726,0.0,0.0,0.0,0.9433483923290392,0.9433483923290392,0.0,,81.49,,81.49,81.49,0.0,0.0,0.0,6.247826086956523,,169.13000000000002,,169.13000000000002,169.13000000000002,0.16895652173913045,,0.15143478260869567,
GR86-061-051,51,6.0,1.8614028476748372,7.744301321126294,91.3765,0.34131205673758863,5.0,385.0,0.2947808248990259,2.3025850929940455,0.0,0.0,11.02346248621889,14.565356191008338,2.427826086956522,99.98782608695652,1.1127066649652408,46.74452380952381,1255.1331180807917,-52.30431194767435,57.66519663017705,13.171961811722914,38.03684593273399,0.0,176.58800000000002,-0.00016620454334739554,0.09140017448002692,-0.014585163992636999,0.24899668505413183
GR86-061-051,51,6.956521739130435,8.97098814229249,,8.97098814229249,0.0,0.0,0.0,0.6931471805599453,0.6931471805599453,0.0,,32.54826086956522,,32.54826086956522,32.54826086956522,0.0,0.0,0.0,9.434782608695652,,134.555,,134.555,134.555,0.13352173913043477,,0.2393913043478261,
GR86-061-051,51,7.0,10.040281051244712,15.332097147367106,93.62933333333334,1.4,5.0,245.0,1.5564446808968133,2.163955656882057,0.0,0.0,22.028257369423464,24.27574893420727,2.4372727272727275,99.86913043478262,2.5721175702903034,41.22527777777778,450.12057480080307,-6.099745758075785,31.837523619871813,83.54719428571428,29.75313095660113,12.058,143.316,-0.0064564690448122965,0.22117862667084714,-0.05583947242942667,0.48743605770294823
GR86-061-051,51,7.681818181818182,14.54409090909091,,14.54409090909091,3.0,3.0,3.0,0.6730116670092565,0.6730116670092565,0.0,,16.994545454545456,,16.994545454545456,16.994545454545456,0.0,0.0,0.0,4.822727272727273,,113.98,,113.98,113.98,-0.00490909090909091,,0.0755909090909091,
GR86-061-051,51,8.0,11.398490096828489,14.68200351229492,86.89227272727274,1.1696969696969697,5.0,193.0,1.3628482369534625,2.163955656882057,0.0,0.0,22.11408908730784,23.410610068511197,2.4318181818181817,99.72608695652173,1.6001627702325643,21.153636363636362,264.0268570883731,-6.197276580955124,31.58325780679321,88.44170909090909,26.018361481053304,40.516,142.59,-0.007168151246083428,0.19030409139666873,-0.054450348128475864,0.5321130630466331
GR86-061-051,51,8.045454545454545,0.017272727272726662,,0.017272727272726662,2.0,2.0,2.0,0.9433483923290393,0.9433483923290393,0.0,,2.497272727272727,,2.497272727272727,2.497272727272727,6.525227272727273,6.525227272727273,6.525227272727273,2.790909090909091,,123.6925,,123.6925,123.6925,-0.27472727272727276,,0.02727272727272727,
GR86-061-051,51,9.0,15.091622218828165,18.16469293579732,76.43849802371543,1.8194444444444444,5.0,262.0,1.5537776199411726,2.163955656882057,0.0,0.0,38.04956065584851,34.94419488610601,2.4385714285714286,99.74136363636363,3.2442205661058754,40.45413043478261,467.1677615192461,-5.943022493496663,33.78994143646088,101.24004166666667,27.16929481619721,61.501999999999995,164.6725,0.00761538791398182,0.2586768048378788,-0.08672294838117235,0.6515902938341881
GR86-061-051,51,9.090909090909092,0.14687747035571874,,0.14687747035571874,0.0,0.0,0.0,1.4708084763221114,1.4708084763221114,0.0,,99.56181818181818,,99.56181818181818,99.56181818181818,0.0,0.0,0.0,4.45,,166.0325,,166.0325,166.0325,0.16649999999999998,,0.1276818181818182,
GR86-061-051,51,10.0,16.635410670743845,22.626695603691797,81.31569794050344,1.6956521739130435,5.0,195.0,1.6697894674403229,2.163955656882057,0.0,0.0,62.23864793677297,39.53206448228425,2.527058823529412,99.77,5.5833417510877865,79.25642857142857,642.0843013750955,-5.454155351627485,35.07274027027295,127.1512043478261,30.299937763303546,63.626,183.3,0.004726653019688716,0.35864799499099637,-0.0855829976829439,0.8225733381541498
GR86-061-051,51,10.772727272727273,0.0004545454545308303,,0.0004545454545308303,0.0,0.0,0.0,0.9433483923290393,0.9433483923290393,0.0,,99.74181818181819,,99.74181818181819,99.74181818181819,0.0,0.0,0.0,10.159090909090908,,170.27,,170.27,170.27,0.16263636363636363,,0.29950000000000004,
GR86-061-051,51,11.0,15.702421510574919,22.194737017057896,90.8364705882353,1.3274336283185841,5.0,150.0,1.624180185704333,2.0253262207700677,0.0,0.0,63.37738293884504,40.10761694316653,2.451363636363636,99.77333333333333,6.14931046690599,109.82977272727273,694.8720827603769,-7.554077006057168,36.22913300258764,127.68588790560472,30.1319579684695,67.524,183.92000000000002,0.00505728640250539,0.36959397457515153,-0.09283484526649753,0.8357620440451649
GR86-061-051,51,11.181818181818182,0.006818181818189828,,0.006818181818189828,0.0,0.0,0.0,1.1935496040981333,1.1935496040981333,0.0,,99.725,,99.725,99.725,0.0,0.0,0.0,7.7727272727272725,,166.612,,166.612,166.612,0.1625,,0.27645454545454545,
GR86-061-051,51,12.0,15.399115881404272,21.688353952223878,85.84064935064936,1.2280701754385965,5.0,140.0,1.675351617553152,2.163955656882057,0.0,0.0,62.88614798677814,39.841906279629335,2.4527272727272726,99.75409090909092,6.3001467589428115,94.84,718.2167305194805,-6.138532754098018,35.0772358396545,127.16147807017543,30.683486771294508,64.3875,183.606,0.004423382796087202,0.36275238123237025,-0.08677814913401324,0.8181354209485909
GR86-061-051,51,12.090909090909092,0.00409090909090537,,0.00409090909090537,0.0,0.0,0.0,1.1935496040981333,1.1935496040981333,0.0,,99.685,,99.685,99.685,0.0,0.0,0.0,4.795454545454546,,167.415,,167.415,167.415,0.165,,0.17531818181818182,
GR86-061-051,51,13.0,15.611364506977775,22.53396660991501,84.28999999999999,1.2280701754385965,5.0,140.0,1.6842308079670953,2.3025850929940455,0.0,0.0,63.73055001871722,40.42967564139105,2.431304347826087,99.73809523809524,5.796883013280896,87.6945,660.8446635140222,-6.6658569980190805,34.7078074426912,127.33938157894737,31.19369990555465,65.54,184.99,0.004566354304794654,0.3620499508769961,-0.07633464338813352,0.8279379748816069
GR86-061-051,51,13.173913043478262,0.0001383399209515801,,0.0001383399209515801,0.0,0.0,0.0,1.1682824501765625,1.1682824501765625,0.0,,99.68695652173913,,99.68695652173913,99.68695652173913,0.0,0.0,0.0,3.256521739130435,,167.665,,167.665,167.665,0.1614782608695652,,0.1701304347826087,
GR86-061-051,51,14.0,15.365125644590176,21.234889966585534,90.37040909090909,1.3596491228070176,5.0,155.0,1.7429310066298374,2.163955656882057,0.0,0.0,63.507728069154965,39.77066286049192,2.435,99.7145,6.764250614888878,96.884,771.1245700973321,-5.620286864488659,35.45446597535096,127.4594254385965,31.588550109543682,60.7475,186.20499999999998,0.0045247430588512124,0.3787260588484103,-0.08080730662709165,0.8212910765360211
GR86-061-051,51,14.5,0.0023333333333397377,,0.0023333333333397377,0.0,0.0,0.0,1.3592367006650063,1.3592367006650063,0.0,,99.656,,99.656,99.656,0.0,0.0,0.0,6.6,,168.398,,168.398,168.398,0.15095,,0.16635,
GR86-061-051,51,15.0,15.181161267526912,20.485837637215283,77.64527950310558,1.5350877192982457,5.0,175.0,1.623438166563767,2.163955656882057,0.0,0.0,66.47444608591788,38.135318800406594,2.4694117647058826,99.68523809523809,8.209508164999438,118.5475,935.8839308099358,-6.826018280234988,38.45226586500731,128.00269736842105,31.58891172776183,59.405,184.328,0.008807563275803936,0.3809074825675658,-0.07973970548659101,0.8293432648522131
GR86-061-051,51,15.904761904761905,0.0032683982684034163,,0.0032683982684034163,0.0,0.0,0.0,0.9433483923290393,0.9433483923290393,0.0,,99.63190476190476,,99.63190476190476,99.63190476190476,0.0,0.0,0.0,19.10952380952381,,171.294,,171.294,171.294,0.1459047619047619,,0.6433809523809524,
GR86-061-051,51,16.0,16.139706346853995,22.18258753623989,79.42198757763975,1.3716814159292035,5.0,155.0,1.6407511133513935,2.0253262207700677,0.0,0.0,65.15213843629442,39.756028611156516,2.4566666666666666,99.65700000000001,6.206202747240272,90.32380952380952,701.3009104381507,-5.612297209618905,32.93072791476978,127.85469026548672,31.126616010280053,64.06,184.05,0.007689833633292482,0.3666001030525856,-0.08689632955599869,0.8387623771931789
GR86-061-051,51,16.59090909090909,0.0018181818181801646,,0.0018181818181801646,0.0,0.0,0.0,1.0549201679861442,1.0549201679861442,0.0,,99.62772727272727,,99.62772727272727,99.62772727272727,0.0,0.0,0.0,13.213636363636363,,171.012,,171.012,171.012,0.16772727272727272,,0.45095454545454544,
GR86-061-051,51,17.0,16.35395915898662,23.12396983649127,89.23345454545453,1.2719298245614035,5.0,145.0,1.6874498057955558,2.163955656882057,0.0,0.0,63.732499615382096,40.17869421666268,2.4460869565217394,99.65304347826087,7.000702078943979,134.07068181818184,798.0800369996136,-8.14276406263098,37.768195384454145,127.00412719298245,31.586113480242798,62.722,185.05,0.007114642878722124,0.37203735957683626,-0.08354213097869606,0.828860734375072
GR86-061-051,51,17.476190476190474,0.007294372294381901,,0.007294372294381901,0.0,0.0,0.0,1.0888999753452235,1.0888999753452235,0.0,,99.6195238095238,,99.6195238095238,99.6195238095238,0.0,0.0,0.0,8.752380952380953,,169.238,,169.238,169.238,0.15814285714285714,,0.2651904761904762,
GR86-061-051,51,18.0,16.14756217679974,21.440949562816055,85.16165789473683,1.4473684210526316,5.0,165.0,1.6626264161253326,2.163955656882057,0.0,0.0,62.98683753458549,38.96632571148475,2.408095238095238,99.64347826086957,7.077444062752053,93.72022727272726,806.828623153734,-6.509173569136535,36.533213209715484,127.32887280701755,31.832943441845458,66.49600000000001,186.9925,0.00466206355057373,0.37863948630073074,-0.07651737051438665,0.8218872337269295
GR86-061-051,51,18.59090909090909,0.003181818181829499,,0.003181818181829499,0.0,0.0,0.0,1.1682824501765625,1.1682824501765625,0.0,,99.59863636363637,,99.59863636363637,99.59863636363637,0.0,0.0,0.0,9.436363636363637,,169.754,,169.754,169.754,0.1688181818181818,,0.2825,
GR86-061-051,51,19.0,15.643742585718492,22.621295478248705,86.186875,1.3157894736842106,5.0,150.0,1.6634993809357013,2.3025850929940455,0.0,0.0,64.82271372393744,39.32961729588582,2.475263157894737,99.62826086956521,7.183595059380035,83.33578947368422,818.929836769324,-5.579740485564382,35.62644548267854,127.2313903508772,32.421539765818395,62.072,186.105,0.006148993541332995,0.38718357362704564,-0.08146613421677161,0.8166859583672246
GR86-061-051,51,19.636363636363637,0.0018181818181801646,,0.0018181818181801646,0.0,0.0,0.0,1.1682824501765625,1.1682824501765625,0.0,,99.58454545454546,,99.58454545454546,99.58454545454546,0.0,0.0,0.0,11.836363636363638,,170.1925,,170.1925,170.1925,0.15677272727272726,,0.3814090909090909,
GR86-061-051,51,20.0,16.009266059618948,24.700728799573834,91.25706004140787,1.3274336283185841,5.0,150.0,1.6488971546974347,2.163955656882057,0.0,0.0,64.53104603418898,40.00222046421868,2.452608695652174,99.6115,7.07243948205041,94.45869565217392,799.1856614716963,-7.79015193287707,37.86275542442837,127.32771091445429,31.733553297736865,61.025,185.75,0.006119306437944175,0.38478139353865654,-0.08017915320966494,0.8290306150749388
GR86-061-051,51,20.08695652173913,8.268674948240147,,8.268674948240147,0.0,0.0,0.0,1.3592367006650063,1.3592367006650063,0.0,,91.30608695652174,,91.30608695652174,91.30608695652174,0.0,0.0,0.0,2.7782608695652176,,166.102,,166.102,166.102,0.15708695652173912,,0.06117391304347826,
GR86-061-051,51,21.0,15.38922057084923,20.843557558829183,80.71413636363637,1.5517241379310345,5.0,180.0,1.6810384984094662,2.163955656882057,0.0,0.0,64.17342643630337,38.66755957377026,2.441,99.59904761904761,8.879538967180094,134.89525,1030.026520192891,-6.834165072391565,41.62750295074561,126.02145689655173,33.06602794335575,56.4125,184.9425,0.006658289619932766,0.3885432661105474,-0.07742187090408997,0.8173406198924734
GR86-061-051,51,21.727272727272727,8.09954545454545,,8.09954545454545,0.0,0.0,0.0,1.2798542258336676,1.2798542258336676,0.0,,91.46545454545455,,91.46545454545455,91.46545454545455,0.0,0.0,0.0,7.640909090909091,,170.1825,,170.1825,170.1825,0.1585909090909091,,0.2806818181818182,
GR86-061-051,51,22.0,15.320845767363071,21.981559030004522,83.32954545454544,1.1507936507936507,5.0,145.0,1.6895835171068387,2.163955656882057,0.0,0.0,66.20774545342314,39.52351601097934,2.44,99.61409090909092,6.2530867359387035,102.27022727272728,787.8889287282766,-7.012258049603587,35.665815522175826,125.61712698412698,32.04382833201653,60.620000000000005,182.494,0.03129766667496114,0.35237064537172624,-0.0877738274673105,0.8150422695000127
GR86-061-051,51,22.09090909090909,0.004545454545450411,,0.004545454545450411,0.0,0.0,0.0,1.1935496040981333,1.1935496040981333,0.0,,99.53090909090908,,99.53090909090908,99.53090909090908,0.0,0.0,0.0,6.795454545454546,,167.46200000000002,,167.46200000000002,167.46200000000002,0.1585,,0.21163636363636365,
GR86-061-051,51,22.391304347826086,40.73322134387353,,40.73322134387353,0.0,0.0,0.0,1.2206072645530175,1.2206072645530175,0.0,,58.88086956521739,,58.88086956521739,58.88086956521739,0.0,0.0,0.0,-1.091304347826087,,164.89,,164.89,164.89,0.13330434782608694,,0.3570869565217391,
GR86-061-051,51,23.0,15.901190592246802,22.734791995425862,95.99207509881424,1.3461538461538463,5.0,315.0,1.6302218997074098,2.3025850929940455,0.0,0.0,61.127235638900146,40.047223105876355,2.4356521739130437,99.64681818181818,6.718703719646035,120.22630434782609,1572.176670397172,-13.200680204494175,35.06983391666527,124.26921153846155,32.1555038311033,52.3825,186.45,2.3877710410222834e-05,0.36647644328369294,-0.08671457161658072,0.7780605619895553
GR86-061-051,51,23.681818181818183,35.332252964426885,,35.332252964426885,0.0,0.0,0.0,1.0296530140645737,1.0296530140645737,0.0,,12.838181818181818,,12.838181818181818,12.838181818181818,0.0,0.0,0.0,-3.9181818181818184,,164.1575,,164.1575,164.1575,-0.09099999999999998,,0.24690909090909094,
GR86-061-051,51,24.0,11.156238948997176,17.974619106034552,91.90492063492063,1.1627906976744187,5.0,350.0,1.3913453657306358,2.3025850929940455,0.0,0.0,37.48404973379879,38.10136098030627,2.387272727272727,99.62619047619049,3.5825680577283463,103.92204545454545,1078.3529853762323,-13.36280706011511,31.771553012023187,97.45652602436324,43.704213402300894,18.688,184.9,-0.01892876818627784,0.27958763360522126,-0.054829774474928344,0.6451931442063069
GR86-061-051,51,24.043478260869566,0.014451345755688294,,0.014451345755688294,0.0,0.0,0.0,1.4184836619456567,1.4184836619456567,0.0,,99.52826086956522,,99.52826086956522,99.52826086956522,0.0,0.0,0.0,2.7695652173913046,,166.984,,166.984,166.984,0.16747826086956522,,0.0827391304347826,
GR86-061-051,51,25.0,2.904338146523722,9.016667127507407,90.69150197628458,0.5104712041884817,5.0,390.0,0.5693526936335394,2.3025850929940455,0.0,0.0,10.233900232350521,12.169932289650808,2.396521739130435,99.53090909090908,0.6605875477442229,36.9947619047619,504.68888647658633,-23.03495703275,30.31940597624297,23.223893979057593,40.356115432054196,0.0,172.738,-0.012270724239733397,0.09403252833678175,-0.01680057204241023,0.27399698745736206
GR86-061-051,51,26.0,0.2218753988619115,1.0809315778022355,14.026818181818182,0.12897366030881016,5.0,284.0,0.13749214230655618,2.163955656882057,0.0,0.0,7.66688283329952,1.2666671100327818,2.421818181818182,21.482380952380954,0.14206805309171736,17.97,312.8338529079616,0.5446043388789027,37.83323707911928,1.371450272479564,5.911486784365571,0.0,56.902,-0.0009602167421690286,0.019523445265864685,-0.00921396017746658,0.027811773997287053
GR86-062-012,12,1.0,8.626644249802853,17.520778498189944,95.4860276679842,1.370503597122302,5.0,381.0,1.0553137303512938,2.163955656882057,0.0,0.0,27.307347366526475,36.25878920714694,2.431304347826087,100.19090909090909,8.062068952630103,66.60000000000001,2241.2551688311687,-14.356813276651408,52.20129560709315,54.12840424242424,54.77482566209384,0.0,166.324,0.014370173084026532,0.21707466603177072,-0.05099696618979908,0.40238755210994753
GR86-062-012,12,1.826086956521739,43.38082815734988,,43.38082815734988,0.0,0.0,0.0,1.3592367006650063,1.3592367006650063,0.0,,56.61869565217391,,56.61869565217391,56.61869565217391,0.0,0.0,0.0,15.86521739130435,,165.032,,165.032,165.032,0.1307391304347826,,0.4224347826086957,
GR86-062-012,12,2.0,19.186730249818176,23.588448463613588,85.99772727272727,1.7407407407407407,5.0,235.0,1.6513365329222633,2.3025850929940455,0.0,0.0,49.78120887809726,40.73391246302476,2.439,100.22217391304348,4.018830380408641,55.89204545454545,542.5421013551666,-5.553816625323618,37.58048223216731,108.01417901234568,30.920864167273972,55.45,171.6175,-0.0007766431168439798,0.29001206777981464,-0.06044788377888557,0.6698187269126973
GR86-062-012,12,2.6363636363636362,28.734181818181824,,28.734181818181824,0.0,0.0,0.0,1.3321790402101223,1.3321790402101223,0.0,,71.26681818181818,,71.26681818181818,71.26681818181818,0.0,0.0,0.0,8.027272727272727,,162.23250000000002,,162.23250000000002,162.23250000000002,0.108,,0.1987727272727273,
GR86-062-012,12,3.0,17.93432958610454,23.713666820282477,88.06422924901186,1.814516129032258,5.0,225.0,1.6697726346533261,2.163955656882057,0.0,0.0,61.56370959559775,40.497445688445204,2.450909090909091,100.25181818181818,5.342312354123386,54.30652173913043,662.4467319112999,-6.154389360765881,38.75894088241382,117.08291129032258,31.78130161004505,47.32,177.1,0.0032098264149133912,0.34432219671483927,-0.06400378451751351,0.7032791069182421
GR86-062-012,12,3.8260869565217392,3.301719367588916,,3.301719367588916,0.0,0.0,0.0,1.1682824501765625,1.1682824501765625,0.0,,96.69782608695652,,96.69782608695652,96.69782608695652,0.0,0.0,0.0,9.695652173913043,,165.20999999999998,,165.20999999999998,165.20999999999998,0.16408695652173913,,0.23704347826086955,
GR86-062-012,12,4.0,16.14884735095699,22.79209188784887,82.58308300395255,1.5677966101694916,5.0,185.0,1.6725999879913709,2.1639556568820564,0.0,0.0,61.580808933270326,41.642318993499124,2.4422727272727274,100.19666666666667,4.708452533890893,74.00714285714287,555.5973989991253,-5.070890831703462,36.51642465772473,122.04878813559321,30.230806319447737,60.9025,176.36599999999999,0.00438121709289071,0.33171175714983514,-0.0758001856681105,0.775515116200931
GR86-062-012,12,4.0476190476190474,0.0002898550724665938,,0.0002898550724665938,0.0,0.0,0.0,1.2798542258336674,1.2798542258336674,0.0,,99.99666666666666,,99.99666666666666,99.99666666666666,0.0,0.0,0.0,8.657142857142858,,162.74200000000002,,162.74200000000002,162.74200000000002,0.17576190476190476,,0.24195238095238097,
GR86-062-012,12,5.0,16.986223856557608,24.201179375870517,92.10059288537549,1.596638655462185,5.0,190.0,1.5939751860621016,2.163955656882057,0.0,0.0,63.51209972344381,41.16628812304457,2.4477272727272728,100.15478260869565,5.1377121047087435,62.64772727272727,611.3877404603405,-5.1134359985532996,35.351019279035675,122.88186414565827,30.769107112055558,59.79200000000001,178.282,0.007854948487959087,0.3416010544217284,-0.07202610729302364,0.7715860019919207
GR86-062-012,12,5.818181818181818,7.906709956709946,,7.906709956709946,0.0,0.0,0.0,1.4184836619456564,1.4184836619456564,0.0,,92.0909090909091,,92.0909090909091,92.0909090909091,0.0,0.0,0.0,17.450000000000003,,166.7825,,166.7825,166.7825,0.16036363636363637,,0.48618181818181816,
GR86-062-012,12,6.0,17.08887838508216,24.931405867554954,96.28667984189723,1.7083333333333333,5.0,205.0,1.621476565272465,2.163955656882057,0.0,0.0,62.7611826266838,41.23108995604347,2.439047619047619,100.16545454545454,5.026592064783753,62.39904761904762,603.1910477740504,-5.650622638474755,35.608808531836914,120.5190875,30.91208789098682,63.767500000000005,177.754,0.004894808768478844,0.3388960769876798,-0.06805000208758354,0.7465848010087052
GR86-062-012,12,6.7727272727272725,28.993636363636355,,28.993636363636355,0.0,0.0,0.0,1.1682824501765625,1.1682824501765625,0.0,,71.00636363636364,,71.00636363636364,71.00636363636364,0.0,0.0,0.0,16.831818181818182,,166.835,,166.835,166.835,0.14181818181818182,,0.5029545454545455,
GR86-062-012,12,7.0,2.0090159954453815,7.622899944646444,89.24007905138339,0.6080645161290322,5.0,754.0,0.43939949689575664,2.3025850929940455,0.0,0.0,10.255609658446083,14.12553050756418,2.3817391304347826,100.09454545454545,2.1201269422441045,73.73630434782608,2628.9574083826897,-86.62963872805666,72.54994159890056,13.644794030253918,32.05880278450543,0.0,174.0475,0.015826960307750715,0.09892048817366841,-0.020730151995779444,0.19633834211123324
GR86-062-012,12,7.391304347826087,39.1287351778656,,39.1287351778656,4.0,4.0,4.0,1.0296530140645737,1.0296530140645737,0.0,,92.31782608695652,,92.31782608695652,92.31782608695652,0.0,0.0,0.0,7.730434782608696,,111.48800000000001,,111.48800000000001,111.48800000000001,0.21717391304347827,,0.08573913043478261,
GR86-062-012,12,8.0,10.633404792246171,14.270379211953424,74.74545454545454,1.4131736526946108,5.0,236.0,1.4533030756721983,2.0253262207700677,0.0,0.0,27.924327267045026,32.87417434976736,2.3995238095238096,100.04086956521739,1.7446808359862047,26.23071428571429,291.3616996096962,-4.605321824629088,32.33416051771082,87.95285628742515,28.331296266423255,33.5425,146.75799999999998,6.215292012398677e-05,0.19124757700662223,-0.050930640029364566,0.5210676878999747
GR86-062-012,12,8.782608695652174,3.952569170007081e-05,,3.952569170007081e-05,1.0,1.0,1.0,1.1682824501765625,1.1682824501765625,0.0,,3.030869565217391,,3.030869565217391,3.030869565217391,1.7134782608695651,1.7134782608695651,1.7134782608695651,5.556521739130435,,135.0125,,135.0125,135.0125,-0.14778260869565218,,0.08326086956521739,
GR86-062-012,12,9.0,18.222276594288452,21.883929513478712,83.89997835497834,1.7412587412587412,5.0,249.0,1.5376932937935104,2.163955656882057,0.0,0.0,43.18039847272206,38.53940293969982,2.398636363636364,100.02045454545454,3.253645200233509,41.05204545454546,465.2712636333918,-4.782158495527541,33.21113382736378,101.51366083916083,27.772810206498775,61.21,171.125,0.0100516285023254,0.2603035817559457,-0.07320328012139952,0.6284422374770725
GR86-062-012,12,9.476190476190476,0.0019047619047682929,,0.0019047619047682929,0.0,0.0,0.0,1.2798542258336674,1.2798542258336674,0.0,,99.98714285714286,,99.98714285714286,99.98714285714286,0.0,0.0,0.0,9.02857142857143,,161.652,,161.652,161.652,0.13580952380952382,,0.23685714285714288,
GR86-062-012,12,10.0,16.66771446127858,22.822304035921363,80.86904761904762,1.4705882352941178,5.0,175.0,1.6507389651599949,2.0253262207700677,0.0,0.0,62.37211129706719,41.11784789579379,2.448695652173913,100.037,4.97501519501081,78.89785714285715,592.0268082062864,-5.193688234603181,33.38272437771985,121.87403641456582,29.64726876821638,64.825,179.326,0.006862827527516103,0.3355510990650663,-0.08634958108893652,0.7590823990153303
GR86-062-012,12,10.409090909090908,0.0,,0.0,0.0,0.0,0.0,1.1935496040981333,1.1935496040981333,0.0,,100.00318181818183,,100.00318181818183,100.00318181818183,0.0,0.0,0.0,8.85909090909091,,164.32,,164.32,164.32,0.16999999999999998,,0.27095454545454545,
GR86-062-012,12,11.0,16.402084405454357,23.301072284258584,88.89054545454546,1.4830508474576272,5.0,175.0,1.641986962171129,2.163955656882057,0.0,0.0,63.65122815264306,40.71318765560974,2.407142857142857,100.03652173913044,5.007320443976055,66.92772727272728,590.8638123891745,-4.629552744268836,35.039315407168985,123.52365677966101,30.94705000540723,64.374,180.36,0.006996406128594975,0.3503870943983325,-0.074015412795068,0.7825092819323695
GR86-062-012,12,11.782608695652174,6.849337474120091,,6.849337474120091,0.0,0.0,0.0,1.5047882836811908,1.5047882836811908,0.0,,93.14304347826086,,93.14304347826086,93.14304347826086,0.0,0.0,0.0,11.456521739130435,,166.43,,166.43,166.43,0.15704347826086956,,0.33604347826086955,
GR86-062-012,12,12.0,14.776138255168004,21.513372118552134,97.45949999999999,1.452991452991453,5.0,170.0,1.6036434864986053,2.163955656882057,0.0,0.0,60.83112311499674,41.277560517474335,2.418,100.03333333333335,4.651310898039159,62.414047619047615,544.2033750705816,-4.117717921763553,35.80155724114539,123.71172222222224,30.48796848401166,65.77250000000001,179.7075,0.00478121364268446,0.3435812183565205,-0.08196860762615238,0.7911512749596934
GR86-062-012,12,12.391304347826088,0.0042292490118427395,,0.0042292490118427395,0.0,0.0,0.0,1.3321790402101223,1.3321790402101223,0.0,,100.00304347826088,,100.00304347826088,100.00304347826088,0.0,0.0,0.0,4.765217391304348,,163.7475,,163.7475,163.7475,0.1622608695652174,,0.1048695652173913,
GR86-062-012,12,13.0,15.890484979811804,24.995222086558893,92.12753588516746,1.3559322033898304,5.0,160.0,1.6354301834533371,2.163955656882057,0.0,0.0,61.53504696069185,41.64383249125045,2.4261904761904765,100.03826086956522,5.001977941499927,78.84795454545454,590.2333970969914,-4.290075911625382,35.0077463823828,123.78930508474576,30.79580928408415,65.9375,179.135,0.0076658012449784185,0.34511764935604416,-0.07677890010275014,0.789659887197119
GR86-062-012,12,13.80952380952381,0.0031385281385354347,,0.0031385281385354347,0.0,0.0,0.0,1.2798542258336676,1.2798542258336676,0.0,,99.99904761904762,,99.99904761904762,99.99904761904762,0.0,0.0,0.0,21.795238095238098,,168.166,,168.166,168.166,0.15261904761904763,,0.684,
GR86-062-012,12,14.0,16.118865279616685,22.778009807770474,92.94651785714285,1.3793103448275863,5.0,160.0,1.6266023465614805,2.163955656882057,0.0,0.0,62.34264290625748,40.79978101603872,2.4068181818181817,100.02380952380952,5.206188334646188,73.405,603.9178468189579,-4.695693752327812,35.06966801476386,124.12478879310345,30.238002543599716,64.8775,181.28,0.005522711381194231,0.35903860750856326,-0.09220119112059087,0.7944153792722994
GR86-062-012,12,14.2,1.3652272727272816,,1.3652272727272816,0.0,0.0,0.0,1.4184836619456564,1.4184836619456564,0.0,,98.6275,,98.6275,98.6275,0.0,0.0,0.0,4.69,,164.668,,164.668,164.668,0.17095,,0.1507,
GR86-062-012,12,15.0,16.148733969865717,22.113751338943118,85.30981818181819,1.3793103448275863,5.0,160.0,1.614979034036078,2.163955656882057,0.0,0.0,63.57966581183093,40.17733156811015,2.39,100.02666666666667,5.565848155595818,84.638,645.6383860491148,-3.5952715996467477,34.42020181469226,125.67144827586208,31.2282965181162,61.885000000000005,178.9725,0.010370390987862188,0.3587997342279495,-0.07669141005511143,0.8177826635295398
GR86-062-012,12,15.619047619047619,0.0019047619047682929,,0.0019047619047682929,0.0,0.0,0.0,1.4184836619456564,1.4184836619456564,0.0,,99.99190476190476,,99.99190476190476,99.99190476190476,0.0,0.0,0.0,14.185714285714285,,165.95499999999998,,165.95499999999998,165.95499999999998,0.15433333333333335,,0.4222380952380953,
GR86-062-012,12,16.0,17.42350973772626,23.74034174270992,84.90444976076554,1.3793103448275863,5.0,160.0,1.6144725120629246,2.163955656882057,0.0,0.0,65.10885360774984,40.12337575189997,2.408181818181818,100.01434782608695,5.439713488527652,73.82363636363635,631.0067646692077,-4.772234276423819,36.11724426159078,124.95497413793103,31.416132769565674,63.79200000000001,182.704,0.006819968130966414,0.35867857730266084,-0.07587391122414129,0.8116739450373384
GR86-062-012,12,16.5,0.003181818181815288,,0.003181818181815288,0.0,0.0,0.0,1.0888999753452235,1.0888999753452235,0.0,,99.97954545454546,,99.97954545454546,99.97954545454546,0.0,0.0,0.0,12.486363636363636,,165.505,,165.505,165.505,0.16436363636363638,,0.3819545454545455,
GR86-062-012,12,17.0,16.804336748379594,22.567434823141266,80.32671497584542,1.206896551724138,5.0,140.0,1.6233634167578854,2.163955656882057,0.0,0.0,65.04032347050376,39.9806567809201,2.438636363636364,100.0095,5.837714963135316,89.78928571428571,677.1749357236966,-4.6752824522562415,35.917265960834456,125.29756465517241,30.670824377257382,66.914,180.366,0.0099427255917186,0.36682728168418866,-0.0871527849121465,0.8131584770007065
GR86-062-012,12,17.714285714285715,0.0006926406926339723,,0.0006926406926339723,0.0,0.0,0.0,1.4184836619456564,1.4184836619456564,0.0,,99.9647619047619,,99.9647619047619,99.9647619047619,0.0,0.0,0.0,18.204761904761906,,166.425,,166.425,166.425,0.15704761904761905,,0.5355714285714286,
GR86-062-012,12,18.0,16.89722722993389,24.37060164598862,96.772,1.391304347826087,5.0,160.0,1.6297049475016405,2.163955656882057,0.0,0.0,65.44588446797658,40.642632008148254,2.3813636363636363,99.99954545454544,5.890405852902933,98.00159090909091,677.3966730838373,-4.645862428353366,35.85294111583759,125.4633304347826,30.76022695608495,64.2225,182.465,0.007783519885355758,0.3585021241334087,-0.08897052778702312,0.8167007681244024
GR86-062-012,12,18.181818181818183,0.0032272727272726343,,0.0032272727272726343,0.0,0.0,0.0,1.1682824501765625,1.1682824501765625,0.0,,99.95727272727272,,99.95727272727272,99.95727272727272,0.0,0.0,0.0,6.286363636363637,,162.7225,,162.7225,162.7225,0.16954545454545455,,0.1559090909090909,
GR86-062-012,12,19.0,14.555474354759651,22.48747819633595,91.82363636363637,1.317829457364341,5.0,170.0,1.511426938798426,2.3025850929940455,0.0,0.0,61.67545233208697,40.8298914136733,2.401904761904762,99.9940909090909,6.0546628502691915,78.88659090909091,781.0515076847257,27.876622020345877,111.73228838445424,112.18019379844962,44.696059531788485,0.0,182.284,0.023801711940379392,0.3343730858620145,-0.06544446449487692,0.7686693944885641
GR86-062-012,12,19.095238095238095,0.0022510822510923845,,0.0022510822510923845,0.0,0.0,0.0,1.4184836619456564,1.4184836619456564,0.0,,99.95952380952382,,99.95952380952382,99.95952380952382,0.0,0.0,0.0,4.076190476190477,,159.7775,,159.7775,159.7775,0.18476190476190477,,0.06247619047619048,
GR86-062-012,12,20.0,16.31769801608082,23.823755929506756,92.30428571428571,1.206896551724138,5.0,140.0,1.7156286768056086,2.3025850929940455,0.0,0.0,63.98815498001484,40.813140889924384,2.3633333333333333,99.971,5.1832647325517005,102.12931818181818,601.2587089759973,-5.019436329070448,36.174656022424266,125.11499568965517,30.636927907879247,66.68199999999999,182.936,0.008698876496575402,0.3463341978179119,-0.08354526424673404,0.8093173416496465
GR86-062-012,12,20.095238095238095,0.0020562770562833066,,0.0020562770562833066,0.0,0.0,0.0,1.0549201679861442,1.0549201679861442,0.0,,99.9452380952381,,99.9452380952381,99.9452380952381,0.0,0.0,0.0,8.81904761904762,,163.365,,163.365,163.365,0.1577142857142857,,0.249,
GR86-062-012,12,21.0,15.143114385988824,23.20111217500175,92.23136363636362,1.25,5.0,145.0,1.6625727256784486,2.163955656882057,0.0,0.0,63.98799292881098,41.02379462014415,2.3943478260869564,99.97909090909091,5.570291079433227,79.1025,646.1537652142543,-4.495301108942611,37.430810011274474,126.01096982758621,31.11887776025635,65.375,185.5125,0.009352391115092328,0.3576574304659597,-0.07826008600235697,0.8097013635517423
GR86-062-012,12,21.80952380952381,0.005714285714290668,,0.005714285714290668,0.0,0.0,0.0,1.1682824501765625,1.1682824501765625,0.0,,99.94190476190477,,99.94190476190477,99.94190476190477,0.0,0.0,0.0,19.038095238095238,,167.04250000000002,,167.04250000000002,167.04250000000002,0.1525238095238095,,0.49471428571428566,
GR86-062-012,12,22.0,15.797961378999023,23.892455269664246,97.09400000000001,1.3432835820895523,5.0,180.0,1.6946889123134536,2.163955656882057,0.0,0.0,66.50183346134988,40.470647279402506,2.385,99.97954545454546,5.984025906253599,87.77568181818182,801.8594714379823,-5.839111931587468,37.9846224865729,124.45413059701494,31.467526160195536,64.10499999999999,181.9325,0.008522905704865472,0.3694732973458714,-0.10012492950557968,0.7851035869460562
GR86-062-012,12,22.391304347826086,0.0029249011857785945,,0.0029249011857785945,0.0,0.0,0.0,0.9404479886553264,0.9404479886553264,0.0,,99.96565217391304,,99.96565217391304,99.96565217391304,0.0,0.0,0.0,11.656521739130437,,166.0325,,166.0325,166.0325,0.16091304347826088,,0.26952173913043476,
GR86-062-012,12,22.636363636363637,0.004762845849796804,,0.004762845849796804,0.0,0.0,0.0,1.4184836619456564,1.4184836619456564,0.0,,99.93954545454545,,99.93954545454545,99.93954545454545,0.0,0.0,0.0,16.78181818181818,,165.572,,165.572,165.572,0.1670909090909091,,0.5521363636363636,
GR86-062-012,12,23.0,16.447897088950615,24.532743828780788,88.15134387351779,1.3191489361702127,5.0,310.0,1.5824353048427713,2.163955656882057,0.0,0.0,64.19210397577494,41.29435450850357,2.381904761904762,99.98304347826088,5.146850207239569,88.27021739130434,1209.5097987012987,-3.5164535676141524,34.44854214990794,123.72497659574468,31.858430335983925,60.375,183.88,0.00941785052887495,0.3515152745521524,-0.07852358936333911,0.7887813959199191
GR86-062-012,12,23.476190476190474,0.0019047619047682929,,0.0019047619047682929,0.0,0.0,0.0,1.1935496040981333,1.1935496040981333,0.0,,99.93809523809523,,99.93809523809523,99.93809523809523,0.0,0.0,0.0,6.60952380952381,,164.68400000000003,,164.68400000000003,164.68400000000003,0.1719047619047619,,0.114,
GR86-062-012,12,24.0,13.747311439298603,20.738859578508613,89.20923395445135,1.4214046822742474,5.0,425.0,1.4839368085129845,2.163955656882057,0.0,0.0,44.26389739242948,41.72451717057254,2.4060869565217393,99.97136363636363,4.088560836061981,92.49545454545455,1222.4796899825321,-2.898126544853239,32.50989234373265,98.30755351170569,44.90177571273236,15.92,183.9,-0.010219978994021378,0.2985764515931512,-0.05402640731404039,0.6555022762412459
GR86-062-012,12,24.095238095238095,0.004372294372288366,,0.004372294372288366,0.0,0.0,0.0,1.1682824501765625,1.1682824501765625,0.0,,99.93380952380953,,99.93380952380953,99.93380952380953,0.0,0.0,0.0,1.4857142857142858,,164.1175,,164.1175,164.1175,0.1560952380952381,,-0.06833333333333333,
GR86-062-012,12,24.217391304347824,0.3167193675889326,,0.3167193675889326,0.0,0.0,0.0,0.6108643020548935,0.6108643020548935,0.0,,8.147826086956522,,8.147826086956522,8.147826086956522,0.0,0.0,0.0,1.347826086956522,,37.644999999999996,,37.644999999999996,37.644999999999996,-0.004434782608695652,,-0.03017391304347826,
GR86-062-012,12,25.0,7.8251603601348805,16.563992841544344,89.26337662337662,1.0793103448275863,5.0,313.0,1.3651593946481209,2.163955656882057,0.0,0.0,24.25538107718579,34.32995475652407,2.3910526315789475,99.96347826086956,2.8791703519167733,60.75500000000001,834.9594020558643,-7.700663682114286,50.491190119259926,60.866568965517246,50.00349785037086,0.0,182.1575,-0.02067513519608564,0.21825290524899296,-0.03688987630774935,0.42916071902414266
GR86-062-012,12,25.59090909090909,1.0609090909090906,,1.0609090909090906,0.0,0.0,0.0,0.6108643020548935,0.6108643020548935,0.0,,5.528636363636363,,5.528636363636363,5.528636363636363,0.0,0.0,0.0,-0.6727272727272727,,45.239999999999995,,45.239999999999995,45.239999999999995,-0.06422727272727273,,-0.03518181818181818,
GR86-062-012,12,26.0,1.4637221537342573,2.712871329780259,17.43561904761905,0.9879518072289156,5.0,164.0,1.24376199189516,2.0253262207700677,0.0,0.0,5.509936486662073,4.406732298417285,2.428695652173913,31.367619047619048,2.1341139651090284,16.795909090909092,354.2629182080987,-24.319505726751597,83.06536300910892,16.774484939759034,15.471053185284216,0.0,81.03,-0.023115660145153486,0.07902247829944027,-0.009775867344012654,0.09581226986341589
