vehicle_id,vehicle_number,lap,ThrottleJerk_1s_mean,ThrottleJerk_1s_std,ThrottleJerk_1s_max,BrakeSpikeRate_5s_mean,BrakeSpikeRate_5s_max,BrakeSpikeRate_5s_sum,SteerEntropy_10s_mean,SteerEntropy_10s_max,MicroVariability_mean,MicroVariability_std,ath_mean,ath_std,ath_min,ath_max,pbrake_f_mean,pbrake_f_max,pbrake_f_sum,Steering_Angle_mean,Steering_Angle_std,speed_mean,speed_std,speed_min,speed_max,accx_can_mean,accx_can_std,accy_can_mean,accy_can_std,NUMBER,DRIVER_NUMBER,LAP_NUMBER,LAP_TIME,LAP_IMPROVEMENT,CROSSING_FINISH_LINE_IN_PIT,S1,S1_IMPROVEMENT,S2,S2_IMPROVEMENT,S3,S3_IMPROVEMENT,KPH,ELAPSED,HOUR,S1_LARGE,S2_LARGE,S3_LARGE,TOP_SPEED,PIT_TIME,CLASS,GROUP,MANUFACTURER,FLAG_AT_FL,S1_SECONDS,S2_SECONDS,S3_SECONDS,IM1a_time,IM1a_elapsed,INT-1_time,INT-1_elapsed,IM2a_time,IM2a_elapsed,INT-2_time,INT-2_elapsed,IM3a_time,IM3a_elapsed,FL_time,FL_elapsed,AIR_TEMP,TRACK_TEMP,HUMIDITY,z_ThrottleJerk,z_SteerEntropy,z_MicroVar,z_BrakeSpike,z_SpeedVar,CLI_raw,CLI_normalized,FocusScore,FocusScore_smooth,alert_error_burst,alert_steer_indecision,focus_change_2lap,alert_focus_drop,alert_degrading,alert_level,action_card,FocusScore_next,focus_drop_next,lap_time_seconds,lap_time_baseline,lap_time_deviation,mistake_event,load_level,anomaly_score,is_anomaly,focus_drop_prob,focus_score_predicted
GR86-002-002,2,1.0,7.965022505972504,18.322983445695662,93.64782608695651,0.7215528781793842,5.0,539.0,0.6377800043266472,2.302585092994045,0.0,0.0,19.45185349287188,26.147055081963416,2.423529411764706,100.14695652173914,1.3680331290942749,54.34181818181818,1021.9207474334232,-3.1960764006531326,21.44210665518253,33.475566934404284,45.56702383144449,0.0,127.03,0.0030617871865869,0.1290837807815175,-0.0385008467599034,0.3788197889234106,2,1,1,2:42.005,0,,50.838,0,51.959,0,59.208,0,85.3,2:42.005,14:08:30.828,0:50.838,0:51.959,0:59.208,129.0,,Am,,Toyota Gazoo Racing,GF,50.838,51.959,59.208,,,,50.838,21.972,1:12.810,29.987,1:42.797,21.671,2:04.468,37.537,2:42.005,15.8,32.2,48.34,-1.5832112074603797,-2.815105525344189,0,-1.791694902071025,2.3438037858513217,-1.2131136002996823,42.955393458162376,57.04460654183762,43.61740143195036,0,0,,0,0,0,Maintain current pace,35.884563800835714,0,162.005,112.433,49.572,0,Medium,-0.5092678975008542,0,0.36647838,37.24398
GR86-002-002,2,2.0,16.14739852074053,19.6875991434972,90.31871541501977,1.518987341772152,5.0,240.0,1.4811046383003914,2.163955656882057,0.0,0.0,30.17578936312473,30.529520806262024,2.415217391304348,100.18045454545454,1.9339154766074136,26.05386363636364,305.5586453039714,-3.198231710906207,35.928708942646495,93.22380907172996,17.1971077797992,56.408,129.664,-0.0058677868812059,0.1725410094584733,-0.0593919262126751,0.5730094570861783,2,1,2,1:54.896,0,,40.002,0,37.136,0,37.758,0,120.3,4:36.901,14:10:25.724,0:40.002,0:37.136,0:37.758,184.3,,Am,,Toyota Gazoo Racing,GF,40.002,37.136,37.758,16.934,16.934,23.068,40.002,15.504,55.506,21.632,1:17.138,14.234,1:31.372,23.524,1:54.896,15.8,32.2,48.34,0.5620775959242492,-0.3561318361277355,0,0.1370634272620793,-2.071768766607577,-0.1070270428261049,69.80980367793691,30.190196322063088,35.884563800835714,0,0,,0,0,0,Maintain current pace,22.166033286166492,0,114.896,112.433,2.463000000000008,0,High,-0.4202855671087065,0,0.5895758,23.728878
GR86-002-002,2,3.0,14.841274980235418,22.98546292224712,86.02118181818182,1.8421052631578947,5.0,210.0,1.744752934142558,2.163955656882057,0.0,0.0,72.0267778880493,38.27055444328447,2.445217391304348,100.15782608695652,7.131779943930974,127.1991304347826,813.022913608131,-5.334009017064539,43.067502947415285,127.67791666666666,29.77595099763885,62.274,186.292,0.0137395234410831,0.3606968008333182,-0.0938846857322559,0.8339726269384979,2,1,3,1:54.105,0,,38.212,0,38.157,0,37.736,0,121.1,6:31.006,14:12:19.829,0:38.212,0:38.157,0:37.736,185.2,,Am,,Toyota Gazoo Racing,GF,38.212,38.157,37.736,15.620,15.620,22.592,38.212,16.082,54.294,22.075,1:16.369,14.294,1:30.663,23.442,1:54.105,15.8,32.2,48.34,0.2196327850006895,0.4126162788512317,0,0.918590199282574,-0.1139626612505826,0.2954361689803425,79.58111146139356,20.41888853860644,22.166033286166492,0,0,-21.45136814578386,1,0,1,Focus dropped 21 points - consider radio reminder,19.476250813037623,0,114.105,112.433,1.671999999999997,0,High,-0.3827526493727146,0,0.3042872,22.631887
GR86-002-002,2,4.0,17.204561257662796,24.30562327718465,92.83789473684207,1.8141592920353984,5.0,205.0,1.736581022296776,2.163955656882057,0.0,0.0,70.17462147936183,38.40993349361324,2.411818181818182,100.1782608695652,6.887101282711132,151.56476190476192,778.242444946358,-4.3141995617505176,43.01021391406351,128.55501488095237,30.854619953773035,63.6125,187.145,0.0083073699682005,0.3581506994907755,-0.0879180376089903,0.8515855373851234,2,1,4,1:52.747,0,,37.817,0,37.347,0,37.583,0,122.6,8:23.753,14:14:12.576,0:37.817,0:37.347,0:37.583,185.2,,Am,,Toyota Gazoo Racing,GF,37.817,37.347,37.583,15.542,15.542,22.275,37.817,15.617,53.434,21.73,1:15.164,14.124,1:29.288,23.459,1:52.747,15.8,32.2,48.34,0.8392488452999212,0.3887885434693192,0,0.8509971530390356,0.0539243718736965,0.4820137996005311,84.11098500217004,15.88901499782996,19.476250813037623,1,0,-16.40831298779809,1,0,2,High error bursts detected - suggest 1-lap cool down | Focus dropped 16 points - consider radio reminder,22.103504879941767,0,112.747,112.433,0.3140000000000071,0,High,-0.4151899737645488,0,0.3042872,25.475058
GR86-002-002,2,5.0,15.121732178678627,22.847046608133745,92.22909090909091,1.6071428571428572,5.0,180.0,1.7067047199128194,2.163955656882057,0.0,0.0,70.69405851426279,38.143493901116365,2.424090909090909,100.13681818181816,7.822830286251697,112.87477272727271,876.1569920601901,-3.294033999365297,43.32292575267103,129.88045535714286,31.11368147135102,64.325,186.5925,0.010003871479942,0.3583177998077673,-0.0928836411283361,0.8581816164493988,2,1,5,2:06.068,0,,37.724,0,40.347,0,47.997,0,109.6,10:29.821,14:16:18.644,0:37.724,0:40.347,0:47.997,182.1,,Am,,Toyota Gazoo Racing,FCY,37.724,40.347,47.997,15.567,15.567,22.157,37.724,15.616,53.340,24.731,1:18.071,17.814,1:35.885,30.183,2:06.068,15.8,32.2,48.34,0.2931642001498983,0.3016749474309149,0,0.3502855694075824,0.0942454262022782,0.2253353749340634,77.87915109732353,22.12084890267647,22.103504879941767,0,0,-0.0625284062247288,0,0,0,Maintain current pace,43.63127079763448,0,126.068,112.433,13.635000000000003,0,High,-0.3665280418702265,0,0.3042872,33.60153
GR86-002-002,2,6.0,14.559598065730864,20.45402917065212,89.32518181818182,1.36,5.0,170.0,1.5984910170460649,2.163955656882057,0.0,0.0,39.97740093060055,36.50031816358881,2.4063636363636363,100.12304347826088,2.8901871394692265,51.48136363636363,361.2733924336533,-2.4630570840804253,40.28437992229394,116.350516,28.42977472543988,61.470000000000006,183.735,-0.0104994526540329,0.2485905726238054,-0.0693790340251154,0.7711466194103331,2,1,6,2:55.178,0,,1:03.534,0,57.887,0,53.757,0,78.9,13:24.999,14:19:13.822,1:03.534,0:57.887,0:53.757,125.0,,Am,,Toyota Gazoo Racing,FCY,63.534,57.887,53.757,23.200,23.200,40.334,1:03.534,27.893,1:31.427,29.994,2:01.421,20.576,2:21.997,33.181,2:55.178,15.8,32.2,48.34,0.1457815797067853,-0.0138555581920487,0,-0.2474799724801288,-0.323485276244309,-0.0291999391324268,71.69934926068113,28.30065073931887,43.63127079763448,0,0,24.15501998459685,0,0,0,Maintain current pace,56.589283664990006,0,175.178,112.433,62.745000000000005,1,High,-0.39409920237867063,0,0.5816484,49.895805
GR86-002-002,2,7.0,1.5271567013097127,6.076917208256529,79.79110671936759,0.2774694783573806,5.0,250.0,0.4849690910057831,2.163955656882057,0.0,0.0,8.878167451417596,7.183763645157471,2.38047619047619,100.01272727272728,0.4215555599986645,25.701818181818183,379.40000399879807,-18.797374440347028,45.25360236948374,17.518069150908417,33.61228170959261,0.0,126.048,-0.0031829890853815,0.0596108746674122,-0.017634999267621,0.2001264706260987,2,1,7,2:47.353,0,,54.766,0,1:00.745,0,51.842,0,82.6,16:12.352,14:22:01.175,0:54.766,1:00.745,0:51.842,121.1,,Am,,Toyota Gazoo Racing,FCY,54.766,60.745,51.842,22.777,22.777,31.989,54.766,26.819,1:21.585,33.926,1:55.511,19.206,2:14.717,32.636,2:47.353,15.8,32.2,48.34,-3.2711171902102336,-3.260672985541064,0,-2.865801421704297,0.4831345089708892,-2.178060165806892,19.5276872490919,80.4723127509081,56.589283664990006,0,0,34.48577878504824,0,0,0,Maintain current pace,58.77994569215246,0,167.353,112.433,54.920000000000016,1,Low,-0.6291711286918878,1,0.48324904,51.88464
GR86-002-002,2,8.0,5.930591056490218,8.296333129586902,65.71256728778468,0.4819277108433735,4.0,80.0,1.4061393737203816,2.163955656882057,0.0,0.0,15.261221487304384,10.37716943167791,2.377391304347826,80.2195238095238,0.6026004327870488,17.185238095238095,100.0316718426501,-3.225183495132421,31.93453555522526,88.15928686868686,14.99403439943159,56.9375,121.544,-0.0115822458665832,0.1284468576208446,-0.0658343724417716,0.4748024503503011,2,1,8,2:28.771,0,,47.575,0,49.016,0,52.180,0,92.9,18:41.123,14:24:29.946,0:47.575,0:49.016,0:52.180,124.1,,Am,,Toyota Gazoo Racing,GF,47.575,49.016,52.18,21.558,21.558,26.017,47.575,22.038,1:09.613,26.978,1:36.591,19.872,1:56.463,32.308,2:28.771,15.8,32.2,48.34,-2.116606764197287,-0.5747162409716873,0,-2.371277373757619,-2.414661228174798,-1.3758188183832307,39.00511249525695,60.994887504743055,58.77994569215246,0,0,15.14867489451798,0,0,0,Maintain current pace,37.629107035418,1,148.77100000000002,112.433,36.33800000000002,0,Medium,-0.6043976824420779,1,0.51883996,38.729176
GR86-002-002,2,9.0,12.688652822076737,15.495756254227958,84.57872727272728,1.385135135135135,5.0,205.0,1.6259033400010303,2.302585092994045,0.0,0.0,32.57207935299783,32.12255859802329,2.3735,100.0108695652174,2.023125730296926,39.83304347826088,299.422608083945,-3.5853092257983565,36.47049155768913,98.90160135135136,18.62331103157474,62.515,162.692,0.0084013160817508,0.1845524827812831,-0.0721435463413724,0.6451368245725536,2,1,9,1:52.709,0,,38.119,0,37.094,0,37.496,0,122.6,20:33.832,14:26:22.655,0:38.119,0:37.094,0:37.496,187.2,,Am,,Toyota Gazoo Racing,GF,38.119,37.094,37.496,15.546,15.546,22.573,38.119,15.539,53.658,21.555,1:15.213,14.189,1:29.402,23.307,1:52.709,15.8,32.2,48.34,-0.3447504950490965,0.0660735440671208,0,-0.1866855079013289,-1.849790530179116,-0.2998886417010597,65.1273631791938,34.87263682080621,37.629107035418,0,0,-18.960176629572004,1,0,1,Focus dropped 19 points - consider radio reminder,24.260292460302438,0,112.709,112.433,0.2760000000000104,0,Medium,-0.39740278592962286,0,0.5654024,26.631508
GR86-002-002,2,10.0,16.822263182866585,24.3974059308138,91.80175889328063,1.6517857142857142,5.0,185.0,1.783475846455506,2.302585092994045,0.0,0.0,72.44677010117462,37.81591638470909,2.4842105263157896,100.0313043478261,7.214500572170828,132.85391304347826,808.0240640831328,-3.989339106872206,41.63169889787799,130.0631443452381,31.38280176929138,66.28999999999999,188.4175,0.0085065132171549,0.3747879783703364,-0.0852616616504794,0.869472149464918,2,1,10,1:52.552,0,,37.498,0,37.288,0,37.766,0,122.8,22:26.384,14:28:15.207,0:37.498,0:37.288,0:37.766,185.2,,Am,,Toyota Gazoo Racing,GF,37.498,37.288,37.766,15.468,15.468,22.03,37.498,15.639,53.137,21.649,1:14.786,14.386,1:29.172,23.38,1:52.552,15.8,32.2,48.34,0.7390163727350361,0.5255249011201022,0,0.4582634490838305,0.1361320570520761,0.4354388601683185,82.98020321929526,17.019796780704738,24.260292460302438,1,0,-34.51965323185003,1,0,2,High error bursts detected - suggest 1-lap cool down | Focus dropped 35 points - consider radio reminder,18.76541707052048,0,112.552,112.433,0.1189999999999997,0,High,-0.4179357820073417,0,0.3042872,22.881834
GR86-002-002,2,11.0,16.921528986111365,24.41051324243573,83.996,1.3963963963963963,5.0,155.0,1.6863930916332277,2.163955656882057,0.0,0.0,72.03977809110475,38.11061654482136,2.451363636363636,100.04,8.688874546241824,133.89227272727274,964.4650746328424,-4.782989308023634,43.22106344787179,129.94027927927928,31.143456220126414,64.9375,185.1175,0.0094791393544826,0.3798464524719255,-0.0958884339567978,0.8652871516761642,2,1,11,1:52.433,0,,37.443,2,37.363,0,37.627,0,122.9,24:18.817,14:30:07.640,0:37.443,0:37.363,0:37.627,185.2,,Am,,Toyota Gazoo Racing,GF,37.443,37.363,37.627,15.325,15.325,22.118,37.443,15.581,53.024,21.782,1:14.806,14.352,1:29.158,23.275,1:52.433,15.8,32.2,48.34,0.7650422869530648,0.2424501157201223,0,-0.1594478445595726,0.0988796508228114,0.2760960034142952,79.11155622060365,20.888443779396358,18.76541707052048,0,0,-18.86368996489752,1,0,1,Focus dropped 19 points - consider radio reminder,19.75862745972375,0,112.433,112.433,0.0,0,High,-0.4052767024515108,0,0.3042872,21.836954
GR86-002-002,2,12.0,16.20772495490638,24.88827548157856,95.26652173913044,1.6964285714285714,5.0,190.0,1.7463831467220177,2.163955656882057,0.0,0.0,71.2974966099981,38.70150122093487,2.552608695652174,100.04695652173912,8.594887068567806,137.99386363636364,962.6273516795942,-3.969185022068949,42.65214450159409,130.16957589285715,31.56426955180149,63.55,186.512,0.0083192341878503,0.3734554570255771,-0.081590676017217,0.8746475021364151,2,1,12,1:52.257,0,,37.533,0,37.217,0,37.507,0,123.1,26:11.074,14:31:59.897,0:37.533,0:37.217,0:37.507,185.2,,Am,,Toyota Gazoo Racing,GF,37.533,37.217,37.507,15.444,15.444,22.089,37.533,15.667,53.200,21.55,1:14.750,14.289,1:29.039,23.218,1:52.257,15.8,32.2,48.34,0.5778942271241028,0.4173696676166376,0,0.566241328760079,0.164376206881373,0.3790845050435394,81.61198934853965,18.38801065146035,19.75862745972375,1,0,-4.501665000578683,0,0,1,High error bursts detected - suggest 1-lap cool down,19.589671294521025,0,112.257,112.433,0.1759999999999877,0,High,-0.40144792249618527,0,0.3042872,20.926733
GR86-002-002,2,13.0,16.141138302795053,23.653037590340418,91.84101449275362,1.5315315315315314,5.0,170.0,1.7525611088157482,2.163955656882057,0.0,0.0,71.95550697444747,38.10189166901289,2.4313636363636366,100.03,8.234642920729877,128.56760869565218,914.0453642010164,-3.809182577923997,44.65345089569098,130.0476891891892,31.190853470795084,63.4225,184.6525,0.0072326088607553,0.3771413733771967,-0.0945778922165649,0.8727315325078165,2,1,13,1:52.743,0,,37.578,0,37.437,0,37.728,0,122.6,28:03.817,14:33:52.640,0:37.578,0:37.437,0:37.728,185.2,,Am,,Toyota Gazoo Racing,GF,37.578,37.437,37.728,15.423,15.423,22.155,37.578,15.631,53.209,21.806,1:15.015,14.493,1:29.508,23.235,1:52.743,15.8,32.2,48.34,0.5604362663836681,0.4353834260549249,0,0.1674041155415036,0.1062566905973953,0.3127130228197967,80.00057205168545,19.999427948314548,19.589671294521025,0,0,0.8242542240005442,0,0,0,Maintain current pace,20.454313835274583,0,112.743,112.433,0.3100000000000023,0,High,-0.38032299407563297,0,0.3042872,21.253933
GR86-002-002,2,14.0,16.553796266091123,23.19756682862282,79.29079051383398,1.4732142857142858,5.0,165.0,1.7102840452267138,2.302585092994045,0.0,0.0,70.42962531691197,37.91593554145442,2.441739130434782,100.02714285714286,6.921893546723024,102.06217391304348,775.2520772329786,-1.9681540572876577,38.73174482221232,130.30543393393393,31.43359513774196,62.155,184.1275,0.013136330160618,0.3643503104129846,-0.0898651358947599,0.8638386936202588,2,1,14,1:52.334,0,,37.732,0,37.060,2,37.542,0,123.0,29:56.151,14:35:44.974,0:37.732,0:37.060,0:37.542,189.1,,Am,,Toyota Gazoo Racing,GF,37.732,37.06,37.542,15.580,15.580,22.152,37.732,15.556,53.288,21.504,1:14.792,14.302,1:29.094,23.24,1:52.334,15.8,32.2,48.34,0.6686286186648118,0.3121115769534517,0,0.0263519303788371,0.1440376780334363,0.2969730371979757,79.61842471621182,20.38157528378818,20.454313835274583,0,0,0.6956863755508351,0,0,0,Maintain current pace,21.12900674530813,0,112.334,112.433,0.0989999999999895,0,High,-0.37804414345045145,0,0.3042872,21.489693
GR86-002-002,2,15.0,16.01221235072386,23.029212216118783,82.70888198757764,1.4864864864864864,5.0,165.0,1.7222025599194928,2.163955656882057,0.0,0.0,71.29932896526597,38.743563931692094,2.44304347826087,100.02,8.719876970561753,147.74722222222223,967.9063437323546,-3.8966281111899614,40.48260115967851,129.99260960960962,31.714188791243167,62.502,187.652,0.0066078375765076,0.3811938341216147,-0.0923637094490304,0.8621252209181628,2,1,15,1:52.339,0,,37.586,0,37.378,0,37.375,0,123.0,31:48.490,14:37:37.313,0:37.586,0:37.378,0:37.375,188.2,,Am,,Toyota Gazoo Racing,GF,37.586,37.378,37.375,15.469,15.469,22.117,37.586,15.466,53.052,21.912,1:14.964,14.294,1:29.258,23.081,1:52.339,15.8,32.2,48.34,0.5266339330583799,0.3468636912205129,0,0.0584534621744781,0.1877100538183564,0.2722451274306495,79.01806172627897,20.981938273721028,21.12900674530813,0,0,1.539335450787103,0,0,0,Maintain current pace,20.76102526217837,0,112.339,112.433,0.093999999999994,0,High,-0.39911020221670407,0,0.3042872,21.956446
GR86-002-002,2,16.0,14.989617626329157,24.42791693322373,89.77565217391304,1.518181818181818,5.0,167.0,1.7522334183204409,2.163955656882057,0.0,0.0,70.96800565715833,39.58349582612145,2.3778260869565218,99.99882352941177,8.529458728661222,124.97021739130436,938.2404601527344,-4.129468806917075,39.37556581092228,130.0640787878788,31.98029272468004,67.464,186.706,0.0058380621679464,0.3757701696913909,-0.0990964705515234,0.8556795030944624,2,1,16,1:52.084,0,,37.456,0,37.186,0,37.442,0,123.3,33:40.574,14:39:29.397,0:37.456,0:37.186,0:37.442,189.1,,Am,,Toyota Gazoo Racing,GF,37.456,37.186,37.442,15.404,15.404,22.052,37.456,15.519,52.975,21.667,1:14.642,14.058,1:28.700,23.384,1:52.084,15.8,32.2,48.34,0.2585258665646473,0.4344279431083753,0,0.1351151037254578,0.229127209316674,0.2293447322369741,77.97649332158483,22.02350667841517,20.76102526217837,0,0,0.3067114269037887,0,0,0,Maintain current pace,20.59719543169716,0,112.084,112.433,0.3489999999999895,0,High,-0.3936882475326581,0,0.3042872,21.684048
GR86-002-002,2,17.0,15.030779395996786,22.66335033695372,87.64538961038961,1.8468468468468469,5.0,205.0,1.7450188558873112,2.302585092994045,0.0,0.0,71.71572363952288,38.08494813194046,2.4421739130434785,99.97434782608696,7.579854836767881,89.62204545454546,841.3638868812347,-3.099281413808268,40.94704110839066,130.18952552552554,31.715443100056618,62.9375,188.14,0.0090522528490559,0.3771406567945672,-0.0891011953029855,0.8672926048683021,2,1,17,1:52.376,0,,37.584,0,37.108,0,37.684,0,123.0,35:32.950,14:41:21.773,0:37.584,0:37.108,0:37.684,188.2,,Am,,Toyota Gazoo Racing,GF,37.584,37.108,37.684,15.392,15.392,22.192,37.584,15.493,53.077,21.615,1:14.692,14.424,1:29.116,23.26,1:52.376,15.8,32.2,48.34,0.2693178276571328,0.413391655909361,0,0.930058689110682,0.1879052779268415,0.3424425934337665,80.72236916560108,19.27763083439892,20.59719543169716,0,0,-0.5318113136109694,0,0,0,Maintain current pace,20.348717018851147,0,112.376,112.433,0.0569999999999879,0,High,-0.3982403938161455,0,0.3042872,20.496433
GR86-002-002,2,18.0,14.777587406339348,22.265475757361475,83.12652173913044,1.6964285714285714,5.0,190.0,1.7721237898003577,2.163955656882057,0.0,0.0,73.09670547545434,37.54823970169707,2.447391304347826,99.9591304347826,9.2931863727375,131.41152173913045,1040.8368737466,-5.52807116802584,43.88437115846988,130.14092113095236,32.0222615170782,62.47,188.15,0.0116190713307721,0.3874404266919239,-0.0863375084338742,0.8643291800030399,2,1,18,1:52.039,2,,37.639,0,37.099,0,37.301,2,123.3,37:24.989,14:43:13.812,0:37.639,0:37.099,0:37.301,185.2,,Am,,Toyota Gazoo Racing,GF,37.639,37.099,37.301,15.508,15.508,22.131,37.639,15.617,53.256,21.482,1:14.738,14.09,1:28.828,23.211,1:52.039,15.8,32.2,48.34,0.2029349164418044,0.4924244703856509,0,0.566241328760079,0.2356593487645244,0.2924887267194183,79.50955121772262,20.490448782277383,20.348717018851147,0,0,-0.412308243327228,0,0,0,Maintain current pace,20.221735153094745,0,112.039,112.433,0.3939999999999912,0,High,-0.41288542968241126,0,0.3042872,20.906118
GR86-002-002,2,19.0,15.098589690763603,21.80576826653101,88.38043478260867,1.6216216216216215,5.0,180.0,1.7433961497724233,2.302585092994045,0.0,0.0,71.21776477898446,37.62954023755394,2.4475,99.94272727272728,8.923833310821296,138.88309523809525,990.545497501164,-4.141541515809251,43.12450788940868,130.18127027027026,31.40495995053125,61.302,185.638,0.0085408520901655,0.3834820779222884,-0.0921232687396303,0.8671813386542377,2,1,19,1:52.218,0,,37.579,0,37.144,0,37.495,0,123.1,39:17.207,14:45:06.030,0:37.579,0:37.144,0:37.495,188.2,,Am,,Toyota Gazoo Racing,GF,37.579,37.144,37.495,15.454,15.454,22.125,37.579,15.549,53.128,21.595,1:14.723,14.155,1:28.878,23.34,1:52.218,15.8,32.2,48.34,0.2870966080327726,0.4086601545620824,0,0.3853054222755544,0.139580817940796,0.2600479161857651,78.72192856012286,21.278071439877134,20.221735153094745,0,0,-0.3754602786024144,0,0,0,Maintain current pace,20.46027249698501,0,112.218,112.433,0.2149999999999892,0,High,-0.4082448103702127,0,0.3042872,21.779188
GR86-002-002,2,20.0,15.886684603382545,24.12792959643831,91.776066252588,1.7567567567567568,5.0,195.0,1.7201059201794686,2.302585092994045,0.0,0.0,73.19181893397797,37.8213088807704,2.428,99.92739130434782,8.778617816379114,136.86340909090907,974.4265776180818,-4.501988386799599,40.66337125730976,130.07558858858857,31.66498187308239,60.335,186.624,0.0093397748071947,0.3806156993433673,-0.0916381702954929,0.8665175247469569,2,1,20,1:52.290,0,,37.667,0,37.303,0,37.320,0,123.1,41:09.497,14:46:58.320,0:37.667,0:37.303,0:37.320,187.2,,Am,,Toyota Gazoo Racing,GF,37.667,37.303,37.32,15.486,15.486,22.181,37.667,15.696,53.363,21.607,1:14.970,14.085,1:29.055,23.235,1:52.290,15.8,32.2,48.34,0.4937225549453008,0.3407502898697283,0,0.7121573823766312,0.1800513523676266,0.3581330815442796,81.10331476287028,18.89668523712972,20.46027249698501,0,0,0.1115554781338623,0,0,0,Maintain current pace,20.45284743572057,0,112.29,112.433,0.1430000000000006,0,High,-0.4236823465182178,0,0.3042872,20.531813
GR86-002-002,2,21.0,13.70607077096493,24.547149622345064,85.22420168067227,1.5517241379310345,5.0,45.0,1.7508051032118943,2.163955656882057,0.0,0.0,70.53462388713618,40.207672623851536,3.478333333333333,99.9070588235294,15.3223633189135,134.23607142857142,444.3485362484915,-10.248918464269805,51.35995706900802,133.71957142857144,39.91504412469301,58.69199999999999,183.9175,-0.0399873921000746,0.435742621154205,0.0390232860908447,0.837798150397336,2,1,21,1:52.170,0,,37.671,0,37.113,0,37.386,0,123.2,43:01.667,14:48:50.490,0:37.671,0:37.113,0:37.386,188.2,,Am,,Toyota Gazoo Racing,GF,37.671,37.113,37.386,15.471,15.471,22.2,37.671,15.627,53.298,21.486,1:14.784,14.148,1:28.932,23.238,1:52.170,15.8,32.2,48.34,-0.0779996967268229,0.4302632488372298,0,0.2162440636025842,1.464113961787173,0.2630139089103655,78.79393918605183,21.20606081394817,20.45284743572057,0,0,0.2311122826258298,0,0,0,Maintain current pace,21.55993562571145,0,112.17,112.433,0.262999999999991,0,High,-0.5122088482493884,0,0.3042872,22.709173
GR86-002-002,2,22.0,13.859066971567945,21.30335418823,85.02181818181818,1.6964285714285714,5.0,190.0,1.82507097663172,2.302585092994045,0.0,0.0,73.40832067135977,37.32007714652109,2.4395,99.89722222222224,9.46061921623063,137.5493181818182,1059.5893522178303,-5.559426012005594,45.10003819315042,130.42557207207207,32.15892867999116,63.115,188.11,0.0115249807161006,0.383838842515564,-0.085401013055914,0.8586754700981571,2,1,22,1:52.402,0,,37.939,0,37.095,0,37.368,0,122.9,44:54.069,14:50:42.892,0:37.939,0:37.095,0:37.368,190.1,,Am,,Toyota Gazoo Racing,GF,37.939,37.095,37.368,15.475,15.475,22.464,37.939,15.599,53.538,21.496,1:15.034,14.029,1:29.063,23.339,1:52.402,15.8,32.2,48.34,-0.0378865272120457,0.6468083625326946,0,0.566241328760079,0.2569306056932496,0.2609653923528967,78.74420374391616,21.25579625608384,21.55993562571145,0,1,1.099663128726441,0,0,1,Steering indecision - check driver fatigue or track confidence,21.73687303159309,0,112.402,112.433,0.0309999999999917,0,High,-0.44067567703069777,0,0.3042872,22.579662
GR86-002-002,2,23.0,14.089073008916444,22.69025714038964,90.67908212560386,1.7010309278350515,5.0,330.0,1.7421063444752956,2.163955656882057,0.0,0.0,72.55466958844757,37.9732897154376,2.3877272727272727,99.89571428571428,7.956261628601371,138.05931818181818,1543.514755948666,-5.754699636793518,39.9529124329929,129.2680120274914,32.22876072093855,62.624,188.16,0.0088722606997642,0.3807836844457556,-0.0890822890542711,0.8475454845935216,2,1,23,1:52.260,0,,37.744,0,37.176,0,37.340,0,123.1,46:46.329,14:52:35.152,0:37.744,0:37.176,0:37.340,188.2,,Am,,Toyota Gazoo Racing,FF,37.744,37.176,37.34,15.627,15.627,22.117,37.744,15.549,53.293,21.627,1:14.920,14.053,1:28.973,23.287,1:52.260,15.8,32.2,48.34,0.0224173962136232,0.4048993284672669,0,0.5773730689328882,0.2677994585558437,0.2213359571764213,77.78205019289766,22.217949807102343,21.73687303159309,0,0,1.2840255958725173,0,0,0,Maintain current pace,,0,112.26,112.433,0.1730000000000018,0,High,-0.4007830233050021,0,0.3042872,22.203726
GR86-003-017,17,1.0,6.037937742338752,13.457861867001684,90.95563636363636,0.8123287671232877,5.0,593.0,0.5741002611653896,2.302585092994045,0.0,0.0,24.37687805582277,19.988924987337622,2.440454545454545,100.23521739130436,4.652034685489036,63.62078947368421,3395.985320406996,-8.62847420007868,21.39643690660458,33.86431641518061,47.60803575887574,0.0,166.762,0.0062711618477583,0.1460187756524198,-0.037685074575392,0.3721127473049106,17,1,1,2:43.289,0,,58.446,0,51.163,0,53.680,0,84.6,2:43.289,14:08:32.112,0:58.446,0:51.163,0:53.680,146.1,,Am,,Toyota Gazoo Racing,GF,58.446,51.163,53.68,,,,58.446,23.223,1:21.669,27.94,1:49.609,21.129,2:10.738,32.551,2:43.289,15.8,32.2,48.34,-2.832934557125777,-3.9091182410928473,0,-2.1239827821258204,2.113258174316196,-1.9344315272981984,25.442688525973335,74.55731147402666,46.88183036167396,0,0,,0,0,0,Maintain current pace,37.66241807308231,0,163.289,114.763,48.52599999999998,0,Low,-0.5633886328049308,1,0.36647838,40.17396
GR86-003-017,17,2.0,15.43261628028214,17.839771222650544,91.71931818181818,2.353333333333333,5.0,353.0,1.4780676002449045,2.163955656882057,0.0,0.0,38.46189129471088,35.38703469768792,2.4204545454545454,100.24761904761904,3.24063586391869,46.48952380952381,486.0953795878035,-10.275870465232709,37.16691716448703,97.90477333333334,21.74049597541423,49.7775,149.6025,0.0038191020822553,0.2360615920705422,-0.0836723615641922,0.6041981302033093,17,1,2,1:58.628,0,,42.558,0,37.767,0,38.303,0,116.5,4:41.917,14:10:30.740,0:42.558,0:37.767,0:38.303,185.2,,Am,,Toyota Gazoo Racing,GF,42.558,37.767,38.303,17.989,17.989,24.569,42.558,15.691,58.249,22.076,1:20.325,14.575,1:34.900,23.728,1:58.628,15.8,32.2,48.34,0.30874947497884,-0.4583497743571558,0,3.311767622356846,-1.2942398402710944,0.3453785582307805,80.79365075067875,19.20634924932125,37.66241807308231,0,0,,0,0,0,Maintain current pace,18.37051450117081,1,118.628,114.763,3.864999999999995,0,High,-0.43479145681629444,0,0.57961035,30.529764
GR86-003-017,17,3.0,15.41102798337033,23.24214033242781,85.44250988142291,1.6581196581196582,5.0,194.0,1.7411682982687573,2.163955656882057,0.0,0.0,69.88923190074821,39.46204659632288,2.435454545454545,100.11,5.893158532288967,92.21636363636364,689.4995482778091,-11.7033381674686,40.460965020266194,123.6974131054131,30.71449127251041,63.0975,183.5425,0.010410351303286,0.3597723206495618,-0.0608166474628431,0.7946413982703499,17,1,3,1:56.226,0,,39.091,0,38.607,0,38.528,0,118.9,6:38.143,14:12:26.966,0:39.091,0:38.607,0:38.528,186.2,,Am,,Toyota Gazoo Racing,GF,39.091,38.607,38.528,15.754,15.754,23.337,39.091,15.82,54.911,22.787,1:17.698,14.91,1:32.608,23.618,1:56.226,15.8,32.2,48.34,0.3015301105892827,0.5460002204572034,0,0.8594659880153425,-0.1121068885583222,0.3446682976375548,80.77640650410099,19.22359349589901,18.37051450117081,0,0,-28.51131586050315,1,0,1,Focus dropped 29 points - consider radio reminder,19.972800179209457,0,116.226,114.763,1.462999999999994,0,High,-0.3786137179393043,0,0.3042872,20.488422
GR86-003-017,17,4.0,17.74783681003936,23.26903461313418,89.59974308300394,1.434782608695652,5.0,165.0,1.7234578739087942,2.163955656882057,0.0,0.0,67.3842672482999,39.148883803711264,2.466190476190476,100.2309090909091,5.561005970793541,72.12909090909092,639.5156866412573,-12.876095839573155,43.79604364180699,126.18281739130434,31.119547267622647,62.27,183.7175,0.0086794806626895,0.355684098493054,-0.0717954660226352,0.8316410766209886,17,1,4,1:53.277,2,,38.155,2,37.419,0,37.703,2,122.0,8:31.420,14:14:20.243,0:38.155,0:37.419,0:37.703,184.3,,Am,,Toyota Gazoo Racing,GF,38.155,37.419,37.703,15.592,15.592,22.563,38.155,15.563,53.718,21.856,1:15.574,14.405,1:29.979,23.298,1:53.277,15.8,32.2,48.34,1.0829847337758216,0.4783931606976113,0,0.0716653004883512,-0.0587493790813648,0.4493685674722655,83.31839924170784,16.681600758292163,19.972800179209457,0,0,-17.68961789387285,1,0,1,Focus dropped 18 points - consider radio reminder,22.569046036715772,0,113.277,114.763,1.4860000000000042,0,High,-0.3872606370159426,0,0.3042872,25.658854
GR86-003-017,17,5.0,14.821473991740692,23.501061830083284,89.33448051948051,1.3716814159292037,5.0,155.0,1.7496210106418892,2.163955656882057,0.0,0.0,70.97977659373989,38.83722179728067,2.432,100.21,5.975503633817834,69.29108695652174,675.2319106214152,-13.291295088754335,41.32990070194796,129.14193215339233,31.12146760851672,65.9675,183.464,0.0114939864322622,0.3628472217957948,-0.0757294202910239,0.8470655978802558,17,1,5,2:03.382,0,,38.588,0,41.199,0,43.595,0,112.0,10:34.802,14:16:23.625,0:38.588,0:41.199,0:43.595,176.2,,Am,,Toyota Gazoo Racing,FCY,38.588,41.199,43.595,15.960,15.960,22.628,38.588,16.862,55.450,24.337,1:19.787,16.174,1:35.961,27.421,2:03.382,15.8,32.2,48.34,0.104376758924752,0.5782672638055745,0,-0.1509182931132839,-0.058496415025306,0.147392458159296,75.9867937165628,24.0132062834372,22.569046036715772,0,0,4.198531535544969,0,0,0,Maintain current pace,35.06577614632818,0,123.382,114.763,8.619,0,High,-0.3538943664702933,0,0.3042872,33.78379
GR86-003-017,17,6.0,12.811182953565355,18.55552908202378,90.55809523809523,1.5508021390374331,5.0,290.0,1.3696408549300498,2.302585092994045,0.0,0.0,29.78157337036618,34.453696963646046,2.469090909090909,100.185,2.5638866418947504,56.60333333333334,479.4468020343184,-26.850403209081144,58.53344025667264,81.83954395604395,57.38800699643004,0.0,181.63,-0.004274990633454,0.2189917342794042,-0.0476622122803776,0.6335157125929823,17,1,6,2:56.742,0,,1:05.658,0,57.860,0,53.224,0,78.2,13:31.544,14:19:20.367,1:05.658,0:57.860,0:53.224,146.1,,Am,,Toyota Gazoo Racing,FCY,65.658,57.86,53.224,24.899,24.899,40.759,1:05.658,29.005,1:34.663,28.855,2:03.518,20.303,2:23.821,32.921,2:56.742,15.8,32.2,48.34,-0.5678867175753235,-0.8722536594956106,0,0.4809134122796465,3.401561308423819,0.0238637125378292,72.98766893158204,27.012331068417964,35.06577614632818,0,0,15.092975967118726,0,0,0,Maintain current pace,44.83450836888932,0,176.742,114.763,61.97899999999999,1,High,-0.4286358240069295,0,0.3515792,38.881138
GR86-003-017,17,7.0,7.963108533297626,10.385949803100663,74.7,1.2784090909090908,5.0,225.0,1.289626349449432,2.163955656882057,0.0,0.0,18.82446474100054,19.458407610518023,2.43,100.0515,1.9229853364490543,31.7525,338.4454192150336,-11.33541968441809,31.35647949705226,83.15038257575758,26.12762950749749,17.5575,135.29250000000002,-0.0069921285790312,0.1797064195952359,-0.0469252774863505,0.4809287834097969,17,1,7,2:47.521,0,,55.044,0,1:00.644,0,51.833,0,82.5,16:19.065,14:22:07.888,0:55.044,1:00.644,0:51.833,139.2,,Am,,Toyota Gazoo Racing,FCY,55.044,60.644,51.833,23.388,23.388,31.656,55.044,27.431,1:22.475,33.213,1:55.688,19.485,2:15.173,32.348,2:47.521,15.8,32.2,48.34,-2.18913622931692,-1.1776978060453334,0,-0.4799277519898712,-0.7163283370727573,-1.0947873168121658,45.8282089128706,54.1717910871294,44.83450836888932,0,0,22.26546233217354,0,0,0,Maintain current pace,44.6064147146964,0,167.52100000000002,114.763,52.75800000000001,1,Medium,-0.46609928844938364,0,0.6202081,41.22408
GR86-003-017,17,8.0,8.551302806936384,12.689480167834546,79.7290909090909,1.216867469879518,5.0,202.0,1.3779418903514995,2.025326220770068,0.0,0.0,20.66099491491529,23.50618257800728,2.4442857142857144,100.05,1.1142727182020007,28.19340909090909,184.9692712215321,-11.372014105910004,32.06059116939363,87.82163554216868,20.386899833308025,46.6925,139.6,-0.0071679783748106,0.1665328928694965,-0.0607331828977673,0.5229406572110369,17,1,8,2:26.756,0,,46.887,0,47.835,0,52.034,0,94.2,18:45.821,14:24:34.644,0:46.887,0:47.835,0:52.034,,,Am,,Toyota Gazoo Racing,GF,46.887,47.835,52.034,21.432,21.432,25.455,46.887,23.508,1:10.395,24.327,1:34.722,,,,2:26.756,15.8,32.2,48.34,-1.9924375823325824,-0.8405656216260534,0,-0.6970101012179148,-1.4725473331904189,-1.059678928608017,46.68059704887941,53.31940295112059,44.6064147146964,0,0,9.540638568368216,0,0,0,Maintain current pace,34.96213123477518,0,146.756,114.763,31.992999999999995,0,Medium,-0.48128204118764456,0,0.5635459,36.19202
GR86-003-017,17,9.0,13.655550982571093,18.588350605733297,92.08545454545455,1.952054794520548,5.0,285.0,1.571567733205784,2.302585092994045,0.0,0.0,33.688134612135514,32.36038477149988,2.4305882352941177,100.05454545454543,2.239333806984108,39.20522727272727,326.9427358196798,-12.00887723985126,34.98518679255757,100.10126712328768,22.35088444506008,49.182500000000005,161.13,0.0111192949731527,0.2186224733073585,-0.0778308472236228,0.6411874494729966,17,1,9,1:53.938,0,,38.357,0,37.368,2,38.213,0,121.3,20:39.759,14:26:28.582,0:38.357,0:37.368,0:38.213,,,Am,,Toyota Gazoo Racing,GF,38.357,37.368,38.213,,,,38.357,15.57,53.927,21.798,1:15.725,,,,1:53.938,15.8,32.2,48.34,-0.285520743770786,-0.1014261372868822,0,1.8962948667981865,-1.2138341458812865,0.0520480579786429,73.67194989416079,26.32805010583921,34.96213123477518,0,0,-9.87237713411414,0,0,0,Maintain current pace,23.927537205188973,0,113.938,114.763,0.8250000000000028,0,High,-0.3977327373969862,0,0.51472175,26.706066
GR86-003-017,17,10.0,15.275571143191383,23.767068605918528,88.4624016563147,1.2831858407079646,5.0,145.0,1.7047019519149236,2.163955656882057,0.0,0.0,68.97117845383276,39.547083858763735,2.4577272727272725,100.06666666666668,5.261480443693795,64.0058695652174,594.5472901373988,-12.85097122053563,39.18643377847704,128.68207079646018,30.639388967956982,65.07000000000001,184.59,0.012066064693313,0.3524704478632091,-0.0845708626796859,0.8508196414364799,17,1,10,1:53.659,0,,38.191,0,37.644,0,37.824,0,121.6,22:33.418,14:28:22.241,0:38.191,0:37.644,0:37.824,,,Am,,Toyota Gazoo Racing,GF,38.191,37.644,37.824,,,,38.191,,,,1:15.835,,,,1:53.659,15.8,32.2,48.34,0.2562318505039829,0.40679506043117,0,-0.4630782109692372,-0.1220000193237133,0.0969065866812304,74.76105935263425,25.23894064736575,23.927537205188973,0,0,-20.678877509507423,1,0,1,Focus dropped 21 points - consider radio reminder,22.96442777678676,0,113.659,114.763,1.1040000000000134,0,High,-0.3566563824647757,0,0.3042872,24.022882
GR86-003-017,17,11.0,15.68009257768011,25.12442368679375,94.21686147186146,1.415929203539823,5.0,160.0,1.7972112747248925,2.163955656882057,0.0,0.0,70.31398340095627,39.52898637634989,2.4543478260869565,100.09130434782608,5.835568205681711,88.7725,659.4192072420334,-14.700269390307868,41.98764215736252,128.75613274336283,31.23133096454653,64.15,184.855,0.0082112079810232,0.3646599908317642,-0.0816241515997576,0.8486345513224548,17,1,11,1:54.148,0,,38.487,0,37.876,0,37.785,0,121.1,24:27.566,14:30:16.389,0:38.487,0:37.876,0:37.785,,,Am,,Toyota Gazoo Racing,GF,38.487,37.876,37.785,14.663,14.663,23.824,38.487,,,,1:16.363,,,,1:54.148,15.8,32.2,48.34,0.3915082760085321,0.7599364187868546,0,0.0051616658146918,-0.0440242552961145,0.3038084118418656,79.78437913763804,20.21562086236196,22.96442777678676,0,1,-11.997703457988418,1,0,2,Steering indecision - check driver fatigue or track confidence | Focus dropped 12 points - consider radio reminder,21.039785913815887,0,114.148,114.763,0.6150000000000091,0,High,-0.36773567516171085,0,0.3042872,23.269648
GR86-003-017,17,12.0,15.293201887762102,24.019461100222003,90.83258695652174,1.3716814159292037,5.0,155.0,1.716489024135995,2.163955656882057,0.0,0.0,70.8745098989088,39.632293497995455,2.449090909090909,100.09772727272728,7.89000767540783,128.86952380952383,891.5708673210847,-15.56119554739692,39.79738205102269,127.8249646017699,31.72542801521731,63.175,184.95,0.007860600622992,0.3846522306355055,-0.0728975701364039,0.8408960093322738,17,1,12,2:00.084,0,,40.514,0,38.769,0,40.801,0,115.1,26:27.650,14:32:16.473,0:40.514,0:38.769,0:40.801,,,Am,,Toyota Gazoo Racing,GF,40.514,38.769,40.801,16.428,16.428,24.086,40.514,,,,1:19.283,,,,2:00.084,15.8,32.2,48.34,0.2621277657785961,0.4517905546013762,0,-0.1509182931132839,0.021062518833467,0.171054476300277,76.56127817936743,23.43872182063257,21.039785913815887,0,0,-2.8877512913730854,0,0,0,Maintain current pace,23.666117294229636,0,120.084,114.763,5.320999999999998,0,High,-0.3785775676837111,0,0.3042872,22.337137
GR86-003-017,17,13.0,16.601464297583675,24.308124189602708,82.63909090909092,1.3865546218487397,5.0,165.0,1.736768025958119,2.302585092994045,0.0,0.0,65.40729477282741,40.213586705897214,2.455,100.10090909090908,5.982040453703151,93.41977272727271,711.862813990675,-12.804856302771888,40.40631503524581,122.74382633053222,32.12004485940143,54.2125,180.73,0.0078553467071838,0.3473108541319878,-0.071678713998438,0.7934052392007969,17,1,13,1:54.624,0,,38.588,0,37.775,0,38.261,0,120.5,28:22.274,14:34:11.097,0:38.588,0:37.775,0:38.261,187.2,,Am,,Toyota Gazoo Racing,GF,38.588,37.775,38.261,,,,38.588,,,,1:16.363,14.554,1:30.917,23.707,1:54.624,15.8,32.2,48.34,0.6996251326271807,0.5292027983843414,0,-0.0984544413727875,0.0730448922766424,0.3347245624059857,80.53498494154687,19.465015058453133,23.666117294229636,0,0,0.7016895174428726,0,0,0,Maintain current pace,23.645924627561584,0,114.624,114.763,0.13900000000001,0,High,-0.3926057406446774,0,0.3042872,22.565903
GR86-003-017,17,14.0,13.971629095439164,23.82884983472562,89.4223188405797,1.25,5.0,140.0,1.7286383659432365,2.163955656882057,0.0,0.0,69.12957819547104,39.81925236852674,2.472272727272727,100.08045454545454,6.01249314611168,108.94021739130434,673.3992323645082,-14.946636673912336,40.0203375095205,127.21811160714286,31.23994330234496,64.525,183.494,0.0080553922302226,0.3690256981226765,-0.0668570671588273,0.8301809640153407,17,1,14,1:54.137,0,,38.320,0,37.665,0,38.152,0,121.1,30:16.411,14:36:05.234,0:38.320,0:37.665,0:38.152,183.1,,Am,,Toyota Gazoo Racing,GF,38.32,37.665,38.152,,,,38.320,15.638,53.958,22.027,1:15.985,15.366,1:31.351,22.786,1:54.137,15.8,32.2,48.34,-0.1798207396583765,0.4981689620809136,0,-0.5801381801652195,-0.0428897630253081,-0.0207136847045982,71.9053849963968,28.094615003603195,23.645924627561584,0,0,2.606138713745697,0,0,0,Maintain current pace,24.956096094727403,0,114.137,114.763,0.6260000000000048,0,High,-0.36510000739650705,0,0.3042872,24.415892
GR86-003-017,17,15.0,15.806144820306086,21.98207104074604,85.24907114624504,1.3596491228070176,5.0,155.0,1.6774775768928232,2.163955656882057,0.0,0.0,69.65300345182872,38.76158658145655,2.4504545454545457,100.05260869565218,6.169256052543524,92.89704545454546,703.2951899899617,-14.45988900463488,38.30723960438438,128.18797514619882,31.31789143976109,65.425,185.24,0.0080644001452444,0.3705778812745373,-0.0730384489990897,0.8332304777308628,17,1,15,1:54.742,0,,38.685,0,37.899,0,38.158,0,120.4,32:11.153,14:37:59.976,0:38.685,0:37.899,0:38.158,,,Am,,Toyota Gazoo Racing,GF,38.685,37.899,38.158,,,,38.685,,,,1:16.584,,,,1:54.742,15.8,32.2,48.34,0.433661535033795,0.3028698290743463,0,-0.19336108896212,-0.032621754327548,0.1735495790016522,76.62185617937158,23.378143820628424,24.956096094727403,0,0,1.2899788004977708,0,0,0,Maintain current pace,23.153790206372005,0,114.742,114.763,0.021000000000015,0,High,-0.3563670871910462,0,0.3042872,24.657576
GR86-003-017,17,16.0,15.604777603440551,23.71274255479701,92.69954545454546,1.327433628318584,5.0,150.0,1.71919793598743,2.302585092994045,0.0,0.0,68.96754242281348,39.84485147707301,2.4781818181818185,100.04608695652172,5.864659775904486,75.17113636363636,662.7065546772069,-13.413870705919368,38.08739805194249,127.07738495575222,31.0685844601453,66.5575,184.12,0.0069604058547852,0.3708548918535724,-0.0791576961309145,0.8340120951178591,17,1,16,1:54.420,0,,38.195,0,37.899,0,38.326,0,120.8,34:05.573,14:39:54.396,0:38.195,0:37.899,0:38.326,,,Am,,Toyota Gazoo Racing,GF,38.195,37.899,38.326,,,,38.195,15.578,53.773,22.321,1:16.094,,,,1:54.420,15.8,32.2,48.34,0.3663221186545424,0.4621314454632272,0,-0.3069982520412613,-0.0654626446934228,0.172833494686638,76.6044705400494,23.395529459950595,23.153790206372005,0,0,-0.4921344211895793,0,0,0,Maintain current pace,23.46417150340554,0,114.42,114.763,0.3430000000000035,0,High,-0.3821395027023552,0,0.3042872,23.519514
GR86-003-017,17,17.0,15.498638743661626,23.3340975866888,89.88105590062112,1.4035087719298245,5.0,160.0,1.7183692747822277,2.163955656882057,0.0,0.0,69.11404369753053,39.20496824686463,2.4640909090909093,100.0295652173913,5.800358774647676,89.78659090909092,661.2409003098351,-14.953746023871885,39.66904731750632,127.72200292397662,31.094486376955924,65.79400000000001,184.83,0.0052344606448725,0.3647543167997119,-0.0795401285594649,0.8285849243654029,17,1,17,1:54.849,0,,38.501,0,37.710,0,38.638,0,120.3,36:00.422,14:41:49.245,0:38.501,0:37.710,0:38.638,,,Am,,Toyota Gazoo Racing,GF,38.501,37.71,38.638,,,,38.501,15.561,54.062,22.149,1:16.211,,,,1:54.849,15.8,32.2,48.34,0.3308281142980892,0.4589681475951522,0,-0.0386502524808806,-0.0620506182369046,0.2019878714923922,77.31230266146301,22.687697338536992,23.46417150340554,0,0,-1.4919245913218615,0,0,0,Maintain current pace,22.912410935357645,0,114.849,114.763,0.0859999999999843,0,High,-0.3544250690393683,0,0.3042872,23.35699
GR86-003-017,17,18.0,15.628103507763932,25.43343765976187,94.50441558441558,1.3157894736842106,5.0,150.0,1.6796298430715837,2.163955656882057,0.0,0.0,70.44337021746169,39.742310736652776,2.479090909090909,100.02954545454546,5.93641555443633,89.78934782608697,676.7513732057416,-15.151498763725067,40.32481513274204,127.05054678362572,31.368155642118264,59.935,181.7325,0.0053943607849455,0.3730734083704563,-0.0752666969935065,0.8308160814341967,17,1,18,1:57.246,0,,38.372,0,38.518,0,40.356,0,117.9,37:57.668,14:43:46.491,0:38.372,0:38.518,0:40.356,,,Am,,Toyota Gazoo Racing,GF,38.372,38.518,40.356,,,,38.372,15.498,53.870,23.02,1:16.890,,,,1:57.246,15.8,32.2,48.34,0.3741225581108994,0.3110858031926714,0,-0.3480719254433595,-0.0260005150767096,0.1351973779072628,75.69071228827096,24.30928771172904,22.912410935357645,0,0,-0.2413792710143596,0,0,0,Maintain current pace,22.43352186405175,0,117.246,114.763,2.483000000000004,0,High,-0.376096179526692,0,0.3042872,23.634947
GR86-003-017,17,19.0,16.299706887869576,24.238587199968208,93.91904761904765,1.293103448275862,5.0,150.0,1.7132486091294346,2.163955656882057,0.0,0.0,67.28209350274214,40.541543915097535,2.45,100.02826086956522,5.436193320141877,66.73666666666666,630.5984251364578,-15.614502784840376,38.84476896217114,124.53583908045977,32.76166514692871,56.8,180.976,0.0051675430646716,0.3572563902692104,-0.0707686549704169,0.8181653346962441,17,1,19,1:55.318,0,,38.874,0,38.202,0,38.242,0,119.8,39:52.986,14:45:41.809,0:38.874,0:38.202,0:38.242,,,Am,,Toyota Gazoo Racing,GF,38.874,38.202,38.242,,,,38.874,15.935,54.809,22.267,1:17.076,,,,1:55.318,15.8,32.2,48.34,0.5987141294630882,0.4394207250285934,0,-0.4280947718991734,0.1575647141912865,0.2410116757303274,78.2597522441931,21.740247755806905,22.43352186405175,0,0,-1.0306496393537898,0,0,0,Maintain current pace,21.435292947437848,0,115.318,114.763,0.5549999999999926,0,High,-0.4007690739704042,0,0.3042872,22.994068
GR86-003-017,17,20.0,16.958646287986106,23.38106228425729,90.886185770751,1.4035087719298245,5.0,160.0,1.6343040647421998,2.163955656882057,0.0,0.0,68.79028782260936,39.00317501436735,2.4527272727272726,100.02739130434784,5.826868439822252,90.04043478260868,664.2630021397367,-12.147116232089134,34.46811465661531,126.82304970760234,30.55761270603449,63.098,179.01,0.0140027457564582,0.3618896780834502,-0.0786243392441995,0.8265425557276379,17,1,20,1:54.763,0,,38.697,0,37.935,0,38.131,0,120.4,41:47.749,14:47:36.572,0:38.697,0:37.935,0:38.131,,,Am,,Toyota Gazoo Racing,GF,38.697,37.935,38.131,15.159,15.159,23.538,38.697,16.694,55.391,21.241,1:16.632,,,,1:54.763,15.8,32.2,48.34,0.8190707263503179,0.1380610048094061,0,-0.0386502524808806,-0.1327723019788817,0.2611617010374266,78.7489698753807,21.251030124619305,21.435292947437848,0,0,-1.477117987919797,0,0,0,Maintain current pace,22.804629574082,0,114.763,114.763,0.0,0,High,-0.36530820688252114,0,0.3042872,21.725897
GR86-003-017,17,21.0,15.98312761308305,24.53892790388928,95.29828063241108,1.4035087719298245,5.0,160.0,1.7345082727193677,2.163955656882057,0.0,0.0,67.70098182879187,40.13498408560165,2.4468181818181822,100.02454545454545,4.823468569315252,58.90976190476191,549.8754169019387,-14.126655888473003,35.32651709197337,127.33785233918128,30.528766330360707,63.246,182.23,0.0085328195888445,0.3509083351715962,-0.0788238009297565,0.826817261075723,17,1,21,1:54.755,0,,38.569,0,37.949,0,38.237,0,120.4,43:42.504,14:49:31.327,0:38.569,0:37.949,0:38.237,,,Am,,Toyota Gazoo Racing,GF,38.569,37.949,38.237,,,,38.569,,,,1:16.518,,,,1:54.755,15.8,32.2,48.34,0.4928465312823618,0.5205765074977398,0,-0.0386502524808806,-0.1365721982449851,0.2585433285625128,78.68539903811266,21.314600961887336,22.804629574082,0,0,0.3711077100302447,0,0,0,Maintain current pace,22.293633202745472,0,114.755,114.763,0.0080000000000097,0,High,-0.39672785082533335,0,0.3042872,22.792305
GR86-003-017,17,22.0,15.947514740358084,26.049046895833943,95.451976284585,1.293103448275862,5.0,150.0,1.6029075694795465,2.025326220770068,0.0,0.0,68.44484501842622,40.72111694163932,2.448260869565217,100.02565217391304,5.068506811379854,72.66166666666666,587.946790120063,-13.728301855067569,35.640046703576466,127.888183908046,30.593128309113222,63.52,180.2375,0.009455360164885,0.3563767284367481,-0.073566188630807,0.8155878859065055,17,1,22,1:54.477,0,,38.590,0,37.821,0,38.066,0,120.7,45:36.981,14:51:25.804,0:38.590,0:37.821,0:38.066,,,Am,,Toyota Gazoo Racing,GF,38.59,37.821,38.066,,,,38.590,15.83,54.420,21.991,1:16.411,,,,1:54.477,15.8,32.2,48.34,0.4809371941905687,0.0182092898915836,0,-0.4280947718991734,-0.1280938768951393,0.0718098772556765,74.15174236426066,25.848257635739344,22.293633202745472,0,0,0.858340255307624,0,0,0,Maintain current pace,22.78314932317454,0,114.477,114.763,0.2860000000000013,0,High,-0.42504266970402643,0,0.3042872,24.478323
GR86-003-017,17,23.0,16.734457602011137,24.35444352984396,93.69709486166008,1.3973799126637554,5.0,320.0,1.7185175187412236,2.163955656882057,0.0,0.0,68.16563612520471,39.50333676325626,2.4468181818181822,100.03227272727273,5.3137655965627415,77.16608695652174,1216.852321612868,-13.397062756795766,36.866557151125,126.17434788937408,31.20341703318818,55.085,183.58,0.0066310929426641,0.3533270432752252,-0.0777450200770825,0.8206775003880459,17,1,23,1:54.748,0,,38.798,0,37.814,0,38.136,0,120.4,47:31.729,14:53:20.552,0:38.798,0:37.814,0:38.136,182.1,,Am,,Toyota Gazoo Racing,FF,38.798,37.814,38.136,14.959,14.959,23.839,38.798,,,,1:16.612,14.582,1:31.194,23.554,1:54.748,15.8,32.2,48.34,0.7440995592091094,0.4595340481061243,0,-0.0602692339979097,-0.0477013218621321,0.3243028625033642,80.28195898939026,19.71804101060974,22.78314932317454,0,0,-0.0214802509074552,0,0,0,Maintain current pace,,0,114.748,114.763,0.0150000000000147,0,High,-0.38926226011598053,0,0.3042872,22.645582
GR86-004-078,78,1.0,3.94676362757926,10.653583136378863,89.16499999999999,0.882091212458287,5.0,793.0,0.5281503379018434,2.302585092994045,0.0,0.0,14.580373187702572,19.38456559112353,2.4335714285714287,100.14714285714288,1.2458215821614251,41.10068181818182,1119.9936023631212,1.448029282724119,33.15618117567037,28.12207132216015,43.9737663544648,0.0,141.228,0.0106671825482261,0.1029633043124671,-0.0358659572913059,0.3518537024684868,78,1,1,2:42.712,0,,53.601,0,51.374,0,57.737,0,84.9,2:42.712,14:08:31.535,0:53.601,0:51.374,0:57.737,135.0,,Am,,Toyota Gazoo Racing,GF,53.601,51.374,57.737,,,,53.601,21.845,1:15.446,29.529,1:44.975,21.048,2:06.023,36.689,2:42.712,15.8,32.2,48.34,-2.232260355364886,-2.733903208476626,0,-1.2173943311175062,1.8050973337122465,-1.3552533250250236,39.50441717560204,60.49558282439797,40.206975637293056,0,0,,0,0,0,Maintain current pace,33.61598989101174,0,162.712,112.828,49.88399999999999,0,Medium,-0.5784117161826674,1,0.35173795,36.55593
GR86-004-078,78,2.0,12.941998361899904,17.5112226870315,82.61195454545455,2.458064516129032,5.0,381.0,1.587475910258833,2.163955656882057,0.0,0.0,29.730619604529167,29.14675331645752,2.4295454545454547,100.19434782608695,2.7280035729093304,34.18727272727273,422.8405538009462,-3.795980241383547,39.3668459954473,95.33425806451612,18.530168432606395,58.4525,135.16750000000002,0.0009254144242637,0.1932655150741789,-0.0693948581100169,0.6093621227680326,78,1,2,1:55.999,0,,40.456,0,37.538,0,38.005,0,119.1,4:38.711,14:10:27.534,0:40.456,0:37.538,0:38.005,186.2,,Am,,Toyota Gazoo Racing,GF,40.456,37.538,38.005,17.145,17.145,23.311,40.456,15.433,55.889,22.105,1:17.994,14.336,1:32.330,23.669,1:55.999,15.8,32.2,48.34,0.1459054697325154,-0.0198749304828246,0,3.0160054779200505,-1.7515200709902403,0.3160517228880319,80.08163154981186,19.91836845018814,33.61598989101174,0,0,,0,0,0,Maintain current pace,19.78769418974073,0,115.999,112.828,3.1709999999999923,0,High,-0.43697366947084515,0,0.3042872,22.87137
GR86-004-078,78,3.0,14.24534820088544,20.55263974436621,77.27796536796536,1.5217391304347827,5.0,175.0,1.7251499100592853,2.163955656882057,0.0,0.0,68.12232211935579,39.59835923649895,2.4495454545454547,100.19782608695652,5.244788931987987,72.60043478260869,603.1507271786185,-5.347855930856528,45.04442410476047,126.74746521739132,30.29694609550097,65.926,187.004,0.0152324752808296,0.3572362106854104,-0.0872619477547624,0.8333915689962598,78,1,3,1:53.394,0,,38.220,0,37.312,0,37.862,0,121.9,6:32.105,14:12:20.928,0:38.220,0:37.312,0:37.862,187.2,,Am,,Toyota Gazoo Racing,GF,38.22,37.312,37.862,15.747,15.747,22.473,38.220,15.433,53.653,21.879,1:15.532,14.377,1:29.909,23.485,1:53.394,15.8,32.2,48.34,0.4904859211347873,0.3328505567076434,0,0.50083615381887,-0.1067084228246191,0.2948129963077156,79.56598160155086,20.43401839844914,19.78769418974073,0,0,-20.41928144755233,1,0,1,Focus dropped 20 points - consider radio reminder,20.29058881523632,0,113.394,112.828,0.5660000000000025,0,High,-0.3862553080366494,0,0.3042872,20.680817
GR86-004-078,78,4.0,14.546644848286723,20.716184339151614,79.64714285714285,1.4285714285714286,5.0,160.0,1.812605203471641,2.163955656882057,0.0,0.0,68.84686338818929,39.00255413604878,2.444545454545455,100.17454545454548,6.126695708051007,93.52181818181818,686.1899193017127,-5.771710256217372,47.22358194081343,129.08506101190477,31.45955620045087,63.49250000000001,189.9525,0.0133572267103741,0.366306911394627,-0.0880644885313315,0.8643534644634581,78,1,4,1:53.003,0,,37.895,0,37.301,0,37.807,0,122.3,8:25.108,14:14:13.931,0:37.895,0:37.301,0:37.807,187.2,,Am,,Toyota Gazoo Racing,GF,37.895,37.301,37.807,15.519,15.519,22.376,37.895,15.503,53.398,21.798,1:15.196,14.346,1:29.542,23.461,1:53.003,15.8,32.2,48.34,0.5701429185594654,0.5569140038434119,0,0.2505678717622386,0.0558063027596694,0.3534371875689954,80.9893042794151,19.010695720584906,20.29058881523632,0,1,-13.325401075775424,1,0,2,Steering indecision - check driver fatigue or track confidence | Focus dropped 13 points - consider radio reminder,19.984158777937235,0,113.003,112.828,0.1749999999999971,0,High,-0.3855457509321526,0,0.3042872,27.995167
GR86-004-078,78,5.0,13.780585407087738,21.95940218164328,86.02818181818182,1.3392857142857142,5.0,150.0,1.8065317875172315,2.163955656882057,0.0,0.0,68.45330158346884,39.44362520840012,2.4465,100.21190476190476,6.24287055167917,79.45568181818182,699.201501788067,-5.15200812030311,45.36009509884032,129.76654464285716,31.53824797090932,64.67,189.1425,0.0120694819818226,0.3655235715525686,-0.0872903961596773,0.8635560150265957,78,1,5,2:06.194,0,,37.700,0,40.209,0,48.285,0,109.5,10:31.302,14:16:20.125,0:37.700,0:40.209,0:48.285,178.2,,Am,,Toyota Gazoo Racing,FCY,37.7,40.209,48.285,15.406,15.406,22.294,37.700,16.044,53.744,24.165,1:17.909,17.948,1:35.857,30.337,2:06.194,15.8,32.2,48.34,0.3676116409596007,0.5413537048433507,0,0.0107274347913,0.0668061826225304,0.2539116519796659,78.57294767332509,21.42705232667491,19.984158777937235,0,1,0.1964645881965054,0,0,1,Steering indecision - check driver fatigue or track confidence,30.89267811119704,0,126.194,112.828,13.366,0,High,-0.3770723110268679,0,0.3042872,31.616388
GR86-004-078,78,6.0,16.520098012382736,21.26741077166485,83.58900621118013,1.4,5.0,175.0,1.6175646074822452,2.163955656882057,0.0,0.0,42.91993233352155,38.11569776641378,2.4123809523809525,100.17363636363638,3.1749887307002687,50.36113636363636,396.8735913375336,-3.668541660475299,43.51021214004393,116.44856,28.53751594644408,61.505,182.285,-0.0066426984774188,0.2646582704664731,-0.0659646694998365,0.7783288512566569,78,1,6,2:54.969,0,,1:03.470,0,57.842,0,53.657,0,79.0,13:26.271,14:19:15.094,1:03.470,0:57.842,0:53.657,131.1,,Am,,Toyota Gazoo Racing,FCY,63.47,57.842,53.657,22.700,22.700,40.77,1:03.470,27.996,1:31.466,29.846,2:01.312,20.719,2:22.031,32.938,2:54.969,15.8,32.2,48.34,1.0918857091480114,0.0572133389248873,0,0.173818931931538,-0.352649264592055,0.3326769608061505,80.48527171344811,19.51472828655189,30.89267811119704,0,0,10.60208929596072,0,0,0,Maintain current pace,38.69459519008317,0,174.969,112.828,62.14099999999999,1,High,-0.38962188404315995,0,0.3042872,34.39081
GR86-004-078,78,7.0,5.374407245925115,8.19597646297144,59.44636363636364,0.8849557522123894,5.0,200.0,1.0410470530034357,2.025326220770068,0.0,0.0,13.406755675493374,13.59995027795491,2.394285714285714,99.77045454545454,0.6959951384555362,17.33021739130435,157.29490129095117,-2.2216357515162577,28.540288550217312,67.10791743119266,38.09902048122888,0.0,132.14249999999998,0.001370663007543,0.1140735804685488,-0.0450218510254764,0.4037702373858518,78,1,7,2:47.587,0,,55.161,0,1:00.447,0,51.979,0,82.5,16:13.858,14:22:02.681,0:55.161,1:00.447,0:51.979,124.1,,Am,,Toyota Gazoo Racing,FCY,55.161,60.447,51.979,22.541,22.541,32.62,55.161,26.835,1:21.996,33.612,1:55.608,19.121,2:14.729,32.858,2:47.587,15.8,32.2,48.34,-1.85481903628352,-1.4198443159129084,0,-1.2096995674944473,0.9838996601314622,-0.9944717589743036,48.26374627963569,51.73625372036431,38.69459519008317,0,0,18.71043641214593,0,0,0,Maintain current pace,43.106282256742496,0,167.587,112.828,54.75899999999999,1,Medium,-0.557657381768986,1,0.32970747,40.399628
GR86-004-078,78,8.0,7.590554741073096,9.805175729473143,52.78999999999999,1.1077844311377243,5.0,185.0,1.552624248046245,2.302585092994045,0.0,0.0,17.068473719406164,15.82204813241216,2.4186363636363635,99.94636363636364,1.1737214500981097,19.922727272727272,196.01148216638435,-2.962327265288734,34.81076109367234,88.16567664670659,16.00176097811853,49.7475,125.15,-0.0060937124779634,0.1424915519372865,-0.0620631370947071,0.5317088804312068,78,1,8,2:28.111,0,,47.504,0,48.450,0,52.157,0,93.3,18:41.969,14:24:30.792,0:47.504,0:48.450,0:52.157,133.0,,Am,,Toyota Gazoo Racing,GF,47.504,48.45,52.157,21.370,21.370,26.134,47.504,22.239,1:09.743,26.211,1:35.954,20.081,1:56.035,32.076,2:28.111,15.8,32.2,48.34,-1.2689125655799314,-0.1091660787835242,0,-0.6111342969956242,-2.104951923923492,-0.7101306263115533,55.16719643666668,44.83280356333332,43.106282256742496,0,0,12.213604145545457,0,0,0,Maintain current pace,31.040034294097516,0,148.111,112.828,35.28299999999999,0,Medium,-0.48260163637126025,0,0.61102295,31.511164
GR86-004-078,78,9.0,9.927860258656644,12.444950021689088,75.90272727272728,1.598639455782313,5.0,235.0,1.6699905683355742,2.302585092994045,0.0,0.0,28.03149301793422,28.44286138430842,2.410476190476191,100.005,1.6184817200330557,43.05840909090909,237.9168128448592,-3.8378167262823775,38.41645924593498,99.59286394557824,18.816209818853423,63.3575,164.4075,0.0094354046802629,0.1853685855500009,-0.0729946098676823,0.6431508198815958,78,1,9,1:52.894,0,,37.848,0,37.270,0,37.776,0,122.4,20:34.863,14:26:23.686,0:37.848,0:37.270,0:37.776,187.2,,Am,,Toyota Gazoo Racing,GF,37.848,37.27,37.776,15.522,15.522,22.326,37.848,15.532,53.380,21.738,1:15.118,14.406,1:29.524,23.37,1:52.894,15.8,32.2,48.34,-0.6509742605882065,0.1915304402673453,0,0.7074067993259304,-1.711535954910595,-0.2124522437017955,67.25021051347015,32.74978948652985,31.040034294097516,0,0,-7.654560895985657,0,0,0,Maintain current pace,23.354837414288667,0,112.894,112.828,0.0660000000000025,0,High,-0.41364953912698815,0,0.3042872,24.7686
GR86-004-078,78,10.0,16.287738658298768,23.058033100143323,84.41818181818181,1.4732142857142858,5.0,165.0,1.7972364672120729,2.163955656882057,0.0,0.0,69.08393388074754,39.274043041990026,2.4204545454545454,100.0395652173913,5.790743992781219,59.01369565217392,648.5633271914966,-5.391064277983921,44.8271948287066,129.96533482142857,31.23183620788513,64.97749999999999,187.4625,0.0103188979604219,0.3642621707099289,-0.0876898086239384,0.871546228791374,78,1,10,1:53.130,0,,38.171,0,37.383,0,37.576,0,122.1,22:27.993,14:28:16.816,0:38.171,0:37.383,0:37.576,184.3,,Am,,Toyota Gazoo Racing,GF,38.171,37.383,37.576,15.375,15.375,22.796,38.171,15.675,53.846,21.708,1:15.554,14.29,1:29.844,23.286,1:53.130,15.8,32.2,48.34,1.0304543967537014,0.5175387769122907,0,0.3704880902477079,0.023974606179437,0.496491687409283,84.46249016757062,15.53750983242938,23.354837414288667,0,1,-19.75144484245383,1,0,2,Steering indecision - check driver fatigue or track confidence | Focus dropped 20 points - consider radio reminder,19.778451351328595,0,113.13,112.828,0.3019999999999925,0,High,-0.38148315310824715,0,0.3042872,22.926823
GR86-004-078,78,11.0,13.898734014507612,19.897592603128547,85.18727272727273,1.2946428571428572,5.0,145.0,1.8124038021569453,2.302585092994045,0.0,0.0,68.52002453395805,38.03169921112304,2.4269565217391302,100.055,6.08737030674424,81.57840909090909,681.7854743553548,-4.499602201526543,45.4462720666324,129.3539955357143,30.85387883827733,66.23400000000001,189.03,0.0132446670123218,0.3714488064223199,-0.0890646934910327,0.8655590378106485,78,1,11,1:52.786,0,,37.739,0,37.229,0,37.818,0,122.5,24:20.779,14:30:09.602,0:37.739,0:37.229,0:37.818,185.2,,Am,,Toyota Gazoo Racing,GF,37.739,37.229,37.818,15.382,15.382,22.357,37.739,15.507,53.246,21.722,1:14.968,14.382,1:29.350,23.436,1:52.786,15.8,32.2,48.34,0.3988478442102782,0.5563980068000357,0,-0.1091927836941686,-0.0288579280836455,0.2394891446006025,78.22278707609323,21.777212923906774,19.778451351328595,0,1,-11.261582942768918,1,0,2,Steering indecision - check driver fatigue or track confidence | Focus dropped 11 points - consider radio reminder,21.67692448896494,0,112.786,112.828,0.0420000000000015,0,High,-0.3895049840891956,0,0.3042872,22.95731
GR86-004-078,78,12.0,13.851640155082558,18.46004345824113,83.91628260869567,1.3839285714285714,5.0,155.0,1.742175895808013,2.163955656882057,0.0,0.0,66.60156799783137,38.28089198157515,2.4481818181818182,100.06272727272729,5.658120461631623,55.42772727272728,633.7094917027417,-5.067366702211014,45.79837113560739,129.94608482142857,31.048087859975507,62.63,187.295,0.012808138488042,0.3611993953234957,-0.0847558919075049,0.8713183430842386,78,1,12,1:52.828,0,,38.220,0,37.116,0,37.492,0,122.5,26:13.607,14:32:02.430,0:38.220,0:37.116,0:37.492,186.2,,Am,,Toyota Gazoo Racing,GF,38.22,37.116,37.492,15.352,15.352,22.868,38.220,15.335,53.555,21.781,1:15.336,14.252,1:29.588,23.24,1:52.828,15.8,32.2,48.34,0.3863971399913779,0.3764717134026069,0,0.1306476532767693,-0.0017105415841683,0.2294631641811637,77.97936870235037,22.02063129764963,21.67692448896494,0,0,-1.677912925323728,0,0,0,Maintain current pace,21.953501694366324,0,112.828,112.828,0.0,0,High,-0.37518448172005603,0,0.3042872,22.189707
GR86-004-078,78,13.0,13.859632657262509,22.713104457922515,88.36254940711463,1.3392857142857142,5.0,150.0,1.7980143426310506,2.302585092994045,0.0,0.0,68.43941450524544,39.81984921477557,2.4385714285714286,100.05304347826086,6.554282546096502,101.73727272727274,734.0796451628082,-1.6554436781300137,44.1101855563273,129.6669234234234,32.05200500018226,64.5675,185.16,0.0095289957023652,0.374422169739162,-0.0807148640912227,0.866264939516381,78,1,13,1:52.575,0,,37.728,0,37.220,0,37.627,0,122.7,28:06.182,14:33:55.005,0:37.728,0:37.220,0:37.627,188.2,,Am,,Toyota Gazoo Racing,GF,37.728,37.22,37.627,15.476,15.476,22.252,37.728,15.423,53.151,21.797,1:14.948,14.319,1:29.267,23.308,1:52.575,15.8,32.2,48.34,0.3885102027521365,0.5195317202896177,0,0.0107274347913,0.1386213872847068,0.261907244845211,78.76707075466159,21.23292924533841,21.953501694366324,0,1,2.1750503430377286,0,0,1,Steering indecision - check driver fatigue or track confidence,21.35889042920249,0,112.575,112.828,0.2530000000000001,0,High,-0.3882525443207434,0,0.3042872,22.775846
GR86-004-078,78,14.0,13.111062584865962,19.01154064190116,71.60999999999999,1.4732142857142858,5.0,165.0,1.7299832056150817,2.302585092994045,0.0,0.0,68.91951202999422,38.18490295742516,2.4600000000000004,100.0435,6.555417114943803,87.1015,734.206716873706,-0.7174943190118699,43.80657430563546,130.04439285714287,31.50754843480052,65.74000000000001,188.148,0.0143341874828614,0.3862800386531244,-0.0844806087328275,0.8713641004830758,78,1,14,1:52.544,0,,37.821,0,37.115,0,37.608,0,122.8,29:58.726,14:35:47.549,0:37.821,0:37.115,0:37.608,187.2,,Am,,Toyota Gazoo Racing,GF,37.821,37.115,37.608,15.439,15.439,22.382,37.821,15.449,53.270,21.666,1:14.936,14.343,1:29.279,23.265,1:52.544,15.8,32.2,48.34,0.1906027754926961,0.3452336249131492,0,0.3704880902477079,0.0625148671892262,0.2053139391321749,77.39305545988907,22.60694454011093,21.35889042920249,0,0,-0.31803405976245,0,0,0,Maintain current pace,21.81871042901692,0,112.544,112.828,0.284000000000006,0,High,-0.39124987870646877,0,0.3042872,22.566824
GR86-004-078,78,15.0,14.541102903627646,22.65817138508561,80.44714285714286,1.3392857142857142,5.0,150.0,1.7921700177646265,2.163955656882057,0.0,0.0,69.85570915236283,39.11805223908064,2.409047619047619,100.02904761904765,6.350213904657713,86.92909090909092,711.2239573216639,-0.3910226131746647,43.21526944551731,130.08620982142858,31.3882697245352,64.37,187.0075,0.013757287014296,0.3680962050137947,-0.083867686039987,0.8719962938176842,78,1,15,1:52.245,0,,37.827,0,36.990,0,37.428,0,123.1,31:50.971,14:37:39.794,0:37.827,0:36.990,0:37.428,187.2,,Am,,Toyota Gazoo Racing,GF,37.827,36.99,37.428,15.439,15.439,22.388,37.827,15.371,53.198,21.619,1:14.817,14.149,1:28.966,23.279,1:52.245,15.8,32.2,48.34,0.568677735739665,0.5045583604773312,0,0.0107274347913,0.0458415673578509,0.3029361827957124,79.76320249784187,20.23679750215813,21.81871042901692,0,1,-0.1347912653494063,0,0,1,Steering indecision - check driver fatigue or track confidence,21.226559909350524,0,112.245,112.828,0.5829999999999984,0,High,-0.37578179619507585,0,0.3042872,22.342772
GR86-004-078,78,16.0,14.009288162087175,22.49457190543989,90.3545,1.3392857142857142,5.0,150.0,1.7103242301660797,2.1639556568820564,0.0,0.0,70.72965397157667,39.13065120072049,2.453684210526316,100.0295238095238,6.174724285657679,82.1,691.56911999366,-0.8489194093836135,44.06657497187718,130.65548214285715,31.15626086929453,66.6825,188.484,0.0134548203041011,0.3782830887405745,-0.0845491496377519,0.8757420057658146,78,1,16,1:52.497,0,,37.655,0,37.122,0,37.720,0,122.8,33:43.468,14:39:32.291,0:37.655,0:37.122,0:37.720,187.2,,Am,,Toyota Gazoo Racing,GF,37.655,37.122,37.72,15.317,15.317,22.338,37.655,15.457,53.112,21.665,1:14.777,14.271,1:29.048,23.449,1:52.497,15.8,32.2,48.34,0.4280762193846754,0.2948666587251596,0,0.0107274347913,0.0134103547939567,0.2050896811947832,77.3876107552183,22.612389244781696,21.226559909350524,0,0,-0.1323305198519655,0,0,0,Maintain current pace,21.785709208690307,0,112.497,112.828,0.331000000000003,0,High,-0.3701429126125158,0,0.3042872,23.026007
GR86-004-078,78,17.0,13.924797743902603,22.119311054121283,91.63470355731224,1.3963963963963963,5.0,155.0,1.8018103096138525,2.163955656882057,0.0,0.0,69.19831849463563,39.34036378491816,2.424117647058824,100.0290909090909,5.862927445113507,75.12863636363636,650.7849464075993,-1.6976764451572637,43.18608952763894,130.08628378378378,31.047891946271832,67.666,187.38,0.0125043019966293,0.3773048617182098,-0.089970238283026,0.8733834152501238,78,1,17,1:52.020,2,,37.576,0,36.945,2,37.499,0,123.4,35:35.488,14:41:24.311,0:37.576,0:36.945,0:37.499,188.2,,Am,,Toyota Gazoo Racing,GF,37.576,36.945,37.499,15.435,15.435,22.141,37.576,15.401,52.977,21.544,1:14.521,14.172,1:28.693,23.327,1:52.020,15.8,32.2,48.34,0.4057385894050934,0.5292571172803958,0,0.1641388854664048,-0.0017379272585705,0.2784828962357307,79.16950701888825,20.830492981111743,21.785709208690307,0,1,-0.0330012203266107,0,0,1,Steering indecision - check driver fatigue or track confidence,21.52175054533998,0,112.02,112.828,0.8079999999999927,0,High,-0.3771990464593811,0,0.3042872,23.31864
GR86-004-078,78,18.0,14.323095263790917,22.150155553525813,92.3723593073593,1.3063063063063065,5.0,145.0,1.7377154372909664,2.302585092994045,0.0,0.0,70.25092870079254,38.95555972234462,2.4272727272727272,100.02380952380952,6.219962583212584,77.15886363636363,690.4158467365968,-2.309287497228001,43.582458713760616,130.6251936936937,31.128370230471813,66.896,186.016,0.0154467671068357,0.3764340163809385,-0.0855348833665767,0.8824136341818146,78,1,18,1:52.110,0,,37.567,0,37.071,0,37.472,0,123.3,37:27.598,14:43:16.421,0:37.567,0:37.071,0:37.472,187.2,,Am,,Toyota Gazoo Racing,GF,37.567,37.071,37.472,15.396,15.396,22.171,37.567,15.33,52.897,21.741,1:14.638,14.111,1:28.749,23.361,1:52.110,15.8,32.2,48.34,0.5110407385980881,0.3650438664177116,0,-0.0778622761619286,0.0095116793090739,0.2338450146904724,78.08575459982252,21.91424540017748,21.52175054533998,0,0,0.2951906359894565,0,0,0,Maintain current pace,21.92792878166053,0,112.11,112.828,0.7180000000000035,0,High,-0.37793042209092526,0,0.3042872,22.710945
GR86-004-078,78,19.0,14.586843992496169,23.46097976278516,94.00545454545454,1.351351351351351,5.0,150.0,1.6821426940135966,2.302585092994045,0.0,0.0,70.47950068583249,39.2352878763524,2.4,100.0190909090909,6.230045956035087,72.23695652173913,691.5351011198946,-0.0468940355553627,42.90400024764114,130.4700960960961,31.1560111686361,65.418,185.9675,0.0126949485920881,0.3757849780907775,-0.0861261482871322,0.8819837621751417,78,1,19,1:52.224,0,,37.649,0,37.076,0,37.499,0,123.1,39:19.822,14:45:08.645,0:37.649,0:37.076,0:37.499,187.2,,Am,,Toyota Gazoo Racing,GF,37.649,37.076,37.499,15.405,15.405,22.244,37.649,15.342,52.991,21.734,1:14.725,14.316,1:29.041,23.183,1:52.224,15.8,32.2,48.34,0.5807707936267286,0.2226646010848779,0,0.0431383046522372,0.0133754505437603,0.2377056791114496,78.17948674526929,21.820513254730717,21.92792878166053,0,0,0.1422195729702231,0,0,0,Maintain current pace,21.497798302892537,0,112.224,112.828,0.6040000000000134,0,High,-0.3922417995456941,0,0.3042872,22.94737
GR86-004-078,78,20.0,13.974287751068806,21.83353629153828,88.78710869565217,1.3392857142857142,5.0,150.0,1.742876892847659,2.163955656882057,0.0,0.0,70.789673984598,38.52245726417837,2.409,100.00545454545454,6.466102731308615,82.17068181818182,724.2035059065648,-1.5214654038753006,41.83533015365959,130.44392410714286,31.5232300571369,64.10249999999999,187.908,0.0156927104560879,0.3772400011659622,-0.0823667482069799,0.870474823316607,78,1,20,1:52.028,0,,37.553,2,37.075,0,37.400,0,123.3,41:11.850,14:47:00.673,0:37.553,0:37.075,0:37.400,189.1,,Am,,Toyota Gazoo Racing,GF,37.553,37.075,37.4,15.255,15.255,22.298,37.553,15.381,52.934,21.694,1:14.628,14.211,1:28.839,23.189,1:52.028,15.8,32.2,48.34,0.4188227886731159,0.3782676917477311,0,0.0107274347913,0.0647069129489034,0.2282935660524528,77.9509723099266,22.0490276900734,21.497798302892537,0,0,-0.0239522424474429,0,0,0,Maintain current pace,21.80981012514172,0,112.028,112.828,0.8000000000000114,0,High,-0.3680965732967194,0,0.3042872,22.949196
GR86-004-078,78,21.0,13.763756644843602,20.32814612986784,75.49804347826088,1.4414414414414414,5.0,160.0,1.798736017488243,2.302585092994045,0.0,0.0,69.50886079194889,38.2724374336241,2.408636363636364,100.00619047619048,6.337725456681978,91.4254761904762,703.4875256916996,-1.4277851833229411,43.97121429172142,130.57823423423423,31.41295205910075,65.605,191.0325,0.012625440019948,0.3790843827188238,-0.0880871418834805,0.881115478361103,78,1,21,1:52.037,0,,37.581,0,37.031,0,37.425,0,123.3,43:03.887,14:48:52.710,0:37.581,0:37.031,0:37.425,188.2,,Am,,Toyota Gazoo Racing,GF,37.581,37.031,37.425,15.290,15.290,22.291,37.581,15.333,52.914,21.698,1:14.612,14.192,1:28.804,23.233,1:52.037,15.8,32.2,48.34,0.363162442197172,0.5213806759091626,0,0.2851394662805718,0.0492917720409359,0.2869939987826216,79.3761460361265,20.6238539638735,21.80981012514172,0,1,-0.1181186565188099,0,0,1,Steering indecision - check driver fatigue or track confidence,37.283799665288406,0,112.037,112.828,0.7909999999999968,0,High,-0.40917965245324167,0,0.3042872,26.372364
GR86-004-078,78,22.0,13.182650821852196,19.95290261624057,76.31363636363636,1.351351351351351,5.0,150.0,1.7901344746734482,2.302585092994045,0.0,0.0,69.65342166462877,38.754508606205455,2.4295652173913043,100.00130434782608,6.519115957133692,91.14891304347827,723.6218712418398,-1.3199292742771005,45.03161268822993,130.6000855855856,31.41706386351169,64.4625,189.518,0.0126651682664268,0.3802958703315907,-0.0875053581145114,0.8798818919405342,78,1,22,1:52.122,0,,37.693,0,37.092,0,37.337,2,123.2,44:56.009,14:50:44.832,0:37.693,0:37.092,0:37.337,189.1,,Am,,Toyota Gazoo Racing,GF,37.693,37.092,37.337,15.291,15.291,22.402,37.693,15.445,53.138,21.647,1:14.785,14.296,1:29.081,23.041,1:52.122,15.8,32.2,48.34,0.2095293186800643,0.499343229591516,0,0.0431383046522372,0.0498665380460266,0.1991520025043365,77.24345127852175,22.756548721478254,37.283799665288406,0,1,15.786001362395869,0,0,1,Steering indecision - check driver fatigue or track confidence,45.613772515995855,0,112.122,112.828,0.7060000000000031,0,High,-0.42576168177049056,0,0.4597331,40.708057
GR86-004-078,78,23.0,2.7839096318766687,11.021534627610936,90.39909090909092,0.261599210266535,5.0,265.0,0.4135045797416332,2.163955656882057,0.0,0.0,18.76092418420408,28.700661310047472,2.3966666666666665,100.00761904761904,1.1925676148466553,87.1765909090909,1208.070993839662,15.09631536831687,94.20459285762522,22.06141609081935,50.21087327385657,0.0,190.2225,-0.0083499462857101,0.1669073233851901,0.0042205020166219,0.3582274416828266,78,1,23,1:53.070,0,,37.943,0,37.586,0,37.541,0,122.2,46:49.079,14:52:37.902,0:37.943,0:37.586,0:37.541,187.2,,Am,,Toyota Gazoo Racing,FF,37.943,37.586,37.541,15.476,15.476,22.467,37.943,15.819,53.762,21.767,1:15.529,14.233,1:29.762,23.308,1:53.070,15.8,32.2,48.34,-2.539696427222629,-3.027629554482357,0,-2.8841679480750986,2.6769474192475875,-1.6837467670738837,31.529003689486547,68.47099631051346,45.613772515995855,0,0,23.80396239085413,0,0,0,Maintain current pace,,0,113.07,112.828,0.2419999999999902,0,Low,-0.5832297721608953,1,0.35896567,48.323723
GR86-006-007,7,1.0,9.243838345666468,20.271683659576013,97.22357142857142,1.048780487804878,5.0,1075.0,0.6692498848333506,2.302585092994045,0.0,0.0,24.53823067993092,32.283847615219706,2.456666666666667,100.09772727272728,2.243210899867275,61.88431818181818,2297.047961464089,-1.9731979884248845,27.99891943216221,39.37828120915033,53.22870616557881,0.0,186.164,0.0100058991908337,0.1872892539559137,-0.0349299112815755,0.4354718528705401,7,1,1,2:42.130,0,,51.679,0,51.517,0,58.934,0,85.2,2:42.130,14:08:30.953,0:51.679,0:51.517,0:58.934,141.2,,Am,,Toyota Gazoo Racing,GF,51.679,51.517,58.934,,,,51.679,21.634,1:13.313,29.883,1:43.196,21.279,2:04.475,37.655,2:42.130,15.8,32.2,48.34,-0.9475249749721234,-2.9718027817079,0,-1.123192381247304,1.6057963154773842,-1.0351074135579694,47.277162968984726,52.72283703101528,28.838694950192043,0,0,,0,0,0,Maintain current pace,27.116218938775894,0,162.13,115.383,46.74699999999999,0,Medium,-0.5337053061108005,1,0.3042872,28.478304
GR86-006-007,7,2.0,19.29248304297965,24.322741192495084,94.54652777777778,2.6082089552238807,5.0,699.0,1.7107631649844943,2.302585092994045,0.0,0.0,53.007503545527136,38.82487141347679,2.455,100.15565217391304,4.803359896548806,56.25068181818183,1287.30045227508,-4.686221272701417,37.88948976802723,109.11946268656716,30.71297126556265,52.36,186.272,0.0072656862765259,0.293288316998889,-0.0685411573399636,0.7380895242690398,7,1,2,1:55.383,0,,40.188,0,37.109,0,38.086,0,119.8,4:37.513,14:10:26.336,0:40.188,0:37.109,0:38.086,187.2,,Am,,Toyota Gazoo Racing,GF,40.188,37.109,38.086,17.182,17.182,23.006,40.188,15.448,55.636,21.661,1:17.297,14.398,1:31.695,23.688,1:55.383,15.8,32.2,48.34,1.6640422395413943,0.55109646865878,0,2.4051211117798736,-0.6536963529570674,0.9323853204983876,95.0454471306312,4.954552869368811,27.116218938775894,1,0,,0,0,1,High error bursts detected - suggest 1-lap cool down,16.94385932974193,0,115.383,115.383,0.0,0,High,-0.5116057564820521,0,0.3042872,24.36638
GR86-006-007,7,3.0,13.911765345759726,22.037478301904763,86.32428571428572,1.4601769911504423,5.0,330.0,1.755623340261311,2.163955656882057,0.0,0.0,69.54871605509395,39.66603374804234,2.453181818181818,100.14818181818184,5.228998531060562,65.03304347826086,1181.753668019687,-4.524680019594967,40.61510426085748,128.69755309734515,30.743253938013268,61.42,187.585,0.0186361064122465,0.357514912384842,-0.0863295142266745,0.8490055661525931,7,1,3,1:52.742,0,,37.900,0,37.214,0,37.628,0,122.6,6:30.255,14:12:19.078,0:37.900,0:37.214,0:37.628,187.2,,Am,,Toyota Gazoo Racing,GF,37.9,37.214,37.628,15.558,15.558,22.342,37.900,15.476,53.376,21.738,1:15.114,14.222,1:29.336,23.406,1:52.742,15.8,32.2,48.34,0.2656341604529283,0.7028351750832255,0,-0.192379673857923,-0.650657434765562,0.1614763473514401,76.3287330840564,23.671266915943605,16.94385932974193,0,0,-11.894835620450111,1,0,1,Focus dropped 12 points - consider radio reminder,23.22126945527988,0,112.742,115.383,2.64100000000002,0,High,-0.37523486508422593,0,0.3042872,21.503607
GR86-006-007,7,4.0,15.038942170812051,21.797840105256967,91.58863354037268,1.4732142857142858,5.0,330.0,1.7170057375931072,2.302585092994045,0.0,0.0,68.14170375342383,38.68654433734813,2.4633333333333334,100.11181818181818,5.49543724519205,72.60595238095237,1230.977942923019,-2.9070055264148515,38.46189762246517,129.87704613095238,30.81395433367378,62.4475,188.138,0.0177364949397951,0.3675627723552441,-0.0890547264414919,0.8673306723597535,7,1,4,1:52.265,0,,37.534,2,37.226,0,37.505,0,123.1,8:22.520,14:14:11.343,0:37.534,0:37.226,0:37.505,189.1,,Am,,Toyota Gazoo Racing,GF,37.534,37.226,37.505,15.405,15.405,22.129,37.534,15.42,52.954,21.806,1:14.760,14.185,1:28.945,23.32,1:52.265,15.8,32.2,48.34,0.5585789435492181,0.5722118541102745,0,-0.1628819038202165,-0.6435625286317086,0.2218381081561307,77.79424179608662,22.205758203913376,23.22126945527988,0,0,-3.894949483496017,0,0,0,Maintain current pace,24.19144004695724,0,112.265,115.383,3.118000000000009,0,High,-0.37688875970618474,0,0.3042872,28.790339
GR86-006-007,7,5.0,14.312786345194416,21.749819642235032,91.31536231884056,1.390134529147982,5.0,310.0,1.7335419963836525,2.163955656882057,0.0,0.0,68.63764940022472,39.38788202815413,2.4325,100.06318181818182,5.5756720831778,68.17568181818181,1243.3748745486494,-3.654498835156628,37.57985900859653,130.56773318385652,31.38292331294364,62.9375,187.006,0.0177540139408945,0.3685065495807428,-0.0878899358467687,0.8688988482626525,7,1,5,2:06.292,0,,37.850,0,40.628,0,47.814,0,109.4,10:28.812,14:16:17.635,0:37.850,0:40.628,0:47.814,182.1,,Am,,Toyota Gazoo Racing,FCY,37.85,40.628,47.814,15.534,15.534,22.316,37.850,15.474,53.324,25.154,1:18.478,17.802,1:36.280,30.012,2:06.292,15.8,32.2,48.34,0.3698565034655246,0.6281454411391673,0,-0.3508555314759063,-0.5864655143465584,0.1567184301684074,76.21321675401734,23.78678324598266,24.19144004695724,0,0,7.24758071721531,0,0,0,Maintain current pace,30.50699952340585,0,126.292,115.383,10.908999999999992,0,High,-0.36649576447993054,0,0.3042872,32.840786
GR86-006-007,7,6.0,13.333743208071295,19.85215779633475,80.56612648221345,1.3900414937759336,5.0,335.0,1.679894270055942,2.302585092994045,0.0,0.0,52.85615867193549,40.17020764440812,2.446086956521739,100.07,4.414539714700541,71.41045454545454,1063.9040712428305,-4.29081658355128,39.12227554856379,121.20329875518672,32.04160226122633,56.47,185.03,0.0021255701998534,0.3152712446078098,-0.0671042418071729,0.7909876050888249,7,1,6,2:54.773,0,,1:03.422,0,57.786,0,53.565,0,79.1,13:23.585,14:19:12.408,1:03.422,0:57.786,0:53.565,127.1,,Am,,Toyota Gazoo Racing,FCY,63.422,57.786,53.565,22.826,22.826,40.596,1:03.422,27.384,1:30.806,30.402,2:01.208,20.705,2:21.913,32.86,2:54.773,15.8,32.2,48.34,0.1154105522429827,0.4466830071351179,0,-0.3510660303640477,-0.5203659505923329,0.0415974178428338,73.41822130902432,26.58177869097568,30.50699952340585,0,0,7.285730068125968,0,0,0,Maintain current pace,33.16242993640669,0,174.773,115.383,59.38999999999999,1,High,-0.38945182516460486,0,0.3042872,34.01991
GR86-006-007,7,7.0,8.38381126064021,14.21309666891841,78.0994861660079,1.1267605633802815,5.0,320.0,1.528434361993,2.163955656882057,0.0,0.0,34.60326995023021,36.79457014335691,2.4321739130434783,99.8290909090909,2.4753561610108608,67.91904761904762,703.0011497270845,-4.7502427523645805,33.61644386493952,102.089786971831,32.36308728166352,36.138,184.916,-0.0008273570131674,0.2435819284031667,-0.0738044129868831,0.6448961741557495,7,1,7,2:47.181,0,,54.437,0,1:01.008,0,51.736,0,82.7,16:10.766,14:21:59.589,0:54.437,1:01.008,0:51.736,118.0,,Am,,Toyota Gazoo Racing,FCY,54.437,61.008,51.736,22.462,22.462,31.975,54.437,27.121,1:21.558,33.887,1:55.445,19.618,2:15.063,32.118,2:47.181,15.8,32.2,48.34,-1.171039548977188,-0.0656273078117179,0,-0.9467571303919992,-0.4881043766346113,-0.5585426988683468,58.8475633667408,41.1524366332592,33.16242993640669,0,0,8.970989889449449,0,0,0,Maintain current pace,28.056780529818514,0,167.18099999999998,115.383,51.79799999999997,0,Medium,-0.4198204820461561,0,0.3042872,30.234463
GR86-006-007,7,8.0,9.036872256266234,15.759482975806446,87.04154150197628,1.7849162011173183,5.0,639.0,1.4671615351631502,2.163955656882057,0.0,0.0,31.945290359835543,36.1306094379522,2.43,99.90652173913044,2.937265370035312,72.46227272727273,1051.5410024726418,-9.74584839622776,42.41414406821051,84.917131826742,48.772468104306206,0.0,187.652,0.0006860288152717,0.2351972447354584,-0.0636371894593252,0.5978629960826488,7,1,8,2:29.461,0,,48.322,0,48.912,0,52.227,0,92.5,18:40.227,14:24:29.050,0:48.322,0:48.912,0:52.227,125.0,,Am,,Toyota Gazoo Racing,GF,48.322,48.912,52.227,21.103,21.103,27.219,48.322,21.6,1:09.922,27.312,1:37.234,19.956,1:57.190,32.271,2:29.461,15.8,32.2,48.34,-1.0013139057060607,-0.2728815020889147,0,0.5423649843164197,1.1586051723521038,-0.1713992823513735,68.24692551501481,31.75307448498519,28.056780529818514,0,0,-2.450218993587334,0,0,0,Maintain current pace,22.207714121901123,0,149.461,115.383,34.078,0,High,-0.4433723874041106,0,0.3042872,26.53428
GR86-006-007,7,9.0,18.677151085465848,23.753345835579733,89.78045454545455,2.272030651340996,5.0,593.0,1.6130412487230263,2.302585092994045,0.0,0.0,51.57814991606119,39.53095729446643,2.435,99.95045454545452,3.9725557119765473,56.05195652173913,1036.8370408258788,-5.006723679627491,34.863145141951115,112.2962816091954,29.197925841905786,61.675,184.764,0.0149412162349371,0.2832218838275862,-0.0807464152578529,0.7332463297425604,7,1,9,1:52.590,0,,38.022,0,37.057,0,37.511,0,122.7,20:32.817,14:26:21.640,0:38.022,0:37.057,0:37.511,190.1,,Am,,Toyota Gazoo Racing,GF,38.022,37.057,37.511,15.752,15.752,22.27,38.022,15.36,53.382,21.697,1:15.079,14.124,1:29.203,23.387,1:52.590,15.8,32.2,48.34,1.5041220896414635,0.2205539089979358,0,1.6444947217690844,-0.805733763341367,0.6724759360731489,88.73516952878884,11.264830471211155,22.207714121901123,1,0,-10.954715814505564,1,0,2,High error bursts detected - suggest 1-lap cool down | Focus dropped 11 points - consider radio reminder,19.435193342007505,0,112.59,115.383,2.7930000000000064,0,High,-0.4709869774209902,0,0.3042872,21.630474
GR86-006-007,7,10.0,14.59419301726847,22.583090417531544,91.12395454545454,1.4125560538116593,5.0,315.0,1.7088485275822596,2.163955656882057,0.0,0.0,68.84650097372352,39.44525336279959,2.4425,100.01739130434784,5.351554072955272,70.79108695652175,1193.3965582690255,-3.9973712460932194,37.07363144298468,130.2747100149477,31.264208757949163,61.5625,188.3475,0.0170984521987836,0.3706914300771575,-0.0920520861203742,0.8671767039159284,7,1,10,1:52.594,0,,37.715,0,37.321,0,37.558,0,122.7,22:25.411,14:28:14.234,0:37.715,0:37.321,0:37.558,189.1,,Am,,Toyota Gazoo Racing,GF,37.715,37.321,37.558,15.498,15.498,22.217,37.715,15.338,53.053,21.983,1:15.036,14.199,1:29.235,23.359,1:52.594,15.8,32.2,48.34,0.44299198201722,0.5446202433454764,0,-0.3001252994338887,-0.5983787238348387,0.1641959881429679,76.39476259049297,23.605237409507023,19.435193342007505,0,0,-8.62158718781101,0,0,0,Maintain current pace,26.18493889453143,0,112.594,115.383,2.789000000000016,0,High,-0.35916060911243863,0,0.3042872,22.064892
GR86-006-007,7,11.0,14.281736393366828,22.29106037219925,88.14227272727273,1.4864864864864864,5.0,330.0,1.716993021920025,2.163955656882057,0.0,0.0,68.9220934933444,39.62936185900362,2.442222222222222,100.0191304347826,5.194005652013324,72.325,1153.069254746958,-2.842856955731501,36.40278796993076,130.04615765765766,31.201845977483973,63.384,188.175,0.0171105550653033,0.3677383801975552,-0.0912522542836245,0.8677733633249985,7,1,11,1:55.052,0,,37.583,0,39.594,0,37.875,0,120.1,24:20.463,14:30:09.286,0:37.583,0:39.594,0:37.875,184.3,,Am,,Toyota Gazoo Racing,GF,37.583,39.594,37.875,15.442,15.442,22.141,37.583,15.517,53.100,24.077,1:17.177,14.464,1:31.641,23.411,1:55.052,15.8,32.2,48.34,0.361786854408589,0.5721688435831664,0,-0.1328526424304802,-0.6046369359638233,0.1711866772574139,76.56448785469567,23.43551214530433,26.18493889453143,0,0,3.977224772630308,0,0,0,Maintain current pace,32.33123517273298,0,115.052,115.383,0.3310000000000173,0,High,-0.36718014001744814,0,0.3042872,25.923468
GR86-006-007,7,12.0,10.650574721374625,18.421520833317462,86.57986363636363,1.4203389830508475,5.0,419.0,1.5187164703810347,2.302585092994045,0.0,0.0,38.54090638044294,38.98240087375223,2.4047619047619047,100.01714285714286,3.253823683027973,58.67931818181818,959.877986493252,-1.9172451454746808,37.34454654967763,99.9854627118644,45.20140673500587,14.3625,184.116,-0.0065721898195046,0.2604500029646616,-0.0615548657697809,0.6787961291793837,7,1,12,2:16.173,0,,1:00.849,0,37.571,0,37.753,0,101.5,26:36.636,14:32:25.459,1:00.849,0:37.571,0:37.753,185.2,,Am,,Toyota Gazoo Racing,GF,60.849,37.571,37.753,15.474,15.474,45.375,1:00.849,15.73,1:16.579,21.841,1:38.420,14.361,1:52.781,23.392,2:16.173,15.8,32.2,48.34,-0.5819247662946991,-0.0984978949922953,0,-0.282515890074219,0.8002430305746299,-0.1615549840901534,68.48593287121706,31.51406712878294,32.33123517273298,0,0,12.896041830725476,0,0,0,Maintain current pace,36.77909668644731,0,136.173,115.383,20.789999999999992,0,High,-0.3966959036779386,0,0.3042872,29.984241
GR86-006-007,7,13.0,6.807849629476168,14.332092023242474,81.18541501976284,1.2140077821011672,5.0,312.0,1.3026007009531255,2.302585092994045,0.0,0.0,29.210335906803422,38.20163182854745,2.4169565217391304,99.96,2.892225004487885,47.64431818181818,743.3018261533863,25.35539487608765,118.60626802076258,56.63054085603113,57.02695453249501,0.0,185.605,0.0108371301257823,0.2120255736831861,-0.0059928434670341,0.5358251437039736,7,1,13,1:52.843,0,,38.308,0,37.196,0,37.339,2,122.5,28:29.479,14:34:18.302,0:38.308,0:37.196,0:37.339,187.2,,Am,,Toyota Gazoo Racing,GF,38.308,37.196,37.339,15.583,15.583,22.725,38.308,15.64,53.948,21.556,1:15.504,14.11,1:29.614,23.229,1:52.843,15.8,32.2,48.34,-1.5806201293692606,-0.8295054554523141,0,-0.7493543347693885,1.9869570626637505,-0.59526984662289,57.95587375588832,42.04412624411168,36.77909668644731,0,0,10.59415779191588,0,0,0,Maintain current pace,,0,112.843,115.383,2.5400000000000063,0,Medium,-0.5237991858694346,0,0.35191256,37.868828
GR86-008-113,113,1.0,10.015458362871936,20.37179089325312,94.7318577075099,1.3162393162393162,5.0,462.0,1.2067803639345298,2.302585092994045,0.0,0.0,37.61546824003198,41.21432105251735,2.4560000000000004,100.13,4.466044343694405,107.6925,1567.5815646367362,5.79453393861049,90.92049400422668,67.65049855072463,60.79636192306796,0.0,186.6375,0.0098667560394433,0.248139365637589,-0.0520373948866675,0.5736118175137314,113,1,1,2:43.492,0,,58.042,0,51.132,0,54.318,0,84.5,2:43.492,14:08:32.315,0:58.042,0:51.132,0:54.318,146.1,,Am,,Toyota Gazoo Racing,GF,58.042,51.132,54.318,,,,58.042,23.071,1:21.113,28.061,1:49.174,20.949,2:10.123,33.369,2:43.492,15.8,32.2,48.34,-0.6703178778179621,-1.4510526578829728,0,0.0357701212021781,1.6426964179266146,-0.3942233678431437,62.83703299059087,37.16296700940913,29.709856471438208,0,0,,0,0,0,Maintain current pace,25.77559069935579,0,163.492,119.337,44.15499999999999,0,Medium,-0.5130944687728936,0,0.3042872,29.000343
GR86-008-113,113,2.0,14.81796541838079,23.763853819677035,91.49399209486164,1.25,5.0,140.0,1.6914703833579938,2.025326220770068,0.0,0.0,72.44611507682957,37.54685591565991,2.501904761904762,100.00772727272728,7.47063124494519,89.74304347826087,836.7106994338614,-11.32822578839108,40.50642808626188,128.54257142857142,30.7298064143776,62.425,186.076,0.009211884405572,0.381774758299452,-0.0972234089732731,0.8531068688217817,113,1,2,1:59.337,0,,42.640,0,38.285,0,38.412,0,115.8,4:42.829,14:10:31.652,0:42.640,0:38.285,0:38.412,182.1,,Am,,Toyota Gazoo Racing,GF,42.64,38.285,38.412,17.671,17.671,24.969,42.640,15.857,58.497,22.428,1:20.925,14.54,1:35.465,23.872,1:59.337,15.8,32.2,48.34,0.4068157719510362,0.6814964008299295,0,-0.208020495689682,-0.4147774538638804,0.2197380120529528,77.74325406653271,22.25674593346729,25.77559069935579,0,0,,0,0,0,Maintain current pace,20.67917850940848,0,119.337,119.337,0.0,0,High,-0.41668278339714077,0,0.3042872,24.074736
GR86-008-113,113,3.0,15.475656392003442,24.7936218605276,87.96513833992095,1.3839285714285714,5.0,155.0,1.7406347418484496,2.163955656882057,0.0,0.0,73.8760432799602,38.177014836824405,2.480952380952381,100.00619047619048,7.210034505155818,91.9715909090909,807.5238645774516,-12.916730618630853,38.67986933701331,128.93032589285716,31.73616976431629,65.77,185.164,0.0092279752661934,0.3827409846119877,-0.0901736969293646,0.8568574852949219,113,1,3,1:54.744,0,,38.587,0,38.080,0,38.077,0,120.4,6:37.573,14:12:26.396,0:38.587,0:38.080,0:38.077,185.2,,Am,,Toyota Gazoo Racing,GF,38.587,38.08,38.077,15.714,15.714,22.873,38.587,15.57,54.157,22.51,1:16.667,14.561,1:31.228,23.516,1:54.744,15.8,32.2,48.34,0.5543264514045265,0.8978107506606895,0,0.2848971686481228,-0.3459113578646915,0.3988940625972795,82.09294084480905,17.90705915519095,20.67917850940848,0,0,-9.030677962029731,0,0,0,Maintain current pace,20.123149143214448,0,114.744,119.337,4.593000000000004,0,High,-0.38151839279614275,0,0.3042872,20.483936
GR86-008-113,113,4.0,15.447480278429936,24.716611253096136,88.09818181818183,1.2719298245614037,5.0,145.0,1.644420114595229,2.302585092994045,0.0,0.0,75.02171685660488,37.04569379302718,2.5069565217391303,99.99363636363636,8.182816699604743,91.35568181818182,932.8411037549408,-10.109561210240978,41.03477555253869,127.5748201754386,32.639012878960536,60.9375,185.336,0.0110164831747598,0.3848309285255316,-0.0922166055598903,0.845154198314443,113,1,4,1:53.427,0,,38.192,0,37.357,0,37.878,0,121.8,8:31.000,14:14:19.823,0:38.192,0:37.357,0:37.878,187.2,,Am,,Toyota Gazoo Racing,GF,38.192,37.357,37.878,15.760,15.760,22.432,38.192,15.476,53.668,21.881,1:15.549,14.337,1:29.886,23.541,1:53.427,15.8,32.2,48.34,0.5480069520890756,0.474483666213332,0,-0.1273088313536665,-0.2841292186312972,0.235513755613876,78.1262695604328,21.8737304395672,20.123149143214448,0,0,-5.652441556141341,0,0,0,Maintain current pace,20.34888921314688,0,113.427,119.337,5.910000000000011,0,High,-0.40040172098056714,0,0.3042872,25.681532
GR86-008-113,113,5.0,14.756229966609752,25.325720292075417,91.05822134387353,1.2831858407079646,5.0,145.0,1.7361179708421173,2.163955656882057,0.0,0.0,74.23510109726146,38.25822203122184,2.4677272727272728,99.98652173913044,7.598792618928248,91.66782608695652,858.663565938892,-12.09461320319866,37.50606540009493,129.04997345132745,31.52307557326066,63.3375,186.72,0.0101953244873683,0.3858105387253309,-0.0928496302674182,0.844016553493356,113,1,5,2:03.150,0,,37.929,0,41.911,0,43.310,0,112.2,10:34.150,14:16:22.973,0:37.929,0:41.911,0:43.310,179.1,,Am,,Toyota Gazoo Racing,FCY,37.929,41.911,43.31,15.451,15.451,22.478,37.929,17.507,55.436,24.404,1:19.840,15.947,1:35.787,27.363,2:03.150,15.8,32.2,48.34,0.392969393024846,0.8779377692251874,0,-0.0858816054112878,-0.3604935314096647,0.2884436662610909,79.4113421651148,20.5886578348852,20.34888921314688,0,0,-0.3302892962615971,0,0,0,Maintain current pace,23.649176850103885,0,123.15,119.337,3.8130000000000015,0,High,-0.373819836896446,0,0.3042872,31.204655
GR86-008-113,113,6.0,15.478483754401376,23.61560785942143,87.03006211180124,1.4473684210526316,5.0,165.0,1.6843861946324945,2.163955656882057,0.0,0.0,71.27462238572937,38.18431742923532,2.49,99.985,7.207323918464365,79.16181818181818,821.6349267049376,-11.59075327206906,36.098736170501816,127.13242105263156,31.555550911317024,66.812,183.005,0.0122504608854151,0.375708074285825,-0.0857465335219912,0.8423677635043485,113,1,6,2:56.865,0,,1:05.823,0,57.463,0,53.579,0,78.1,13:31.015,14:19:19.838,1:05.823,0:57.463,0:53.579,147.1,,Am,,Toyota Gazoo Racing,FCY,65.823,57.463,53.579,25.038,25.038,40.785,1:05.823,28.652,1:34.475,28.811,2:03.286,20.227,2:23.513,33.352,2:56.865,15.8,32.2,48.34,0.5549605883550205,0.650327242413426,0,0.5183844833344519,-0.3582712229876301,0.3710005373112674,81.41572063501175,18.584279364988248,23.649176850103885,0,0,3.526027706889437,0,0,0,Maintain current pace,22.635792220123477,0,176.865,119.337,57.528000000000006,1,High,-0.3717619294497057,0,0.3042872,29.696226
GR86-008-113,113,7.0,10.32035708626404,19.594822064072584,77.78485645933014,1.207729468599034,5.0,250.0,1.4222284430297634,2.163955656882057,0.0,0.0,41.86416155129896,43.29921735770414,2.4773913043478264,99.9804347826087,4.336567698544542,67.80260869565218,897.6695135987202,-15.461971959290898,45.8519167243187,75.24663300492611,64.35383356956157,0.0,183.48,0.0020934736308736,0.2778096153907866,-0.0648109592217731,0.6285117715711893,113,1,7,2:47.524,0,,55.045,0,1:00.615,0,51.864,0,82.5,16:18.539,14:22:07.362,0:55.045,1:00.615,0:51.864,134.2,,Am,,Toyota Gazoo Racing,FCY,55.045,60.615,51.864,23.253,23.253,31.792,55.045,27.201,1:22.246,33.414,1:55.660,19.308,2:14.968,32.556,2:47.524,15.8,32.2,48.34,-0.6019334546528724,-0.5031197938587442,0,-0.363595153033014,1.8861365073702003,-0.1722856070784797,68.22540664956179,31.77459335043821,22.635792220123477,0,0,2.286903006976594,0,0,0,Maintain current pace,23.25948086700849,0,167.524,119.337,48.187,0,High,-0.4754048061388585,0,0.3042872,27.731222
GR86-008-113,113,8.0,16.993475420949448,24.0752102799424,80.30730848861283,1.415929203539823,5.0,160.0,1.6473640558422755,2.025326220770068,0.0,0.0,74.93477751765997,36.58370834164343,2.468636363636364,99.97909090909091,8.098692741464001,84.71934782608696,915.152279785432,-9.245835053109005,36.23764362917807,128.15446607669617,31.380742235518643,63.0475,186.335,0.0088318852239206,0.3930066817818928,-0.0913740548729198,0.8457479542171121,113,1,8,2:26.856,0,,46.858,0,48.093,0,51.905,0,94.1,18:45.395,14:24:34.218,0:46.858,0:48.093,0:51.905,148.1,,Am,,Toyota Gazoo Racing,GF,46.858,48.093,51.905,21.401,21.401,25.457,46.858,23.245,1:10.103,24.848,1:34.951,19.86,1:54.811,32.045,2:26.856,15.8,32.2,48.34,0.8947515525945593,0.4874364791116928,0,0.4026739557022887,-0.3702334939206443,0.4136623295195698,82.45149605505604,17.54850394494396,23.25948086700849,0,0,-0.3896959830953932,0,0,0,Maintain current pace,21.486793637359188,0,146.856,119.337,27.51899999999999,0,High,-0.43029286104912845,0,0.3042872,22.25176
GR86-008-113,113,9.0,15.805054486882725,24.66394419864377,92.94232620320857,1.238938053097345,5.0,140.0,1.7008570563876455,2.025326220770068,0.0,0.0,73.61059907698561,37.80764353923253,2.520909090909091,99.96863636363636,7.480876304406124,90.10195652173914,845.339022397892,-10.148388251854623,39.13668944235499,127.76782300884956,31.25027541713778,63.620000000000005,184.972,0.0098630173684154,0.3824183044054522,-0.0856145549689727,0.8474489123405231,113,1,9,1:53.490,0,,38.066,0,37.497,0,37.927,0,121.8,20:38.885,14:26:27.708,0:38.066,0:37.497,0:37.927,187.2,,Am,,Toyota Gazoo Racing,GF,38.066,37.497,37.927,15.760,15.760,22.306,38.066,15.58,53.646,21.917,1:15.563,14.291,1:29.854,23.636,1:53.490,15.8,32.2,48.34,0.6282057332178216,0.7227960767705239,0,-0.2487334591158136,-0.379161422824129,0.2939345780081924,79.5446546943567,20.455345305643306,21.486793637359188,0,0,-1.1489985827642857,0,0,0,Maintain current pace,38.604099866420505,0,113.49,119.337,5.846999999999994,0,High,-0.3989108258558591,0,0.3042872,20.92912
GR86-008-113,113,10.0,12.511042593638244,19.301771553505016,90.164209486166,1.8611111111111112,5.0,335.0,1.2792351091979102,2.163955656882057,0.0,0.0,26.83656945388284,33.17962704182037,2.430434782608696,99.94,2.3131880790304704,57.318260869565215,416.3738542254847,-8.070066402831849,31.576449913572347,82.97295277777778,45.09567845860192,12.254,179.71,-0.0236837228419093,0.1914847857671746,-0.0434996841136658,0.5816563206936475,113,1,10,1:53.963,0,,38.025,0,37.870,0,38.068,0,121.2,22:32.848,14:28:21.671,0:38.025,0:37.870,0:38.068,187.2,,Am,,Toyota Gazoo Racing,GF,38.025,37.87,38.068,15.626,15.626,22.399,38.025,15.664,53.689,22.206,1:15.895,14.357,1:30.252,23.711,1:53.963,15.8,32.2,48.34,-0.1105940253130846,-1.1322647880718766,0,2.041144550473932,0.5682884769153816,0.0467561256507334,73.5434683385097,26.456531661490303,38.604099866420505,0,0,15.344618999412011,0,0,0,Maintain current pace,47.6784771468091,0,113.963,119.337,5.374000000000009,0,High,-0.447861024195662,0,0.390958,42.870995
GR86-008-113,113,11.0,1.4243033341146758,2.3944435992874338,13.377826086956524,0.695364238410596,4.0,105.0,1.148869253583021,2.302585092994045,0.0,0.0,5.256282513668408,3.36226315972724,2.4795454545454545,20.03090909090909,0.3815661634650981,8.115,57.61649068322981,-12.401069354668246,57.5913499058851,18.72948344370861,13.64146538956589,0.0,62.2,-0.0223994806500322,0.0621066166890614,-0.0047270119157013,0.1151347489814729,113,1,11,1:55.076,0,,38.706,0,38.601,0,37.769,0,120.1,24:27.924,14:30:16.747,0:38.706,0:38.601,0:37.769,185.2,,Am,,Toyota Gazoo Racing,GF,38.706,38.601,37.769,16.143,16.143,22.563,38.706,15.9,54.606,22.701,1:17.307,14.344,1:31.651,23.425,1:55.076,15.8,32.2,48.34,-2.597191084852968,-1.7058511454112073,0,-2.249330734757501,-1.5841437007102637,-1.7014340920933435,31.099577367872104,68.9004226321279,47.6784771468091,0,0,26.191683509449916,0,0,0,Maintain current pace,,0,115.076,119.337,4.26100000000001,0,Low,-0.743970221329314,1,0.46197563,48.61939
GR86-009-005,5,1.0,10.9951648671612,18.880255269086344,90.8068181818182,1.1552631578947368,5.0,439.0,1.015908698289692,2.19722457733622,0.0,0.0,26.555876273165133,31.34465132807043,2.410434782608696,100.0186956521739,6.27236736064251,56.446000000000005,2383.4995970441537,-10.489426571117136,72.26645528167414,61.44918700265252,51.92419917036965,0.0,149.5275,0.0016789957719079,0.2025918590961755,-0.0448400315476,0.4708473444227425,5,1,1,2:44.499,0,,1:03.218,0,50.489,0,50.792,0,84.0,2:44.499,14:08:33.322,1:03.218,0:50.489,0:50.792,153.2,,Am,,Toyota Gazoo Racing,GF,63.218,50.489,50.792,,,,1:03.218,23.654,1:26.872,26.835,1:53.707,21.293,2:15.000,29.499,2:44.499,15.8,32.2,48.34,-0.4054638006508159,-0.6680833410708041,0,0.0928799838388292,1.4889870320652567,-0.1258292746805957,69.35330880069954,30.646691199300463,23.991645217593717,0,0,,0,0,0,Maintain current pace,36.96788084045179,0,164.499,118.6735,45.825500000000005,0,High,-0.5041312708317967,0,0.3042872,28.411966
GR86-009-005,5,2.0,16.238403976340805,23.301030506894943,92.68623188405796,1.4610389610389611,5.0,225.0,1.620954420267158,2.302585092994045,0.0,0.0,45.86690116257322,39.44047344078621,2.440454545454545,100.02090909090909,4.807947996434802,73.62522727272727,740.4239914509594,22.704477645721,51.46362397031043,96.39859415584417,40.17488682149786,35.1875,179.635,-0.0265834122250276,0.315036921062746,-0.0432236862834284,0.5933442892987139,5,1,2,2:35.188,0,B,43.087,0,40.103,0,1:11.998,0,89.0,5:19.687,14:11:08.510,0:43.087,0:40.103,1:11.998,179.1,,Am,,Toyota Gazoo Racing,GF,43.087,40.103,71.998,18.135,18.135,24.952,43.087,16.561,59.648,23.542,1:23.190,18.359,1:41.549,53.639,2:35.188,15.8,32.2,48.34,0.5272384633200548,0.4280212221379004,0,0.8014258868095563,0.3699958922318697,0.4223903167751119,82.66340076411304,17.336599235886965,36.96788084045179,0,0,,0,0,0,Maintain current pace,34.19231335727289,0,155.188,118.6735,36.5145,0,High,-0.4423598677077918,0,0.35361257,33.97394
GR86-009-005,5,3.0,1.755259260788983,8.909404764312526,80.15666007905139,0.2106969205834684,5.0,260.0,0.2517051515870547,2.302585092994045,0.0,0.0,13.14940033721231,20.405772770444607,2.4143478260869564,99.4382608695652,1.09130022377911,56.23681818181819,1346.6644761434218,5.741328389620689,190.2980510674544,12.078314424635332,34.937751291794,0.0,180.9325,-0.0027964639326206,0.1071189259957388,0.0650949432371957,0.2301066937195812,5,1,3,20:34.526,0,B,18:49.661,0,38.398,0,1:06.467,0,11.2,25:54.213,14:31:43.036,18:49.661,0:38.398,1:06.467,180.0,0:18:46.455,Am,,Toyota Gazoo Racing,GF,1129.661,38.398,66.467,18:25.977,18:25.977,23.684,18:49.661,16.3,19:05.961,22.098,19:28.059,14.701,19:42.760,51.766,20:34.526,15.8,32.2,48.34,-2.049119697032195,-2.0525192015928195,0,-2.095875734074216,-0.1287829368464102,-1.4551253633036367,37.079647913832055,62.920352086167945,34.19231335727289,0,0,10.200668139679172,0,0,0,Maintain current pace,34.06651776122892,0,1234.526,118.6735,1115.8525,1,Medium,-0.6288162797649662,1,0.31127515,32.916397
GR86-009-005,5,4.0,16.154397121167307,22.25416128040935,86.03714285714284,1.1904761904761905,5.0,150.0,1.5505116669811227,2.163955656882057,0.0,0.0,64.34872803829481,38.35185962732268,2.455909090909091,99.52318181818184,4.135896352985639,57.27659090909091,521.1229404761905,-2.328209363675202,38.3880565089368,115.43991666666666,32.31801806823866,49.7375,174.802,0.0293253638126308,0.3205564719717936,-0.111610365485676,0.7538177021719223,5,1,4,2:07.451,0,,49.125,0,38.526,0,39.800,0,108.4,28:01.664,14:33:50.487,0:49.125,0:38.526,0:39.800,175.0,0:00:46.614,Am,,Toyota Gazoo Racing,GF,49.125,38.526,39.8,26.386,26.386,22.739,49.125,16.264,1:05.389,22.262,1:27.651,15.145,1:42.796,24.655,2:07.451,15.8,32.2,48.34,0.5122947648966473,0.3004066956365728,0,0.1744758776610609,-0.378283348346414,0.2171331501926551,77.68001125023626,22.319988749763738,34.06651776122892,0,0,-2.9013630792228757,0,0,0,Maintain current pace,20.085277307944263,0,127.451,118.6735,8.777500000000003,0,High,-0.4179843248781574,0,0.305014,29.491955
GR86-009-005,5,5.0,18.448402398019567,23.670291897514456,89.40743083003954,1.3135593220338984,5.0,155.0,1.687049870319922,2.163955656882057,0.0,0.0,62.5673476264101,38.281426938654064,2.459047619047619,99.61190476190475,5.217005253868744,62.00521739130436,615.6066199565118,-2.696701643487025,41.62280901656178,122.96405084745764,31.662767164315664,52.275,180.33,0.0063605835030397,0.3432402353965161,-0.0696450238781115,0.8089891179624235,5,1,5,1:59.171,0,,41.589,0,39.154,0,38.428,0,115.9,30:00.835,14:35:49.658,0:41.589,0:39.154,0:38.428,182.1,,Am,,Toyota Gazoo Racing,GF,41.589,39.154,38.428,16.066,16.066,25.523,41.589,16.442,58.031,22.712,1:20.743,14.646,1:35.389,23.782,1:59.171,15.8,32.2,48.34,0.9203676890429596,0.5477601472779509,0,0.4596850004669189,-0.4406886988968276,0.4379342237127306,83.04078755224492,16.95921244775508,20.085277307944263,0,0,-14.107036049328624,1,0,1,Focus dropped 14 points - consider radio reminder,33.99258193008267,0,119.171,118.6735,0.4975000000000023,0,High,-0.40860943300040786,0,0.3042872,30.589685
GR86-009-005,5,6.0,15.096132558801145,21.64476764815927,88.89829004329005,1.3478260869565215,5.0,155.0,1.7043820171782498,2.163955656882057,0.0,0.0,68.28156506801477,37.651235663140405,2.442727272727273,99.65045454545454,5.896526122963363,58.12760869565217,678.1005041407867,-5.391654689392392,44.22180923495107,127.73586257309942,30.997754707529765,62.134,182.98,0.0076750723626793,0.3566564391116144,-0.0830981329480746,0.8272774776324245,5,1,6,1:55.117,0,,38.867,0,37.878,0,38.372,0,120.0,31:55.952,14:37:44.775,0:38.867,0:37.878,0:38.372,182.1,,Am,,Toyota Gazoo Racing,GF,38.867,37.878,38.372,16.170,16.170,22.697,38.867,15.943,54.810,21.935,1:16.745,14.589,1:31.334,23.783,1:55.117,15.8,32.2,48.34,0.3240436223021792,0.5791591714699178,0,0.5390881960249853,-0.5040237286352879,0.2724637360983522,79.02336927368603,20.97663072631397,33.99258193008267,0,0,-0.0739358311462439,0,0,0,Maintain current pace,34.63700432895256,0,115.117,118.6735,3.5565,0,High,-0.36312900593089537,0,0.305014,34.41628
GR86-009-005,5,7.0,1.2717414326803664,7.0915397470049815,89.3548814229249,0.2291421856639248,5.0,390.0,0.246457381272214,2.302585092994045,0.0,0.0,11.080370370900573,17.02768634839416,2.433157894736842,99.67863636363636,0.585535735307263,58.90380952380953,996.5818214929616,-3.171372165119429,29.757274457639767,9.667916764937106,32.37306174101664,0.0,184.5625,-0.0087946057446429,0.0923644918223004,-0.0107306148091774,0.2101117814373967,5,1,7,1:58.176,0,,41.760,0,38.182,0,38.234,0,116.9,33:54.128,14:39:42.951,0:41.760,0:38.182,0:38.234,184.3,,Am,,Toyota Gazoo Racing,GF,41.76,38.182,38.234,16.365,16.365,25.395,41.760,16.363,58.123,21.819,1:19.942,14.5,1:34.442,23.734,1:58.176,15.8,32.2,48.34,-2.135131065874336,-2.062026094675162,0,-2.0531342324001867,-0.3730410515792873,-1.501320083449048,35.95809738382104,64.04190261617896,34.63700432895256,0,0,14.551727021008292,0,0,0,Maintain current pace,34.45311418174307,0,118.176,118.6735,0.497499999999988,0,Medium,-0.615988863247078,1,0.4842209,34.49448
GR86-009-005,5,8.0,16.15368758433902,22.049709366584977,87.30833992094861,1.271186440677966,5.0,150.0,1.78585500337243,2.302585092994045,0.0,0.0,65.30613452971126,39.011577505513365,2.453181818181818,99.69571428571427,5.249379633262832,50.86369565217392,619.4267967250141,-0.2548205552737609,39.97854083059175,122.98379661016948,33.007894131765426,56.205,179.7925,0.0044874491573275,0.348495543926709,-0.0680236708329744,0.7901187664402468,5,1,8,1:59.491,0,,38.891,0,41.259,0,39.341,0,115.6,35:53.619,14:41:42.442,0:38.891,0:41.259,0:39.341,182.1,,Am,,Toyota Gazoo Racing,GF,38.891,41.259,39.341,15.653,15.653,23.238,38.891,15.881,54.772,25.378,1:20.150,14.61,1:34.760,24.731,1:59.491,15.8,32.2,48.34,0.5121685477640062,0.7267561359667708,0,0.3614982532714594,-0.3125803369915652,0.3583063026124569,81.10752035563526,18.89247964436474,34.45311418174307,0,0,0.4605322516603962,0,0,0,Maintain current pace,19.28589713108737,1,119.491,118.6735,0.8175000000000097,0,High,-0.38649129773465374,0,0.59724104,26.357521
GR86-009-005,5,9.0,15.536584064740245,21.770734707294515,83.44352173913043,1.3157894736842106,5.0,150.0,1.725557292820968,2.163955656882057,0.0,0.0,69.28489494647964,37.799023758026976,2.4465,99.70727272727272,6.075183982358121,67.5741304347826,692.5709739888258,-2.624310963335111,41.041333914638216,128.2269956140351,31.07778721938741,59.81600000000001,183.385,0.0080303336656251,0.3636817194303098,-0.08856664805346,0.8352663446562844,5,1,9,1:54.300,2,,38.524,2,37.551,0,38.225,2,120.9,37:47.919,14:43:36.742,0:38.524,0:37.551,0:38.225,183.1,,Am,,Toyota Gazoo Racing,GF,38.524,37.551,38.225,16.038,16.038,22.486,38.524,15.69,54.214,21.861,1:16.075,14.689,1:30.764,23.536,1:54.300,15.8,32.2,48.34,0.4023940671711823,0.6175204314806942,0,0.4648527240035221,-0.4964015232663146,0.2951860842954251,79.57503971531449,20.42496028468551,19.28589713108737,0,0,-15.351107197865186,1,0,1,Focus dropped 15 points - consider radio reminder,18.4857405090494,0,114.3,118.6735,4.373499999999993,0,High,-0.3610113924366674,0,0.3042872,21.195164
GR86-009-005,5,10.0,16.16559862649383,22.47313068102206,81.32181818181817,1.3716814159292037,5.0,155.0,1.7861644087764872,2.163955656882057,0.0,0.0,68.98264123287862,37.64893636208804,2.408636363636364,99.71,5.471776795275292,59.54404761904762,618.310777866108,-2.377199864188787,40.11896432406829,127.538092920354,30.78209477466949,64.23,180.8575,0.0074149298751443,0.3518756391356991,-0.090441304461791,0.8360924290711548,5,1,10,1:54.657,0,,38.659,0,37.706,0,38.292,0,120.5,39:42.576,14:45:31.399,0:38.659,0:37.706,0:38.292,183.1,,Am,,Toyota Gazoo Racing,GF,38.659,37.706,38.292,15.896,15.896,22.763,38.659,15.823,54.482,21.883,1:16.365,14.692,1:31.057,23.6,1:54.657,15.8,32.2,48.34,0.5142873632047499,0.7273166567058648,0,0.5943659368854693,-0.5245629352647623,0.3728139701442353,81.45974853578814,18.540251464211863,18.4857405090494,0,0,-15.967373672693672,1,0,1,Focus dropped 16 points - consider radio reminder,23.582249259253118,0,114.657,118.6735,4.0164999999999935,0,High,-0.36995686697819724,0,0.3042872,22.452896
GR86-009-005,5,11.0,16.850799076027332,22.649288083731683,93.48107769423558,1.638655462184874,5.0,195.0,1.6719360402991843,2.19722457733622,0.0,0.0,66.4247926488257,38.36487077309762,2.4595454545454545,99.71565217391304,5.268123283804889,54.38347826086956,626.9066707727818,-7.581376652595717,46.34226718966815,122.81676470588236,31.48938920896196,62.13,184.274,0.0131065628081896,0.3342042862053772,-0.0740854376782957,0.7988098612584601,5,1,11,1:59.624,0,,40.184,0,37.932,0,41.508,0,115.5,41:42.200,14:47:31.023,0:40.184,0:37.932,0:41.508,184.3,,Am,,Toyota Gazoo Racing,GF,40.184,37.932,41.508,15.952,15.952,24.232,40.184,16.017,56.201,21.915,1:18.116,15.996,1:34.112,25.512,1:59.624,15.8,32.2,48.34,0.6361753788466217,0.5203798395564987,0,1.2130001281093916,-0.4572010180966705,0.4571774909498529,83.50799022174918,16.492009778250818,23.582249259253118,1,0,4.296352128165744,0,0,1,High error bursts detected - suggest 1-lap cool down,24.211318011868283,0,119.624,118.6735,0.9505000000000052,0,High,-0.39534957786752756,0,0.3042872,22.469074
GR86-009-005,5,12.0,8.28989464025419,17.065669356968687,83.04101731601732,0.7048458149779736,5.0,160.0,0.90852761008081,2.163955656882057,0.0,0.0,37.53003299624672,39.65695233101354,2.466666666666667,99.71739130434784,3.173774234869972,99.44704545454546,720.4467513154835,152.30438307952633,160.57885541922315,63.68681497797356,66.71074230551137,0.0,180.354,0.0088451769775981,0.2598370596873737,-0.0372475569536073,0.5810570930233884,5,1,12,1:56.361,0,,39.703,0,37.637,0,39.021,0,118.7,43:38.561,14:49:27.384,0:39.703,0:37.637,0:39.021,183.1,,Am,,Toyota Gazoo Racing,GF,39.703,37.637,39.021,16.920,16.920,22.783,39.703,15.741,55.444,21.896,1:17.340,14.648,1:31.988,24.373,1:56.361,15.8,32.2,48.34,-0.8866952708829564,-0.8626155830365704,0,-0.950830341402652,2.897240576246214,-0.3345629706098059,64.28551346470334,35.71448653529666,24.211318011868283,0,0,5.725577502818886,0,0,0,Maintain current pace,25.577631887528515,0,116.361,118.6735,2.3125,0,Medium,-0.6093946085031068,1,0.3042872,25.187902
GR86-009-005,5,13.0,17.496524015227966,24.07637878943516,92.34498023715416,1.1304347826086956,5.0,130.0,1.678165077291621,2.163955656882057,0.0,0.0,69.62662344677997,37.30208914515447,2.459,99.72545454545455,5.8697447320866285,63.35947368421052,675.0206441899622,-2.8298618207569204,39.47639911865063,126.4959536231884,29.103044896293014,65.005,182.454,0.0106119649996375,0.3595878624254247,-0.0976689742428207,0.8138167282137748,5,1,13,1:55.907,0,,39.626,0,37.974,0,38.307,0,119.2,45:34.468,14:51:23.291,0:39.626,0:37.974,0:38.307,185.2,,Am,,Toyota Gazoo Racing,GF,39.626,37.974,38.307,16.980,16.980,22.646,39.626,15.897,55.523,22.077,1:17.600,14.697,1:32.297,23.61,1:55.907,15.8,32.2,48.34,0.751041228019981,0.5316644014066195,0,0.0353474930221947,-0.6844737352718805,0.2950832191837902,79.57254227794263,20.42745772205737,25.577631887528515,0,0,1.9953826282754008,0,0,0,Maintain current pace,20.509204563644445,0,115.907,118.6735,2.766499999999993,0,High,-0.42464211231146487,0,0.3042872,24.133997
GR86-009-005,5,14.0,15.39044967725812,22.263785193143967,81.75067193675889,1.2719298245614037,5.0,145.0,1.752461091260527,2.302585092994045,0.0,0.0,70.20836743147655,37.559472152148246,2.4463157894736844,99.7209090909091,6.268600391789751,62.70272727272727,714.6204446640317,-4.209092560122309,40.87443353033701,127.99127631578946,31.50006584584297,61.9725,184.75,0.008603960050949,0.364884296791128,-0.0804417858580992,0.8339004655052153,5,1,14,1:54.562,0,,38.741,0,37.502,2,38.319,0,120.6,47:29.030,14:53:17.853,0:38.741,0:37.502,0:38.319,185.2,,Am,,Toyota Gazoo Racing,FF,38.741,37.502,38.319,16.163,16.163,22.578,38.741,15.7,54.441,21.802,1:16.243,14.664,1:30.907,23.655,1:54.562,15.8,32.2,48.34,0.376398709871923,0.6662595187365598,0,0.363220827783661,-0.4561841873479142,0.2883491980784745,79.40904859476848,20.59095140523152,20.509204563644445,0,0,-3.702113448223837,0,0,0,Maintain current pace,,0,114.562,118.6735,4.111499999999992,0,High,-0.3737354383901261,0,0.3042872,21.300892
GR86-010-016,16,1.0,16.988502434472977,26.065924847568308,96.41287784679088,1.7136465324384786,5.0,766.0,1.1641507905350357,2.163955656882057,0.0,0.0,33.35998333306344,37.641140759028,2.4077272727272727,100.25578947368422,3.445959635224225,64.82695652173913,1540.343956945229,-4.027739438861853,35.970028082048586,61.34416255605382,48.07123075268044,0.0,136.8275,0.0247098943648253,0.2303813315987964,-0.0426157208774957,0.5444669086075326,16,1,1,2:42.548,0,,52.591,0,51.384,0,58.573,0,85.0,2:42.548,14:08:31.371,0:52.591,0:51.384,0:58.573,134.2,,Am,,Toyota Gazoo Racing,GF,52.591,51.384,58.573,,,,52.591,21.723,1:14.314,29.661,1:43.975,21.208,2:05.183,37.365,2:42.548,15.8,32.2,48.34,0.5717696269895532,-1.501435537131482,0,1.1631642752474305,2.172231354101525,0.1878697805112625,76.96953291693836,23.03046708306164,11.60393452318732,1,0,,0,0,1,High error bursts detected - suggest 1-lap cool down,14.587711032399165,0,162.548,112.54,50.00800000000001,0,High,-0.5180659758544608,0,0.3042872,18.786556
GR86-010-016,16,2.0,26.1093431800084,27.54968130099562,92.68608695652172,2.3615384615384616,5.0,307.0,1.702815133936894,2.302585092994045,0.0,0.0,38.69820708325491,36.74343688352025,2.363636363636364,100.25521739130434,3.4533339346643697,52.24444444444444,448.933411506368,-6.516714333975204,39.711711970099735,90.8261141025641,17.88322540497178,57.386,130.43800000000002,-0.0097731928458015,0.2628623568121988,-0.0900566549875245,0.6314507344631876,16,1,2,1:55.675,0,,40.394,0,37.308,0,37.973,0,119.5,4:38.223,14:10:27.046,0:40.394,0:37.308,0:37.973,187.2,,Am,,Toyota Gazoo Racing,GF,40.394,37.308,37.973,17.164,17.164,23.23,40.394,15.471,55.865,21.837,1:17.702,14.333,1:32.035,23.64,1:55.675,15.8,32.2,48.34,2.679875212352381,0.2309551660553616,0,2.961672202834155,-1.7680430894164323,1.1291478767030347,99.822598036687,0.1774019633130024,14.587711032399165,1,0,,0,0,1,High error bursts detected - suggest 1-lap cool down,14.917257627610809,0,115.675,112.54,3.135000000000005,0,High,-0.5260955439678637,0,0.3042872,19.742035
GR86-010-016,16,3.0,15.97308706904312,23.56103695060915,76.30328063241107,1.5304347826086957,5.0,176.0,1.762012390566532,2.163955656882057,0.0,0.0,68.2830697138138,40.38819007990992,2.427272727272728,100.23227272727271,5.268956899197211,75.03282608695653,605.9300434076792,-6.768211438582422,40.21600908671704,126.75516521739132,30.29307688189603,63.8775,188.1475,0.0228238128312561,0.3486148890477897,-0.0894518385993338,0.8249969769739174,16,1,3,1:53.207,0,,38.209,0,37.350,0,37.648,0,122.1,6:31.430,14:12:20.253,0:38.209,0:37.350,0:37.648,187.2,,Am,,Toyota Gazoo Racing,GF,38.209,37.35,37.648,16.018,16.018,22.191,38.209,15.516,53.725,21.834,1:15.559,14.229,1:29.788,23.419,1:53.207,15.8,32.2,48.34,0.3370760430265037,0.4213386178199484,0,0.654579788088229,-0.1482533729657,0.2898190982796025,79.44473594917714,20.555264050822856,14.917257627610809,0,0,3.313323104423489,0,0,0,Maintain current pace,23.86902416572041,0,113.207,112.54,0.6670000000000016,0,High,-0.38782907119285587,0,0.3042872,23.85057
GR86-010-016,16,4.0,15.307787368353832,22.355479122224068,83.07909090909091,1.25,5.0,140.0,1.7606191649296454,2.025326220770068,0.0,0.0,67.90490491147052,39.4932313775288,2.4521739130434783,100.22652173913043,6.295019533035547,70.50047619047619,705.0421876999812,-5.953555320843753,40.3133338032267,129.55745684523808,31.92896052446031,65.16,185.0875,0.0165718300462477,0.3776779241851496,-0.0850154657712887,0.8634969983559709,16,1,4,1:53.075,0,,38.016,0,37.414,0,37.645,0,122.2,8:24.505,14:14:13.328,0:38.016,0:37.414,0:37.645,187.2,,Am,,Toyota Gazoo Racing,GF,38.016,37.414,37.645,15.792,15.792,22.224,38.016,15.652,53.668,21.762,1:15.430,14.183,1:29.613,23.462,1:53.075,15.8,32.2,48.34,0.1833049100692895,0.4168578847431294,0,-0.1238898254990784,0.06526952909826,0.1471494232915334,75.98089313130343,24.019106868696568,23.86902416572041,0,0,9.28131313332125,0,0,0,Maintain current pace,27.2052664001659,0,113.075,112.54,0.5350000000000108,0,High,-0.3937520746364005,0,0.3042872,29.833086
GR86-010-016,16,5.0,14.30379272875158,23.03456767321771,85.50314229249011,1.2053571428571428,5.0,135.0,1.7211931543796193,2.163955656882057,0.0,0.0,68.00902365863134,40.03180744716256,2.444782608695653,100.16217391304347,6.169421390591809,81.8125,690.9751957462827,-4.888735092070946,38.35824042932124,129.56273214285713,31.60562381754352,64.72200000000001,186.616,0.0180415915963327,0.3678245933555497,-0.0896145966403515,0.8616702053233372,16,1,5,2:06.227,0,,37.702,0,40.417,0,48.108,0,109.5,10:30.732,14:16:19.555,0:37.702,0:40.417,0:48.108,181.2,,Am,,Toyota Gazoo Racing,FCY,37.702,40.417,48.108,15.619,15.619,22.083,37.702,15.485,53.187,24.932,1:18.119,17.596,1:35.715,30.512,2:06.227,15.8,32.2,48.34,-0.0487489944411988,0.2900604551801016,0,-0.2478156360784534,0.0230661656020299,0.0230246866111007,72.96729842235818,27.032701577641816,27.2052664001659,0,0,12.288008772555091,0,0,0,Maintain current pace,36.93432235039444,0,126.227,112.54,13.687000000000012,0,High,-0.3651040477703696,0,0.3042872,35.295223
GR86-010-016,16,6.0,14.056554908744353,20.17472420923709,90.60525879917184,1.1904761904761905,5.0,150.0,1.5997488791440964,2.163955656882057,0.0,0.0,40.79455514005203,37.88755620264216,2.36695652173913,100.12130434782608,3.5616007120898425,70.92857142857143,448.76168972332016,-5.221760365238626,40.03194218440686,116.499958994709,29.731315703769205,60.64,183.1725,-0.0012321966048674,0.2730379170761279,-0.0622495264684705,0.7704129610343119,16,1,6,2:54.922,0,,1:03.437,0,58.023,0,53.462,0,79.0,13:25.654,14:19:14.477,1:03.437,0:58.023,0:53.462,128.1,,Am,,Toyota Gazoo Racing,FCY,63.437,58.023,53.462,22.981,22.981,40.456,1:03.437,28.062,1:31.499,29.961,2:01.460,20.415,2:21.875,33.047,2:54.922,15.8,32.2,48.34,-0.1058932253088729,-0.1005147442931039,0,-0.2891242396049115,-0.22157697245624,-0.1224229868522986,69.43600924584068,30.56399075415932,36.93432235039444,0,0,13.065298184674024,0,0,0,Maintain current pace,41.76328735301469,0,174.922,112.54,62.382000000000005,1,High,-0.38860041916642596,0,0.58222246,43.080406
GR86-010-016,16,7.0,5.610360441389576,11.159090952859108,67.17942687747036,0.8550185873605948,5.0,230.0,1.1786213801223664,2.302585092994045,0.0,0.0,11.735091260746252,15.699482383975663,2.301739130434783,100.02913043478262,1.026739813809875,17.46763157894737,276.1930099148563,-8.922472245264995,37.33347676926979,57.90476100628931,39.7932449928996,0.0,129.548,-0.0058470324286838,0.106622507934224,-0.0519932774850701,0.381461243275748,16,1,7,2:47.395,0,,55.207,0,1:00.374,0,51.814,0,82.5,16:13.049,14:22:01.872,0:55.207,1:00.374,0:51.814,121.1,,Am,,Toyota Gazoo Racing,FCY,55.207,60.374,51.814,22.582,22.582,32.625,55.207,26.66,1:21.867,33.714,1:55.581,19.231,2:14.812,32.583,2:47.395,15.8,32.2,48.34,-2.058067397454885,-1.4548968805862832,0,-1.220333800141874,1.091751363543097,-1.0550193730500077,46.79372528061782,53.20627471938218,41.76328735301469,0,0,14.55802095284879,0,0,0,Maintain current pace,37.25044556440598,0,167.395,112.54,54.85500000000002,1,Medium,-0.5154894890459745,0,0.33076504,40.20204
GR86-010-016,16,8.0,11.700768056236358,16.68888102713716,87.525,0.8734939759036144,5.0,145.0,1.6264517908392178,2.163955656882057,0.0,0.0,19.56268648369817,22.238365044474627,2.433181818181818,100.0,1.1261486953490207,21.57315789473684,186.94068342793744,-5.0897279128102655,34.58128151660476,88.18580722891566,16.141889719332706,53.535,122.694,-0.0039174323732565,0.1548298997887915,-0.0672078427830612,0.5219772210594823,16,1,8,2:28.435,0,,47.713,0,48.791,0,51.931,0,93.1,18:41.484,14:24:30.307,0:47.713,0:48.791,0:51.931,136.0,,Am,,Toyota Gazoo Racing,GF,47.713,48.791,51.931,21.670,21.670,26.043,47.713,22.175,1:09.888,26.616,1:36.504,19.797,1:56.301,32.134,2:28.435,15.8,32.2,48.34,-0.6503877034223473,-0.0146358912832688,0,-1.1690472641203116,-1.9953300671640448,-0.5736653801819726,58.48040341449743,41.51959658550257,37.25044556440598,0,0,0.3161232140115402,0,0,0,Maintain current pace,27.512982090273194,0,148.435,112.54,35.89500000000001,0,Medium,-0.44576528294698914,0,0.5465254,29.136017
GR86-010-016,16,9.0,21.188521416898524,25.38016676590661,94.4691304347826,1.4625850340136055,5.0,215.0,1.7216555989343036,2.302585092994045,0.0,0.0,35.65933042134075,34.84971488528396,2.424782608695652,100.0321739130435,2.19174914983676,50.17181818181818,322.18712502600374,-5.360658818247432,37.24448046614905,99.07477551020408,18.37593065066436,64.05,161.08,0.0140613000755857,0.2238616729841775,-0.0761668985882828,0.6559736372314343,16,1,9,1:53.014,0,,38.066,0,37.336,0,37.612,0,122.3,20:34.498,14:26:23.321,0:38.066,0:37.336,0:37.612,188.2,,Am,,Toyota Gazoo Racing,GF,38.066,37.336,37.612,15.494,15.494,22.572,38.066,15.412,53.478,21.924,1:15.402,14.138,1:29.540,23.474,1:53.014,15.8,32.2,48.34,1.54252262251962,0.2915477165091421,0,0.466233082021754,-1.7037329812980415,0.4352053800566304,82.97453461166681,17.02546538833319,27.512982090273194,0,0,-14.250305262741495,1,0,1,Focus dropped 14 points - consider radio reminder,22.22702712128769,0,113.014,112.54,0.4740000000000179,0,High,-0.4763805606348492,0,0.3042872,23.840427
GR86-010-016,16,10.0,14.643692953268266,23.71583725216442,93.05521739130435,1.2946428571428572,5.0,145.0,1.7925429888418964,2.163955656882057,0.0,0.0,70.04425756903552,39.42155767307421,2.475,100.04636363636364,6.563992582210751,87.425,735.167169207604,-4.923482338917121,39.48433693045352,129.72391964285714,32.14580334536236,62.885000000000005,187.51,0.0154647897564823,0.3859371426806302,-0.0853192965872119,0.8698402932024402,16,1,10,1:52.350,0,,37.615,0,37.145,0,37.590,0,123.0,22:26.848,14:28:15.671,0:37.615,0:37.145,0:37.590,188.2,,Am,,Toyota Gazoo Racing,GF,37.615,37.145,37.59,15.605,15.605,22.01,37.615,15.424,53.039,21.721,1:14.760,14.257,1:29.017,23.333,1:52.350,15.8,32.2,48.34,0.0298123555221198,0.5195276389846846,0,3.598508029650661e-05,0.0935728308772076,0.1481882972525723,76.00611570301618,23.993884296983826,22.22702712128769,0,1,-15.023418443118288,1,0,2,Steering indecision - check driver fatigue or track confidence | Focus dropped 15 points - consider radio reminder,24.8544946898479,0,112.35,112.54,0.1899999999999977,0,High,-0.36782471197263583,0,0.3042872,24.37029
GR86-010-016,16,11.0,14.055514958256028,20.098594495296915,73.75229813664595,1.25,5.0,140.0,1.791850203410664,2.163955656882057,0.0,0.0,68.93480234235362,38.65930779605225,2.4577272727272725,100.0395652173913,6.358082936732004,77.31204545454545,712.1052889139845,-4.694191964595283,39.806642085433616,130.62493750000002,31.474199953561644,64.78,189.225,0.0189470413664737,0.3729497589445289,-0.0881248217284105,0.880554058017766,16,1,11,1:53.044,0,,37.547,0,38.015,0,37.482,0,122.2,24:19.892,14:30:08.715,0:37.547,0:38.015,0:37.482,185.2,,Am,,Toyota Gazoo Racing,GF,37.547,38.015,37.482,15.447,15.447,22.1,37.547,15.664,53.211,22.351,1:15.562,14.183,1:29.745,23.299,1:53.044,15.8,32.2,48.34,-0.1061335897110265,0.5172995816516323,0,-0.1238898254990784,0.0059121308603647,0.0794925577607748,74.33826832145394,25.66173167854606,24.8544946898479,0,1,-2.658487400425294,0,0,1,Steering indecision - check driver fatigue or track confidence,25.20680498253255,0,113.044,112.54,0.5040000000000049,0,High,-0.3809292160019717,0,0.3042872,25.207914
GR86-010-016,16,12.0,15.27479513692829,22.04750070526501,86.07272727272726,1.2053571428571428,5.0,135.0,1.7597465981274247,2.163955656882057,0.0,0.0,67.0161889222751,38.82853632900933,2.448571428571429,100.03260869565216,6.093698721212794,64.39181818181818,682.4942567758329,-5.130634716172372,42.45454329193299,129.48507142857142,30.777571809888947,64.276,184.39,0.0151283373049483,0.3623368950426091,-0.0926845496614324,0.8728097726339268,16,1,12,1:52.119,2,,37.620,0,37.234,0,37.265,0,123.2,26:12.011,14:32:00.834,0:37.620,0:37.234,0:37.265,188.2,,Am,,Toyota Gazoo Racing,GF,37.62,37.234,37.265,15.611,15.611,22.009,37.620,15.623,53.243,21.611,1:14.854,14.044,1:28.898,23.221,1:52.119,15.8,32.2,48.34,0.1756793951324332,0.4140516351099531,0,-0.2478156360784534,-0.085014912497842,0.110542890655666,75.09213190598618,24.90786809401382,25.20680498253255,0,0,2.979777861244859,0,0,0,Maintain current pace,24.40120675517529,0,112.119,112.54,0.4209999999999922,0,High,-0.3598793611834865,0,0.3042872,24.682112
GR86-010-016,16,13.0,14.714105047452874,23.03139566082918,89.05652173913045,1.351351351351351,5.0,150.0,1.7173826215585994,2.025326220770068,0.0,0.0,70.80559263752743,38.97539831916791,2.447391304347826,100.02863636363637,6.527295741393568,79.68818181818182,724.529827294686,-5.312299620343098,40.2823096491379,130.75250450450451,31.257249039186203,64.928,187.805,0.0212829065089934,0.3743824222714526,-0.0975565072130289,0.879291818968065,16,1,13,1:52.205,0,,37.463,2,37.210,0,37.532,0,123.1,28:04.216,14:33:53.039,0:37.463,0:37.210,0:37.532,185.2,,Am,,Toyota Gazoo Racing,GF,37.463,37.21,37.532,15.524,15.524,21.939,37.463,15.39,52.853,21.82,1:14.673,14.209,1:28.882,23.323,1:52.205,15.8,32.2,48.34,0.0460867465754143,0.2778054549852988,0,0.1574552579784203,-0.0224052797656503,0.104655148439147,74.94918482496223,25.05081517503777,24.40120675517529,0,0,-0.4532879346726055,0,0,0,Maintain current pace,24.57066362357892,0,112.205,112.54,0.3349999999999937,0,High,-0.3899871598310638,0,0.3042872,24.387434
GR86-010-016,16,14.0,14.985184809701972,22.17073947683405,91.59132411067196,1.3963963963963963,5.0,155.0,1.767656667560063,2.163955656882057,0.0,0.0,67.60584068030407,38.926129014626206,2.4650000000000003,100.02,5.972490082693172,63.99363636363636,662.9463991789421,-3.676002379984074,38.80941800729842,130.4357747747748,30.98195890013608,65.9,185.2425,0.0213572925000842,0.3596448323979348,-0.0915178370263038,0.8859107289589733,16,1,14,1:52.219,0,,37.833,0,37.037,0,37.349,0,123.1,29:56.435,14:35:45.258,0:37.833,0:37.037,0:37.349,190.1,,Am,,Toyota Gazoo Racing,GF,37.833,37.037,37.349,15.664,15.664,22.169,37.833,15.369,53.202,21.668,1:14.870,14.082,1:28.952,23.267,1:52.219,15.8,32.2,48.34,0.1087415803587888,0.4394910964637961,0,0.282497517301754,-0.0583373887923251,0.1790361369396162,76.7550630035257,23.24493699647429,24.57066362357892,0,0,-0.6361413589536298,0,0,0,Maintain current pace,23.847817116998588,0,112.219,112.54,0.3209999999999979,0,High,-0.3628701740307642,0,0.3042872,24.125456
GR86-010-016,16,15.0,13.641398270314408,22.91242963588949,94.04217391304348,1.351351351351351,5.0,150.0,1.7857240502645662,2.163955656882057,0.0,0.0,68.22869936045868,40.20382226745186,2.433,100.01636363636364,5.886072777954929,65.79363636363637,653.3540783529971,-5.924822359599584,40.15869287522649,130.3393063063063,31.592931673165808,65.76,190.8425,0.0179393948486423,0.3677505806477315,-0.0881241847436624,0.8837932789458802,16,1,15,1:52.492,0,,37.682,0,37.345,0,37.465,0,122.8,31:48.927,14:37:37.750,0:37.682,0:37.345,0:37.465,189.1,,Am,,Toyota Gazoo Racing,GF,37.682,37.345,37.465,15.576,15.576,22.106,37.682,15.297,52.979,22.048,1:15.027,14.203,1:29.230,23.262,1:52.492,15.8,32.2,48.34,-0.2018486369525882,0.4975973479942593,0,0.1574552579784203,0.0214095297445456,0.0896039875840059,74.58376130077531,25.41623869922469,23.847817116998588,0,0,-0.5533896381767072,0,0,0,Maintain current pace,24.934119605852487,0,112.492,112.54,0.0480000000000018,0,High,-0.37215570989695274,0,0.3042872,24.852812
GR86-010-016,16,16.0,15.27629263464279,22.752873604098408,90.46421739130432,1.3392857142857142,5.0,150.0,1.774381927465043,2.302585092994045,0.0,0.0,67.56167080370457,39.74789342837465,2.459090909090909,99.99869565217392,6.211407525510204,89.77068181818181,695.6776428571428,-4.855388728766059,40.61158968726615,130.04240178571428,31.98754147805185,65.5975,187.802,0.0160784956890935,0.3797985237965696,-0.0834172200147161,0.8732925722570267,16,1,16,1:52.404,0,,37.603,0,37.236,0,37.565,0,122.9,33:41.331,14:39:30.154,0:37.603,0:37.236,0:37.565,189.1,,Am,,Toyota Gazoo Racing,GF,37.603,37.236,37.565,15.496,15.496,22.107,37.603,15.526,53.129,21.71,1:14.839,14.217,1:29.056,23.348,1:52.404,15.8,32.2,48.34,0.1760255127090995,0.4611201088137205,0,0.1239617956596708,0.0729157790460449,0.1939735282697151,77.11772434470322,22.88227565529678,24.934119605852487,0,0,0.3634559822735674,0,0,0,Maintain current pace,24.96384378213201,0,112.404,112.54,0.1359999999999956,0,High,-0.3807470450764355,0,0.3042872,24.868866
GR86-010-016,16,17.0,14.034187879013968,22.383260604050385,85.59152173913043,1.2612612612612613,5.0,140.0,1.7426186306576887,2.163955656882057,0.0,0.0,68.92448668411711,39.37095793501645,2.466818181818182,99.96478260869566,6.302712312494921,73.52782608695652,699.6010666869363,-6.668688729775687,39.52292325015947,130.2426036036036,31.603508456421064,65.158,186.148,0.0183473553843119,0.3752330715595661,-0.0940074415878763,0.8799759708811256,16,1,17,1:52.540,0,,37.873,0,37.404,0,37.263,2,122.8,35:33.871,14:41:22.694,0:37.873,0:37.404,0:37.263,189.1,,Am,,Toyota Gazoo Racing,GF,37.873,37.404,37.263,15.784,15.784,22.089,37.873,15.606,53.479,21.798,1:15.277,14.067,1:29.344,23.196,1:52.540,15.8,32.2,48.34,-0.1110629307799042,0.3589666235020454,0,-0.0926292606682451,0.0227900591394259,0.0448073934552459,73.49615553696401,26.50384446303599,24.96384378213201,0,0,1.1160266651334183,0,0,0,Maintain current pace,25.79797748078943,0,112.54,112.54,0.0,0,High,-0.36572725841652,0,0.3042872,25.459238
GR86-010-016,16,18.0,13.80021672666102,21.758884328899462,91.59565217391304,1.3392857142857142,5.0,150.0,1.7742103577024686,2.163955656882057,0.0,0.0,69.14198790912116,39.02144992261386,2.46875,99.93652173913044,6.172853026122752,81.47340909090909,691.3595389257482,-6.294546128851738,39.06790977401835,130.21923660714285,31.561985043731323,63.998000000000005,187.092,0.0196011956437713,0.3795259809054288,-0.0895345270445134,0.8696527995364957,16,1,18,1:52.241,0,,37.661,0,37.101,0,37.479,0,123.1,37:26.112,14:43:14.935,0:37.661,0:37.101,0:37.479,188.2,,Am,,Toyota Gazoo Racing,GF,37.661,37.101,37.479,15.533,15.533,22.128,37.661,15.506,53.167,21.595,1:14.762,14.032,1:28.794,23.447,1:52.241,15.8,32.2,48.34,-0.1651408285143277,0.4605683257501623,0,0.1239617956596708,0.0173702362679072,0.0859311258589836,74.49458877193675,25.50541122806325,25.79797748078943,0,0,0.8638578749369437,0,0,0,Maintain current pace,26.05535633546326,0,112.241,112.54,0.2989999999999924,0,High,-0.3604853040238902,0,0.3042872,26.010714
GR86-010-016,16,19.0,14.391654242610764,22.187270997519143,89.80926877470357,1.2612612612612613,5.0,140.0,1.7720047302851236,2.163955656882057,0.0,0.0,69.94845501091153,38.81131129965596,2.4495,99.91173913043475,6.484082633452198,76.03717391304347,719.733172313194,-5.805054159184594,37.08967973683947,130.3892762762763,31.42600120286179,65.042,186.3325,0.0204473606299693,0.3793665850210819,-0.0934323386627734,0.8777023445428989,16,1,19,1:52.589,0,,37.911,0,37.180,0,37.498,0,122.7,39:18.701,14:45:07.524,0:37.911,0:37.180,0:37.498,190.1,,Am,,Toyota Gazoo Racing,GF,37.911,37.18,37.498,15.564,15.564,22.347,37.911,15.488,53.399,21.692,1:15.091,14.086,1:29.177,23.412,1:52.589,15.8,32.2,48.34,-0.0284415081828026,0.4534748389075556,0,-0.0926292606682451,-0.0003789871981041,0.0909039694520009,74.61532324873095,25.38467675126905,26.05535633546326,0,0,1.0915125533312526,0,0,0,Maintain current pace,25.320224426551466,0,112.589,112.54,0.0490000000000065,0,High,-0.3692156673611517,0,0.3042872,26.371166
GR86-010-016,16,20.0,13.809640678400546,20.94781057339088,85.58292207792206,1.25,5.0,140.0,1.7299836822329475,2.163955656882057,0.0,0.0,67.74746124610651,39.26869127194135,2.4413043478260867,99.9,6.6911810980815245,95.92347826086956,749.4122829851308,-5.427940232339035,39.58467785734323,129.96796875,31.49738347915263,64.49600000000001,188.83,0.0183598755499703,0.3715741625052315,-0.0899536361858556,0.8735537954288936,16,1,20,1:52.280,0,,37.508,0,37.494,0,37.278,0,123.1,41:10.981,14:46:59.804,0:37.508,0:37.494,0:37.278,188.2,,Am,,Toyota Gazoo Racing,GF,37.508,37.494,37.278,15.545,15.545,21.963,37.508,15.808,53.316,21.686,1:15.002,14.11,1:29.112,23.168,1:52.280,15.8,32.2,48.34,-0.1629626646966983,0.3183315462885953,0,-0.1238898254990784,0.008938149053506,0.0130044282436281,72.72401897294253,27.27598102705747,25.320224426551466,0,0,-0.4777530542379651,0,0,0,Maintain current pace,24.82041418250167,0,112.28,112.54,0.2599999999999909,0,High,-0.3696248315776959,0,0.3042872,25.613895
GR86-010-016,16,21.0,15.226016364220026,22.391917585402418,89.47636363636364,1.3963963963963963,5.0,155.0,1.7422636737143518,2.163955656882057,0.0,0.0,69.5179308449093,38.59903778787217,2.4386363636363635,99.89782608695651,6.379931381795058,82.36347826086957,708.1723833792514,-5.428852007656019,39.3897374868777,130.37886486486485,31.092961747501203,63.5975,186.4125,0.0180434474243802,0.3823658803707578,-0.0993699141060495,0.8745071151974034,16,1,21,1:52.537,0,,37.553,0,37.180,0,37.804,0,122.8,43:03.518,14:48:52.341,0:37.553,0:37.180,0:37.804,185.2,,Am,,Toyota Gazoo Racing,GF,37.553,37.18,37.804,15.518,15.518,22.035,37.553,15.498,53.051,21.682,1:14.733,14.422,1:29.155,23.382,1:52.537,15.8,32.2,48.34,0.1644051271057964,0.3578250515450357,0,0.282497517301754,-0.0438487971284269,0.1767675489004183,76.69998449867212,23.30001550132788,24.82041418250167,0,0,-1.2349421529615905,0,0,0,Maintain current pace,40.55048420983055,0,112.537,112.54,0.0029999999999859,0,High,-0.37456155136597147,0,0.3042872,28.953669
GR86-010-016,16,22.0,15.677215784092216,23.367746967588825,90.79915113871635,1.351351351351351,5.0,150.0,1.6903373648622364,2.163955656882057,0.0,0.0,70.11096864539657,38.545924328148686,2.400909090909091,99.90130434782608,6.1278217948326645,68.08130434782609,680.1882192264258,-5.484054866629236,35.9363982011091,130.0653918918919,31.48490147518081,64.26,185.768,0.0211028434642851,0.3650237315068018,-0.095056034421595,0.8702649630472383,16,1,22,1:52.134,0,,37.630,0,37.031,0,37.473,0,123.2,44:55.652,14:50:44.475,0:37.630,0:37.031,0:37.473,190.1,,Am,,Toyota Gazoo Racing,GF,37.63,37.031,37.473,15.504,15.504,22.126,37.630,15.432,53.062,21.599,1:14.661,14.058,1:28.719,23.415,1:52.134,15.8,32.2,48.34,0.268691129206055,0.1908255911053399,0,0.1574552579784203,0.0073089416684015,0.1526629194017547,76.11475398088034,23.885246019119663,40.55048420983055,0,0,15.230259783279084,0,0,0,Maintain current pace,49.17571856408189,0,112.134,112.54,0.4059999999999917,0,High,-0.3943148504881404,0,0.42440373,41.63828
GR86-010-016,16,23.0,3.069652584675965,11.893660390786623,91.71565217391306,0.2859960552268245,5.0,290.0,0.4350887273793208,2.163955656882057,0.0,0.0,20.56747978539778,27.563090294681643,2.4039130434782607,99.89545454545454,1.4290004476354812,92.05717391304348,1449.006453902378,-94.70461348439883,125.65309952432813,27.05736817882972,50.15631375198664,0.0,190.162,0.0112638672034276,0.1654439109798394,-0.0306401336226104,0.363643173257359,16,1,23,1:52.278,0,,37.859,0,37.022,2,37.397,0,123.1,46:47.930,14:52:36.753,0:37.859,0:37.022,0:37.397,190.1,,Am,,Toyota Gazoo Racing,FF,37.859,37.022,37.397,15.727,15.727,22.132,37.859,15.454,53.313,21.568,1:14.881,14.154,1:29.035,23.243,1:52.278,15.8,32.2,48.34,-2.645302782102396,-3.8461616281156257,0,-2.799905159272244,2.4443857796804767,-1.9306784375824144,25.53380889095589,74.46619110904412,49.17571856408189,0,0,24.355304381580225,0,0,0,Maintain current pace,,0,112.278,112.54,0.2620000000000004,0,Low,-0.6144169031811197,1,0.36647838,49.172028
GR86-013-080,80,1.0,9.228901098091187,14.914455916092663,77.67581818181819,1.4273743016759777,5.0,511.0,1.261805140172849,2.302585092994045,0.0,0.0,25.541882822818785,30.18989910944203,2.436666666666667,100.01,3.181823259595227,47.875,1139.0927269350914,-16.950290794247135,61.56514375392675,63.56600704225352,50.91631468897698,0.0,165.206,0.0033211877647823,0.2159639443184914,-0.0284307115398532,0.4353061301940693,80,1,1,2:45.325,0,,1:07.727,0,48.308,0,49.290,0,83.6,2:45.325,14:08:34.148,1:07.727,0:48.308,0:49.290,163.1,,Am,,Toyota Gazoo Racing,GF,67.727,48.308,49.29,,,,1:07.727,20.927,1:28.654,27.381,1:56.035,22.363,2:18.398,26.927,2:45.325,15.8,32.2,48.34,-1.4317024011964752,-1.2926572688006397,0,-0.3703778846905129,4.400668409295563,-0.3681648793331231,63.46970078266111,36.53029921733889,22.736723547018123,0,0,,0,0,0,Maintain current pace,20.62928376693903,0,165.325,117.266,48.059,0,Medium,-0.5014166118127111,0,0.3042872,23.945723
GR86-013-080,80,2.0,22.510911906010644,18.986891382199985,79.04697628458499,2.2535211267605635,5.0,320.0,1.5136565854207649,2.1639556568820564,0.0,0.0,42.53965866930311,32.6515850310253,2.5247619047619048,99.67954545454543,5.565024220421342,65.30727272727273,790.2334392998306,-11.056789262026635,38.59538663524317,102.76152464788731,29.05082229340757,53.826,162.98,-0.0181263840375307,0.3142499656898135,-0.0666980047541332,0.6133454029982219,80,1,2,2:04.273,0,,44.259,0,39.025,0,40.989,0,111.2,4:49.598,14:10:38.421,0:44.259,0:39.025,0:40.989,178.2,,Am,,Toyota Gazoo Racing,GF,44.259,39.025,40.989,19.399,19.399,24.86,44.259,15.916,1:00.175,23.109,1:23.284,16.927,1:40.211,24.062,2:04.273,15.8,32.2,48.34,1.8200401476426,-0.3209031056453904,0,2.3475095170813214,-0.4981068203361463,0.7681020134100158,91.05685212330263,8.943147876697353,20.62928376693903,1,0,,0,0,1,High error bursts detected - suggest 1-lap cool down,17.44362234479819,0,124.273,117.266,7.007000000000005,0,High,-0.48843928579112933,0,0.3042872,18.574991
GR86-013-080,80,3.0,17.640084022452537,22.417985053101884,88.46170995670997,1.846774193548387,5.0,229.0,1.6845498053823351,2.163955656882057,0.0,0.0,60.38659337317539,38.522327591320334,2.5263636363636364,99.6918181818182,5.786707414254749,72.98428571428572,717.5517193675889,-11.247049088279155,41.49172904601181,118.09681451612904,32.88464158924529,44.32,178.79000000000002,-0.0083436475208804,0.3448724923078217,-0.0634731864005928,0.7294431857252306,80,1,3,1:56.485,0,,39.694,0,38.461,0,38.330,0,118.6,6:46.083,14:12:34.906,0:39.694,0:38.461,0:38.330,179.1,,Am,,Toyota Gazoo Racing,GF,39.694,38.461,38.33,16.375,16.375,23.319,39.694,15.732,55.426,22.729,1:18.155,14.528,1:32.683,23.802,1:56.485,15.8,32.2,48.34,0.6275491531620204,0.3384784507685123,0,1.00937889438781,0.3608273697367693,0.4603739297725826,83.58559579321916,16.414404206780844,17.44362234479819,1,0,-5.293101202219933,0,0,1,High error bursts detected - suggest 1-lap cool down,21.56771428529963,0,116.485,117.266,0.7809999999999917,0,High,-0.4125222120102026,0,0.3042872,19.715942
GR86-013-080,80,4.0,14.969947069943288,20.571397006162627,83.92987012987012,1.434782608695652,5.0,165.0,1.6836115742065183,2.163955656882057,0.0,0.0,64.12066663154235,39.11265449933178,2.5354545454545456,99.63227272727272,6.04654878260292,90.58272727272728,695.3531099993357,-10.799222938989423,40.20721767358251,125.7621652173913,31.34130385182321,60.05800000000001,180.7375,-0.0069546512238394,0.3703450321509466,-0.0685913582184893,0.8136620596468516,80,1,4,1:56.555,0,,38.795,2,38.375,0,39.385,0,118.6,8:42.638,14:14:31.461,0:38.795,0:38.375,0:39.385,184.3,,Am,,Toyota Gazoo Racing,GF,38.795,38.375,39.385,15.973,15.973,22.822,38.795,15.797,54.592,22.578,1:17.170,14.654,1:31.824,24.731,1:56.555,15.8,32.2,48.34,-0.0261619501691701,0.3348583403093305,0,-0.3460057710348447,0.0150558434311868,0.0254707187144735,73.02668504908362,26.97331495091637,21.56771428529963,0,0,0.938430518360601,0,0,0,Maintain current pace,23.004915969293204,0,116.555,117.266,0.7109999999999843,0,High,-0.3659609070277558,0,0.3042872,28.33354
GR86-013-080,80,5.0,16.338698879154972,23.08598781343332,87.08136363636363,1.637931034482759,5.0,190.0,1.7094350282863595,2.025326220770068,0.0,0.0,66.54980469075,38.57319265373866,2.5217647058823527,99.57238095238095,6.553236224542076,84.98704545454547,760.1754020468808,-9.945173702024588,40.53773573985932,126.02438793103448,31.669359378488423,68.775,183.41,-0.0068609674887938,0.3821013139661809,-0.0793329790981836,0.8161316919557857,80,1,5,2:01.413,0,,39.247,0,41.719,0,40.447,0,113.8,10:44.051,14:16:32.874,0:39.247,0:41.719,0:40.447,175.0,,Am,,Toyota Gazoo Racing,FCY,39.247,41.719,40.447,16.355,16.355,22.892,39.247,16.302,55.549,25.417,1:20.966,15.356,1:36.322,25.091,2:01.413,15.8,32.2,48.34,0.3089400581924154,0.4344966369426183,0,0.3223191929690139,0.0885538584265854,0.2585094414813898,78.68457630179833,21.31542369820167,23.004915969293204,1,0,5.561293624495015,0,0,1,High error bursts detected - suggest 1-lap cool down,44.14056269133673,0,121.413,117.266,4.147000000000006,0,High,-0.39257510377775356,0,0.3042872,34.018444
GR86-013-080,80,6.0,17.24417158591472,21.44780798663757,86.65942687747037,1.6666666666666667,5.0,200.0,1.690226442827322,2.163955656882057,0.0,0.0,53.51401357936177,39.8656446629818,2.494,99.52454545454545,4.2570690688967145,49.0995652173913,510.84828826760577,-10.141028042905903,39.87168805366181,120.87791666666666,29.978656299480942,63.922,177.4875,-0.0128369383507627,0.3111600297375614,-0.0675656924205551,0.7729838636439046,80,1,6,2:56.536,0,,1:05.011,0,1:01.227,0,50.298,0,78.3,13:40.587,14:19:29.410,1:05.011,1:01.227,0:50.298,163.1,,Am,,Toyota Gazoo Racing,FCY,65.011,61.227,50.298,24.888,24.888,40.123,1:05.011,31.505,1:36.516,29.722,2:06.238,17.598,2:23.836,32.7,2:56.536,15.8,32.2,48.34,0.5306206583638573,0.3603814264074205,0,0.4168547044824741,-0.2902336033084249,0.2827863994525409,79.27399074123844,20.726009258761565,44.14056269133673,1,0,22.572848406037103,0,0,1,High error bursts detected - suggest 1-lap cool down,50.508593346767526,0,176.536,117.266,59.27000000000001,1,High,-0.4221339011171105,0,0.6407867,49.91872
GR86-013-080,80,7.0,1.3973148226763992,4.422580723468649,62.898571428571415,0.5087579617834395,5.0,639.0,0.4893670852129221,2.302585092994045,0.0,0.0,9.188613312529473,9.23663020607158,2.488888888888889,97.9891304347826,1.364609147549721,47.85869565217392,1713.9490893224497,-7.615843944969588,57.3474636564741,14.300949055599895,31.08230118889372,0.0,147.73000000000002,0.0027966768567443,0.0894505727375193,-0.010962356632833,0.186946665192192,80,1,7,2:46.960,0,,56.501,0,58.281,0,52.178,0,82.8,16:27.547,14:22:16.370,0:56.501,0:58.281,0:52.178,139.2,,Am,,Toyota Gazoo Racing,FCY,56.501,58.281,52.178,22.498,22.498,34.003,56.501,27.809,1:24.310,30.472,1:54.782,21.615,2:16.397,30.563,2:46.960,15.8,32.2,48.34,-3.3490553295261227,-4.27306460753146,0,-3.392474806747989,-0.0429714722410972,-2.5861511189770097,9.619744882953038,90.38025511704696,50.508593346767526,0,0,27.50367737747432,0,0,0,Maintain current pace,53.94365343337598,0,166.96,117.266,49.69400000000002,1,Low,-0.6674370001419265,1,0.53467625,52.600464
GR86-013-080,80,8.0,8.626440928801838,9.419368942259124,45.80668831168832,1.4036144578313252,5.0,233.0,1.7045030732563122,2.163955656882057,0.0,0.0,21.80841123434263,22.38531843112676,2.469047619047619,99.38272727272728,1.7477189852011092,28.671904761904763,290.1213515433841,-9.941786260151275,35.16883075925092,88.58122891566265,27.204294083816905,37.184000000000005,149.0275,-0.0122545589431965,0.1893308672830866,-0.0440021025662998,0.5476349430646849,80,1,8,2:24.859,0,,47.971,0,50.105,0,46.783,0,95.4,18:52.406,14:24:41.229,0:47.971,0:50.105,0:46.783,170.1,,Am,,Toyota Gazoo Racing,GF,47.971,50.105,46.783,22.442,22.442,25.529,47.971,24.213,1:12.184,25.892,1:38.076,15.548,1:53.624,31.235,2:24.859,15.8,32.2,48.34,-1.579198544272257,0.4154669751186604,0,-0.4485438695889421,-0.911805560355917,-0.528354955975945,59.58048433550595,40.41951566449405,53.94365343337598,0,0,9.803090742039243,0,0,0,Maintain current pace,31.75972462321633,1,144.859,117.266,27.593000000000018,0,Medium,-0.49100707470290733,0,0.67983884,33.482483
GR86-013-080,80,9.0,11.640846737300542,14.892284453717451,78.55545454545454,1.8194444444444444,5.0,262.0,1.6569241014767355,2.302585092994045,0.0,0.0,35.30932410696858,33.35203214391041,2.4761904761904763,99.37863636363636,3.074495686026936,39.93347826086956,442.7273787878788,-10.206739864570482,37.08850064845989,101.65944444444445,27.471359155619368,61.5125,172.175,-0.0037837939653609,0.2528037496557012,-0.0745114797692243,0.6465057868561185,80,1,9,1:56.108,0,,39.420,0,38.359,0,38.329,2,119.0,20:48.514,14:26:37.337,0:39.420,0:38.359,0:38.329,177.0,,Am,,Toyota Gazoo Racing,GF,39.42,38.359,38.329,16.290,16.290,23.13,39.420,15.78,55.200,22.579,1:17.779,14.773,1:32.552,23.556,1:56.108,15.8,32.2,48.34,-0.8412024856394511,0.231886277934504,0,0.9194685073623736,-0.8519719314223734,-0.1416660932460906,68.96881048141307,31.031189518586928,31.75972462321633,0,0,-18.7488687235512,1,0,1,Focus dropped 19 points - consider radio reminder,26.06159356276489,0,116.108,117.266,1.157999999999987,0,High,-0.4051381178679695,0,0.3042872,25.533382
GR86-013-080,80,10.0,15.677550071538253,21.72712375562528,85.13672768878719,1.5217391304347827,5.0,175.0,1.745718719340514,2.163955656882057,0.0,0.0,64.07878922416754,39.56949401160413,2.56,99.4,5.680449542430176,74.63652173913044,653.2516973794702,-10.97262146494989,40.17446431229877,126.23414347826086,30.21380664993527,63.06,178.71800000000002,-0.0040032284914038,0.3658379654346944,-0.0701851460319602,0.8254252105724503,80,1,10,1:58.256,0,,41.026,0,38.549,0,38.681,0,116.8,22:46.770,14:28:35.593,0:41.026,0:38.549,0:38.681,182.1,,Am,,Toyota Gazoo Racing,GF,41.026,38.549,38.681,16.116,16.116,24.91,41.026,15.853,56.879,22.696,1:19.575,14.815,1:34.390,23.866,1:58.256,15.8,32.2,48.34,0.1470755830062014,0.5744951499620913,0,-0.0599330927158498,-0.2375501927908413,0.1550014792059216,76.17153131343198,23.828468686568016,26.06159356276489,0,0,-27.882059870611084,1,0,1,Focus dropped 28 points - consider radio reminder,24.91897628767008,0,118.256,117.266,0.9900000000000092,0,High,-0.3597650907481792,0,0.3042872,25.405571
GR86-013-080,80,11.0,16.56582208813049,22.209600448237182,89.39227272727274,1.5677966101694916,5.0,185.0,1.6521562052615588,2.163955656882057,0.0,0.0,61.94171251758559,39.65593590037915,2.499565217391305,99.41090909090909,5.808248770205476,88.54239130434782,685.3733548842462,-8.473240253360002,39.37762317649624,124.75255932203387,31.2410393164724,64.522,182.3225,-0.0020451553114043,0.3598558385385496,-0.066020982990235,0.8072545012331577,80,1,11,1:56.857,0,,39.052,0,38.736,0,39.069,0,118.2,24:43.627,14:30:32.450,0:39.052,0:38.736,0:39.069,183.1,,Am,,Toyota Gazoo Racing,GF,39.052,38.736,39.069,16.393,16.393,22.659,39.052,15.951,55.003,22.785,1:17.788,15.008,1:32.796,24.061,1:56.857,15.8,32.2,48.34,0.3645450575509609,0.2134896275121517,0,0.0915884530039563,-0.0074075620710192,0.1757334358868177,76.67487751686026,23.325122483139737,24.91897628767008,0,0,-6.840748335546248,0,0,0,Maintain current pace,24.432225719920357,0,116.857,117.266,0.4089999999999918,0,High,-0.35336976387053515,0,0.3042872,24.269962
GR86-013-080,80,12.0,15.167856957614266,21.17496172594563,88.88090909090909,1.4224137931034482,5.0,165.0,1.6504558371587967,2.025326220770068,0.0,0.0,62.81918144904025,38.92115351459838,2.533809523809524,99.42217391304348,6.1295537819564245,79.87954545454546,711.0282387069452,-8.573167695818503,38.62575510723953,125.55983189655171,31.23421033675456,66.86250000000001,180.708,-0.0057443778985857,0.3731319413162114,-0.0773828566403391,0.8078604872052986,80,1,12,1:56.204,0,,39.179,0,38.303,2,38.722,0,118.9,26:39.831,14:32:28.654,0:39.179,0:38.303,0:38.722,182.1,,Am,,Toyota Gazoo Racing,GF,39.179,38.303,38.722,16.122,16.122,23.057,39.179,15.763,54.942,22.54,1:17.482,14.873,1:32.355,23.849,1:56.204,15.8,32.2,48.34,0.022290954431085,0.2069288560179523,0,-0.3866971433819431,-0.0089375361543919,-0.000478824788917,72.39666230669751,27.603337693302493,24.432225719920357,0,0,-1.629367842844541,0,0,0,Maintain current pace,25.28240779128708,0,116.204,117.266,1.0619999999999834,0,High,-0.3817946307875833,0,0.3042872,24.83597
GR86-013-080,80,13.0,16.803567219044346,22.647572841431703,86.56016666666666,1.608695652173913,5.0,185.0,1.6618840004338804,2.163955656882057,0.0,0.0,64.03196064835572,38.95063007442821,2.583333333333333,99.395,5.974078139346476,77.8515,687.0189860248447,-8.800267375633908,39.712361830097294,126.38352608695652,30.901165810620384,66.2525,182.0025,-0.0035092588189842,0.3722075027989627,-0.0795735746222404,0.8166712597810893,80,1,13,1:55.840,2,,38.944,0,38.346,0,38.550,0,119.3,28:35.671,14:34:24.494,0:38.944,0:38.346,0:38.550,177.0,,Am,,Toyota Gazoo Racing,GF,38.944,38.346,38.55,16.129,16.129,22.815,38.944,15.717,54.661,22.629,1:17.290,14.715,1:32.005,23.835,1:55.840,15.8,32.2,48.34,0.4227505483574397,0.2510237597769863,0,0.2261395856031443,-0.0835532935073399,0.2151467129412161,77.63178301668117,22.36821698331883,25.28240779128708,1,0,0.3634315036170008,0,0,1,High error bursts detected - suggest 1-lap cool down,24.68070790684483,0,115.84,117.266,1.4259999999999875,0,High,-0.34957396018736464,0,0.3042872,24.124022
GR86-013-080,80,14.0,16.46505569560609,23.18474380109353,83.88381422924903,1.3478260869565215,5.0,155.0,1.6876173137599648,2.163955656882057,0.0,0.0,64.80431210026914,38.70311570434457,2.54,99.39090909090908,6.107545058061032,78.43976190476191,702.3676816770187,-10.076401013166189,37.44695465328292,126.8344652173913,30.2007086342678,65.33500000000001,179.502,-0.0039375678261644,0.3713792042254241,-0.0766345643667512,0.8300226942315444,80,1,14,1:56.159,0,,38.801,0,38.417,0,38.941,0,119.0,30:31.830,14:36:20.653,0:38.801,0:38.417,0:38.941,176.2,,Am,,Toyota Gazoo Racing,GF,38.801,38.417,38.941,16.155,16.155,22.646,38.801,15.74,54.541,22.677,1:17.218,14.988,1:32.206,23.953,1:56.159,15.8,32.2,48.34,0.3398751208370686,0.3503142535511447,0,-0.6320784493538396,-0.2404846903794771,0.0706808631978831,74.12433130276008,25.87566869723992,24.68070790684483,0,0,0.2484821869244768,0,0,0,Maintain current pace,25.85760540124184,0,116.159,117.266,1.106999999999999,0,High,-0.352212186311643,0,0.3042872,24.998493
GR86-013-080,80,15.0,16.5476064124911,23.00066214205051,87.70445887445888,1.434782608695652,5.0,165.0,1.6508125147650985,2.1639556568820564,0.0,0.0,64.96555691126768,38.82958850143908,2.5345454545454547,99.39181818181818,6.152986321491992,79.92340909090909,707.5934269715791,-9.87643000351885,37.627737530487536,126.39371304347826,29.74175465054557,65.14200000000001,178.704,-0.0015435546117398,0.3664876468230643,-0.0795963773844303,0.8306959655697046,80,1,15,1:57.266,0,,40.097,0,38.434,0,38.735,0,117.8,32:29.096,14:38:17.919,0:40.097,0:38.434,0:38.735,181.2,,Am,,Toyota Gazoo Racing,GF,40.097,38.434,38.735,16.765,16.765,23.332,40.097,15.72,55.817,22.714,1:18.531,14.976,1:33.507,23.759,1:57.266,15.8,32.2,48.34,0.3600854400736784,0.2083050758307344,0,-0.3460057710348447,-0.3433093771656223,0.0738700976079981,74.20176196002426,25.798238039975743,25.85760540124184,0,0,0.5751976099547562,0,0,0,Maintain current pace,26.501476585416963,0,117.266,117.266,0.0,0,High,-0.34907836794412633,0,0.3042872,25.819567
GR86-013-080,80,16.0,15.631980212815671,21.63926913729532,75.43871635610765,1.5086206896551724,5.0,175.0,1.6559438580722017,2.163955656882057,0.0,0.0,63.91847320820109,40.031283285693306,2.542,99.37681818181818,5.962369448392686,90.1304347826087,691.6348560135516,-9.157212092005944,37.58264425327528,125.29714655172413,30.71105858134871,67.04,180.54,-0.0034656075371405,0.3647617037257535,-0.0767832275420731,0.8056760163689899,80,1,16,1:56.786,0,,39.421,0,38.800,0,38.565,0,118.3,34:25.882,14:40:14.705,0:39.421,0:38.800,0:38.565,181.2,,Am,,Toyota Gazoo Racing,GF,39.421,38.8,38.565,16.408,16.408,23.013,39.421,15.936,55.357,22.864,1:18.221,14.681,1:32.902,23.884,1:56.786,15.8,32.2,48.34,0.1359190306817258,0.2281040657326897,0,-0.1030906088415606,-0.1261451807094184,0.0697236162405142,74.10109053349015,25.89890946650985,26.501476585416963,0,0,1.8207686785721329,0,0,0,Maintain current pace,25.485719942504527,0,116.786,117.266,0.4799999999999897,0,High,-0.362393062875388,0,0.3042872,26.149826
GR86-013-080,80,17.0,15.781675357952148,21.97565193333461,86.35207509881423,1.25,5.0,145.0,1.6825986686053898,2.163955656882057,0.0,0.0,65.49169720580869,39.07324570449486,2.560454545454545,99.36227272727272,5.897669015870853,69.37568181818182,684.1296058410189,-9.674299333729126,38.08934669677101,125.7701551724138,31.26069902577452,67.352,180.302,-0.0056475257985042,0.369510293998638,-0.0736118187403222,0.8052188839357093,80,1,17,1:56.888,0,,39.510,0,39.026,0,38.352,0,118.2,36:22.770,14:42:11.593,0:39.510,0:39.026,0:38.352,180.0,,Am,,Toyota Gazoo Racing,GF,39.51,39.026,38.352,16.274,16.274,23.236,39.510,16.144,55.654,22.882,1:18.536,14.535,1:33.071,23.817,1:56.888,15.8,32.2,48.34,0.1725678544053658,0.3309501029203768,0,-0.9539102124627076,-0.0030029735436413,-0.0088789471720663,72.1927177502347,27.807282249765294,25.485719942504527,0,0,-0.3718854587373101,0,0,0,Maintain current pace,23.570445220554543,0,116.888,117.266,0.3779999999999859,0,High,-0.36060859338996554,0,0.3042872,25.865385
GR86-013-080,80,18.0,16.498072104668786,21.66830031128617,83.58571146245058,1.5948275862068966,5.0,185.0,1.6757858011140263,2.163955656882057,0.0,0.0,66.63021366989736,38.26080639936639,2.565217391304348,99.38454545454546,6.479509295406409,86.37931818181818,751.6230782671435,-10.241033710545617,37.4860007174734,125.47052586206895,30.905921471026183,64.01,178.57999999999998,-0.0048415252003185,0.3765072657168571,-0.077850704389062,0.7917100576882766,80,1,18,1:57.549,0,,39.638,0,38.850,0,39.061,0,117.5,38:20.319,14:44:09.142,0:39.638,0:38.850,0:39.061,175.0,,Am,,Toyota Gazoo Racing,GF,39.638,38.85,39.061,16.350,16.350,23.288,39.638,15.848,55.486,23.002,1:18.488,15.06,1:33.548,24.001,1:57.549,15.8,32.2,48.34,0.3479582991834551,0.3046630496884983,0,0.1805159256988219,-0.0824878287569926,0.1993818581562851,77.24903188876156,22.75096811123844,23.570445220554543,1,0,-2.93103136486242,0,0,1,High error bursts detected - suggest 1-lap cool down,22.396060358622037,0,117.549,117.266,0.2830000000000154,0,High,-0.36541790386501427,0,0.3042872,23.73863
GR86-013-080,80,19.0,17.712575246467672,22.57614184838938,79.89636363636363,1.5948275862068966,5.0,185.0,1.705131632162089,2.163955656882057,0.0,0.0,63.1543611850944,39.14847228516975,2.533913043478261,99.36181818181818,5.787114429798088,72.0690909090909,671.3052738565782,-9.934640758055696,37.727208979891024,124.62274568965516,30.43696686021753,63.8175,177.118,-0.0092817164000023,0.3581164019280069,-0.0725557110286278,0.7968046450938526,80,1,19,1:57.708,0,,39.514,0,38.973,0,39.221,0,117.4,40:18.027,14:46:06.850,0:39.514,0:38.973,0:39.221,175.0,,Am,,Toyota Gazoo Racing,GF,39.514,38.973,39.221,16.365,16.365,23.149,39.514,16.016,55.530,22.957,1:18.487,15.277,1:33.764,23.944,1:57.708,15.8,32.2,48.34,0.6452966765571142,0.4178922331229402,0,0.1805159256988219,-0.1875530698999949,0.3063841431126931,79.8469146993401,20.153085300659896,22.396060358622037,1,0,-3.0896595838824936,0,0,1,High error bursts detected - suggest 1-lap cool down,22.36294610695423,0,117.708,117.266,0.4420000000000073,0,High,-0.37763963154944097,0,0.3042872,22.421053
GR86-013-080,80,20.0,16.340709921318616,22.94044846889927,79.8649604743083,1.5811965811965811,5.0,185.0,1.64155676156359,2.163955656882057,0.0,0.0,64.29758764102242,39.620547993459525,2.526521739130435,99.3575,6.042790895497417,72.52,707.0065347731978,-10.422883412883412,37.22364080292897,124.79320512820512,30.37717278131737,65.6725,177.815,-0.0065353354375093,0.3675086363841048,-0.0707417859113511,0.7960416921914714,80,1,20,1:58.017,0,,39.503,0,39.222,0,39.292,0,117.1,42:16.044,14:48:04.867,0:39.503,0:39.222,0:39.292,175.0,,Am,,Toyota Gazoo Racing,GF,39.503,39.222,39.292,16.400,16.400,23.103,39.503,15.956,55.459,23.266,1:18.725,15.172,1:33.897,24.12,1:58.017,15.8,32.2,48.34,0.3094324076917196,0.1725922900738385,0,0.1356721574167953,-0.2009494182325907,0.1362336766152357,75.71587233603223,24.28412766396777,22.36294610695423,0,0,-1.2074991136003137,0,0,0,Maintain current pace,24.162354297989936,0,118.017,117.266,0.7510000000000048,0,High,-0.37664883425324946,0,0.3042872,23.992851
GR86-013-080,80,21.0,16.59246019278628,22.31960037041921,90.7567391304348,1.752136752136752,5.0,205.0,1.6335242349048118,2.025326220770068,0.0,0.0,62.91154340596039,39.87963277399108,2.527272727272728,99.36521739130436,5.511610146542085,78.93431818181818,644.858387145424,-10.124336196164505,37.94360233585008,124.41016666666668,29.13379316795957,66.7425,178.26,-0.0038202845106365,0.3585634259747992,-0.074708599747047,0.8028198603406919,80,1,21,1:56.946,0,,39.641,0,38.785,0,38.520,0,118.2,44:12.990,14:50:01.813,0:39.641,0:38.785,0:38.520,179.1,,Am,,Toyota Gazoo Racing,GF,39.641,38.785,38.52,16.576,16.576,23.065,39.641,16.048,55.689,22.737,1:18.426,14.624,1:33.050,23.896,1:56.946,15.8,32.2,48.34,0.3710666798852854,0.1415992528346058,0,0.6980372515481513,-0.4795179105744536,0.2034736138490144,77.34837464376497,22.65162535623503,24.162354297989936,1,0,1.7662939393679018,0,0,1,High error bursts detected - suggest 1-lap cool down,24.06080026696574,0,116.946,117.266,0.3199999999999932,0,High,-0.41252265741096084,0,0.3042872,22.948647
GR86-013-080,80,22.0,15.48728177457432,22.711852149297098,84.91367588932806,1.5827338129496402,5.0,220.0,1.6467583557003762,2.163955656882057,0.0,0.0,66.1740769475928,38.99035530891713,2.5023809523809524,99.79272727272728,5.854921902782093,69.85704545454546,813.8341444867109,-12.161066215549832,37.94339403141777,124.75798081534772,30.587514855915003,64.478,176.95000000000002,-0.0022288009129925,0.3686149898916386,-0.1049629607588628,0.7699229904456331,80,1,22,1:57.674,0,,39.654,0,39.239,0,38.781,0,117.4,46:10.664,14:51:59.487,0:39.654,0:39.239,0:38.781,178.2,,Am,,Toyota Gazoo Racing,GF,39.654,39.239,38.781,16.394,16.394,23.26,39.654,16.255,55.909,22.984,1:18.893,14.816,1:33.709,23.965,1:57.674,15.8,32.2,48.34,0.1004935160375567,0.1926623387189446,0,0.1407293974719334,-0.1538240882310113,0.084040640288692,74.44869012623299,25.55130987376701,24.06080026696574,0,0,1.6978541600115094,0,0,0,Maintain current pace,24.76538772233109,0,117.674,117.266,0.4080000000000154,0,High,-0.37805226152333654,0,0.3042872,25.201366
GR86-013-080,80,23.0,15.897047129572776,22.709741176170045,90.27837944664032,1.652542372881356,5.0,390.0,1.6429678308120204,2.163955656882057,0.0,0.0,66.63440159400226,38.857196315558966,2.5354545454545456,99.80913043478262,5.733943485457548,77.55022727272727,1353.2106625679812,-9.985748041820791,36.87408302056792,123.89298305084743,30.759496995682014,60.696000000000005,178.304,-0.006634263300555,0.3519855295498952,-0.073240695904278,0.7804509217473315,80,1,23,1:56.733,0,,39.355,0,38.770,0,38.608,0,118.4,48:07.397,14:53:56.220,0:39.355,0:38.770,0:38.608,181.2,,Am,,Toyota Gazoo Racing,FF,39.355,38.77,38.608,16.417,16.417,22.938,39.355,16.068,55.423,22.702,1:18.125,14.545,1:32.670,24.063,1:56.733,15.8,32.2,48.34,0.2008135247439302,0.1780368187534844,0,0.3703880971284,-0.115292971209361,0.148782179559874,76.02053442910483,23.97946557089517,24.76538772233109,0,0,0.6030334243411559,0,0,0,Maintain current pace,,0,116.733,117.266,0.532999999999987,0,High,-0.370680726340293,0,0.3042872,25.082478
GR86-015-031,31,1.0,15.707737402895605,22.96134943567269,94.43581027667985,1.858288770053476,5.0,695.0,1.251175263626529,2.302585092994045,0.0,0.0,30.28743837459688,34.21528428565734,2.5013636363636365,100.20666666666666,8.334573023290075,53.909318181818186,3117.130310710488,-11.346646390615051,48.11290808068762,62.92473315363882,48.68690266037863,0.0,147.388,0.0270640429651359,0.2000884380932339,-0.065632130068031,0.485582079691239,31,1,1,2:42.839,0,,56.129,0,51.013,0,55.697,0,84.9,2:42.839,14:08:31.662,0:56.129,0:51.013,0:55.697,131.1,,Am,,Toyota Gazoo Racing,GF,56.129,51.013,55.697,,,,56.129,22.903,1:19.032,28.11,1:47.142,21.339,2:08.481,34.358,2:42.839,15.8,32.2,48.34,-0.0581346478899162,-2.3140770088684204,0,0.7575060440882367,2.912358040734835,-0.1910979358973609,67.76866663054788,32.23133336945212,26.140597263404477,0,0,,0,0,0,Maintain current pace,26.02527781501163,0,162.839,114.123,48.71600000000001,0,High,-0.5195651323107231,0,0.3042872,26.386644
GR86-015-031,31,2.0,18.027289343939543,20.70391157481699,93.1059090909091,2.269736842105264,5.0,345.0,1.5297323459552157,2.302585092994045,0.0,0.0,36.69763099605307,32.94341365086058,2.499565217391305,100.23826086956522,3.193292496309945,43.013571428571424,485.3804594391116,-12.236518430500274,36.54230284619783,96.44144736842104,21.04957223332154,53.24,133.525,0.0143083304558095,0.2251726491677722,-0.0821083067655142,0.5893935786080186,31,1,2,1:57.860,0,,41.709,0,38.053,0,38.098,0,117.2,4:40.699,14:10:29.522,0:41.709,0:38.053,0:38.098,185.2,,Am,,Toyota Gazoo Racing,GF,41.709,38.053,38.098,17.932,17.932,23.777,41.709,15.728,57.437,22.325,1:19.762,14.398,1:34.160,23.7,1:57.860,15.8,32.2,48.34,1.241426279789701,-0.7968265005429894,0,1.9929448790852644,-1.6152722420969834,0.3106357664542544,79.95013884264317,20.04986115735683,26.02527781501163,1,0,,0,0,1,High error bursts detected - suggest 1-lap cool down,24.649031669831214,0,117.86,114.123,3.737000000000009,0,High,-0.4290274328375365,0,0.3042872,22.434921
GR86-015-031,31,3.0,14.117328274736236,21.6402677798214,92.61430147058825,1.931623931623932,5.0,226.0,1.8370143199621345,2.302585092994045,0.0,0.0,69.23299069422735,38.50497462071789,2.606875,100.17954545454543,6.263130661667132,65.33113636363636,732.7862874150544,-13.119662095680402,42.39167321127968,124.8173376068376,30.475826003828715,60.120000000000005,185.388,0.0288751130683826,0.3499399847844218,-0.0871713364687166,0.7960179136695499,31,1,3,1:53.994,0,,38.123,0,38.105,0,37.766,0,121.2,6:34.693,14:12:23.516,0:38.123,0:38.105,0:37.766,185.2,,Am,,Toyota Gazoo Racing,GF,38.123,38.105,37.766,15.748,15.748,22.375,38.123,15.792,53.915,22.313,1:16.228,14.301,1:30.529,23.465,1:53.994,15.8,32.2,48.34,-0.9491832704315272,0.8768833450789334,0,0.9777066300895714,-0.0710351046626338,0.0740183391874475,74.20536108177406,25.794638918225942,24.649031669831214,0,1,-1.4915655935732597,0,0,1,Steering indecision - check driver fatigue or track confidence,25.896164697974143,0,113.994,114.123,0.1289999999999906,0,High,-0.40574724871798695,0,0.3042872,26.631289
GR86-015-031,31,4.0,15.241158514515638,23.650048660409134,88.97681818181817,1.327433628318584,5.0,150.0,1.8166483086800864,2.302585092994045,0.0,0.0,73.14691193519013,37.87096881490996,2.520526315789473,100.21045454545455,7.65513632035158,108.71428571428572,865.0304041997285,-12.799928010798128,42.45470102958859,128.57465044247786,31.446760103450256,65.064,183.8175,0.0245556797996648,0.3670846432708903,-0.0974793947199553,0.8445543045558371,31,1,4,1:54.123,0,,38.850,0,37.581,0,37.692,0,121.1,8:28.816,14:14:17.639,0:38.850,0:37.581,0:37.692,187.2,,Am,,Toyota Gazoo Racing,GF,38.85,37.581,37.692,15.592,15.592,23.258,38.850,15.807,54.657,21.774,1:16.431,14.239,1:30.670,23.453,1:54.123,15.8,32.2,48.34,-0.3195418974063473,0.7659533313383828,0,-0.8364716712201211,0.0880262288363787,-0.0210423641866887,71.89740506608914,28.102594933910865,25.896164697974143,0,1,-0.1291131170374875,0,0,1,Steering indecision - check driver fatigue or track confidence,20.329988705473536,0,114.123,114.123,0.0,0,High,-0.39622353925871,0,0.3042872,28.414032
GR86-015-031,31,5.0,15.894988448384344,23.631269838203806,88.60270750988143,1.4601769911504423,5.0,165.0,1.8200708871612128,2.302585092994045,0.0,0.0,73.42920019164156,37.64414754138895,2.5694736842105264,100.155,7.765658326611225,108.88261904761904,877.5193909070684,-11.93755384199682,41.40587525630535,128.3552772861357,31.64411930880157,61.93,187.268,0.0242238836334823,0.3805541846039029,-0.0917079326484894,0.8441566214989563,31,1,5,2:04.440,0,,38.050,0,40.807,0,45.583,0,111.0,10:33.256,14:16:22.079,0:38.050,0:40.807,0:45.583,181.2,,Am,,Toyota Gazoo Racing,FCY,38.05,40.807,45.583,15.401,15.401,22.649,38.050,16.814,54.864,23.993,1:18.857,15.911,1:34.768,29.672,2:04.440,15.8,32.2,48.34,0.0467753297994841,0.7845955029782524,0,-0.4378884315107437,0.1203582052225433,0.1565340304800511,76.20873975821438,23.791260241785626,20.329988705473536,0,1,-4.319042964357678,0,0,1,Steering indecision - check driver fatigue or track confidence,28.144129065729192,0,124.44,114.123,10.317000000000007,0,High,-0.38551311624692836,0,0.3042872,31.341867
GR86-015-031,31,6.0,19.08608150902773,23.463029328655,90.8882683982684,2.073170731707317,5.0,255.0,1.708205957227016,2.302585092994045,0.0,0.0,45.93141984210894,38.03967439232895,2.505,100.16636363636364,4.336565398129893,75.95113636363637,533.3975439699768,-12.319929674487309,39.87785912027696,117.91180894308944,28.29579803367964,63.275,182.872,0.0106406753570548,0.2718196337798014,-0.0814429711834885,0.7834595723213319,31,1,6,2:56.479,0,,1:04.636,0,57.526,0,54.317,0,78.3,13:29.735,14:19:18.558,1:04.636,0:57.526,0:54.317,135.0,,Am,,Toyota Gazoo Racing,FCY,64.636,57.526,54.317,24.181,24.181,40.455,1:04.636,28.672,1:33.308,28.854,2:02.162,20.128,2:22.290,34.189,2:56.479,15.8,32.2,48.34,1.8346291755449249,0.1752872765007177,0,1.4027236022691465,-0.4281738189504721,0.7618017302339816,90.90388905927588,9.096110940724117,28.144129065729192,1,0,2.247964367755049,0,0,1,High error bursts detected - suggest 1-lap cool down,30.4774989325923,0,176.47899999999998,114.123,62.356,1,High,-0.4347773317933031,0,0.3042872,31.0302
GR86-015-031,31,7.0,11.986685479261393,19.28695327561518,95.7674523809524,2.01423487544484,5.0,566.0,1.1689414721897524,2.302585092994045,0.0,0.0,19.596214582867624,26.19068383660723,2.4677272727272728,100.12045454545456,2.9899121716719885,64.28391304347826,840.1653202398288,-16.67781259617919,47.19602302188299,55.98275959232614,40.85371104247317,0.0,136.435,0.0102242932298864,0.1562489897209595,-0.0581832121728935,0.3928587089873976,31,1,7,2:47.116,0,,54.465,0,1:00.280,0,52.371,0,82.7,16:16.851,14:22:05.674,0:54.465,1:00.280,0:52.371,130.1,,Am,,Toyota Gazoo Racing,FCY,54.465,60.28,52.371,22.313,22.313,32.152,54.465,27.265,1:21.730,33.015,1:54.745,19.394,2:14.139,32.977,2:47.116,15.8,32.2,48.34,-2.1429052470107663,-2.7619897340302737,0,1.2257592401872583,1.6291011185781308,-0.9865950097248966,48.45498398532215,51.54501601467785,30.4774989325923,0,0,10.147510227118763,0,0,0,Maintain current pace,31.535600795683745,0,167.116,114.123,52.993,1,Medium,-0.483961240708043,0,0.3042872,31.585644
GR86-015-031,31,8.0,17.421558071543554,21.80259448450317,93.03790043290044,2.096969696969697,5.0,346.0,1.3792022532232062,2.302585092994045,0.0,0.0,26.030445820529245,27.022083540309414,2.487142857142857,100.065,2.254810110144496,22.7475,372.0436681738417,-11.814934179126496,33.13861979388589,88.25134747474748,17.520058790178652,49.1175,131.296,0.006620970411003,0.1959129623798199,-0.0904021636982641,0.5286726299259225,31,1,8,2:27.518,0,,47.051,0,47.903,0,52.564,0,93.7,18:44.369,14:24:33.192,0:47.051,0:47.903,0:52.564,146.1,,Am,,Toyota Gazoo Racing,GF,47.051,47.903,52.564,21.363,21.363,25.688,47.051,22.389,1:09.440,25.514,1:34.954,19.822,1:54.776,32.742,2:27.518,15.8,32.2,48.34,0.9020569902513064,-1.6167369397484876,0,1.4741838129617575,-2.193487710157926,-0.1317883369332589,69.20863015762505,30.791369842374948,31.535600795683745,1,0,3.391471729954553,0,0,1,High error bursts detected - suggest 1-lap cool down,24.185078471320622,0,147.518,114.123,33.39500000000001,0,High,-0.4477044458134778,0,0.3042872,24.858912
GR86-015-031,31,9.0,20.499133623678247,24.107619680749654,91.74090909090908,2.1232876712328768,5.0,310.0,1.5160188091653837,2.163955656882057,0.0,0.0,39.49093209331576,35.48547301440199,2.488571428571429,100.05521739130435,3.176608289950788,72.48136363636364,463.7848103328149,-11.79710802350563,34.553731769274016,99.59065068493152,20.41417582696835,53.182500000000005,159.435,0.0286083451213385,0.234114531107102,-0.0915070291930372,0.6234882930263488,31,1,9,1:53.307,0,,38.246,0,37.205,0,37.856,0,122.0,20:37.676,14:26:26.499,0:38.246,0:37.205,0:37.856,187.2,,Am,,Toyota Gazoo Racing,GF,38.246,37.205,37.856,15.876,15.876,22.37,38.246,15.474,53.720,21.731,1:15.451,14.318,1:29.769,23.538,1:53.307,15.8,32.2,48.34,2.62631108810792,-0.8715216778882231,0,1.5532077522429506,-1.7193647852823697,0.6310575912685257,87.72958347000157,12.270416529998428,24.185078471320622,1,0,-6.292420461271679,0,0,1,High error bursts detected - suggest 1-lap cool down,22.288433970742854,0,113.307,114.123,0.8159999999999883,0,High,-0.47329736518791454,0,0.3042872,21.468576
GR86-015-031,31,10.0,15.557128156914493,23.18828717690153,81.02047619047619,1.327433628318584,5.0,150.0,1.7347686457985738,2.163955656882057,0.0,0.0,72.33707115891832,37.15627505738129,2.5065,100.05428571428573,7.284947088878059,107.30342105263158,823.1990210432207,-12.360004888188096,40.97894613370463,129.36652654867257,31.513978503582965,62.512,184.708,0.0237513736105826,0.3672434793078339,-0.091981195639468,0.8537784796467562,31,1,10,1:54.894,0,,38.501,0,38.311,0,38.082,0,120.3,22:32.570,14:28:21.393,0:38.501,0:38.311,0:38.082,186.2,,Am,,Toyota Gazoo Racing,GF,38.501,38.311,38.082,15.847,15.847,22.654,38.501,15.852,54.353,22.459,1:16.812,14.301,1:31.113,23.781,1:54.894,15.8,32.2,48.34,-0.1425155526504508,0.3199694809550672,0,-0.8364716712201211,0.0990381485587848,-0.0783292313835081,70.50655095841151,29.49344904158849,22.288433970742854,0,0,-9.247166824940887,0,0,0,Maintain current pace,26.770589535976445,0,114.894,114.123,0.771000000000015,0,High,-0.3705725668869639,0,0.3042872,23.935728
GR86-015-031,31,11.0,15.221978390043605,23.90503867011762,88.54333333333332,1.8421052631578947,5.0,210.0,1.7452416608264654,2.163955656882057,0.0,0.0,71.61376456659553,38.31413445069841,2.522105263157895,100.06714285714284,7.017510383923021,93.0245,799.9961837672244,-10.44156186065875,41.44142392359685,127.6976461988304,30.97451113777677,63.054,186.16,0.0234551930364912,0.3734370591051899,-0.094803960912991,0.8402160508378581,31,1,11,1:54.291,0,,38.590,0,37.865,0,37.836,0,120.9,24:26.861,14:30:15.684,0:38.590,0:37.865,0:37.836,187.2,,Am,,Toyota Gazoo Racing,GF,38.59,37.865,37.836,16.062,16.062,22.528,38.590,15.995,54.585,21.87,1:16.455,14.283,1:30.738,23.553,1:54.291,15.8,32.2,48.34,-0.3302878263553097,0.3770141169841685,0,0.7089124687057111,0.0106609882368017,0.102570150468986,74.89856365935835,25.10143634064165,26.770589535976445,0,0,2.5855110646558224,0,0,0,Maintain current pace,25.47691458374092,0,114.291,114.123,0.1680000000000063,0,High,-0.37097260818582267,0,0.3042872,25.553211
GR86-015-031,31,12.0,15.910332677888478,22.96535409485688,84.8833947368421,1.3716814159292037,5.0,155.0,1.7986616870260743,2.163955656882057,0.0,0.0,71.34053692081709,37.94867459577754,2.520909090909091,100.0790909090909,7.169727585480836,96.416,810.1792171593345,-10.121103686291413,42.99411663546538,128.1183761061947,30.857857842273784,65.045,185.408,0.0300159265998779,0.3624230837833658,-0.0951807573298561,0.8608297129469327,31,1,12,1:54.402,0,,39.123,0,37.287,0,37.992,0,120.8,26:21.263,14:32:10.086,0:39.123,0:37.287,0:37.992,187.2,,Am,,Toyota Gazoo Racing,GF,39.123,37.287,37.992,15.400,15.400,23.723,39.123,15.499,54.622,21.788,1:16.410,14.276,1:30.686,23.716,1:54.402,15.8,32.2,48.34,0.0553721457517694,0.667983426500689,0,-0.7036105913169944,-0.0084495041714798,0.0772209612360059,74.28311677430081,25.716883225699192,25.47691458374092,0,1,3.188480612998063,0,0,1,Steering indecision - check driver fatigue or track confidence,25.25805097166256,0,114.402,114.123,0.2790000000000106,0,High,-0.36049685167113144,0,0.3042872,25.964073
GR86-015-031,31,13.0,15.610533887401488,23.562887952106184,87.74671826625388,1.592920353982301,5.0,180.0,1.75648366321973,2.302585092994045,0.0,0.0,71.7718599136898,38.44431801268344,2.5733333333333333,100.08090909090907,6.816454250953068,74.85863636363636,770.2593303576966,-10.007525558614295,41.89733766249874,128.02726401179942,31.61969420941932,64.73,185.04,0.026803894978976,0.3628589792121214,-0.0874230447641613,0.8581031889828847,31,1,13,1:52.892,0,,38.164,0,37.155,0,37.573,0,122.4,28:14.155,14:34:02.978,0:38.164,0:37.155,0:37.573,188.2,,Am,,Toyota Gazoo Racing,GF,38.164,37.155,37.573,15.628,15.628,22.536,38.164,15.581,53.745,21.574,1:15.319,14.228,1:29.547,23.345,1:52.892,15.8,32.2,48.34,-0.1125942564608726,0.4382472893852565,0,-0.0393051918013656,0.1163568122545743,0.0815234478633049,74.38757581511808,25.61242418488192,25.25805097166256,0,0,-1.5125385643138891,0,0,0,Maintain current pace,25.534173476611,0,112.892,114.123,1.2309999999999943,0,High,-0.3593431018519341,0,0.3042872,24.826746
GR86-015-031,31,14.0,16.06900775534366,25.583054029915,91.722,1.3839285714285714,5.0,155.0,1.8061907897709133,2.163955656882057,0.0,0.0,72.36623702641985,38.05471815498863,2.5146666666666664,100.08473684210526,7.600783590712913,105.728,851.2877621598462,-10.735979795565685,41.43319785931668,129.5559538690476,31.46549728054869,61.58,186.4525,0.0275032243681572,0.372442130835263,-0.0950126903281075,0.8612436878244892,31,1,14,1:52.459,2,,37.878,0,37.069,2,37.512,2,122.9,30:06.614,14:35:55.437,0:37.878,0:37.069,0:37.512,189.1,,Am,,Toyota Gazoo Racing,GF,37.878,37.069,37.512,15.461,15.461,22.417,37.878,15.476,53.354,21.593,1:14.947,14.007,1:28.954,23.505,1:52.459,15.8,32.2,48.34,0.1442720437055457,0.7089930998909423,0,-0.6668365424152369,0.0910958093325686,0.1296139876553706,75.55515449559344,24.44484550440656,25.534173476611,0,1,0.057258892870081,0,0,1,Steering indecision - check driver fatigue or track confidence,29.807017721976266,0,112.459,114.123,1.6639999999999873,0,High,-0.38155266616362293,0,0.3042872,26.035309
GR86-015-031,31,15.0,15.86424486537993,23.58371671082897,80.98718426501034,1.3392857142857142,5.0,150.0,1.7852049933944711,2.163955656882057,0.0,0.0,72.8137083584422,37.46462598285008,2.515,100.0405,8.24603482763763,116.47142857142858,923.5559006954144,-11.757945321253112,41.01833637742556,130.13978571428572,31.257217056983205,62.818000000000005,187.242,0.0304194735470812,0.3728560735602163,-0.0947085745869147,0.8714968041676932,31,1,15,1:52.791,0,,37.948,0,37.136,0,37.707,0,122.5,31:59.405,14:37:48.228,0:37.948,0:37.136,0:37.707,188.2,,Am,,Toyota Gazoo Racing,GF,37.948,37.136,37.707,15.490,15.490,22.458,37.948,15.486,53.434,21.65,1:15.084,14.26,1:29.344,23.447,1:52.791,15.8,32.2,48.34,0.0295508139167184,0.5946872278104758,0,-0.8008838819603551,0.0569747190189089,0.0431019407354721,73.45474925945547,26.54525074054453,29.807017721976266,0,0,4.548966750313706,0,0,0,Maintain current pace,28.88523265176545,0,112.791,114.123,1.3319999999999936,0,High,-0.3847744118547899,0,0.3042872,27.611135
GR86-015-031,31,16.0,13.742702612498263,21.49928575813015,76.96143274853802,1.2946428571428572,5.0,145.0,1.7014718974296783,2.163955656882057,0.0,0.0,71.23865053369356,37.98905729261033,2.48875,100.04173913043478,7.491390509728157,90.41125,839.0357370895537,-10.397200891115498,41.233260326063714,129.49332589285714,31.32816325786281,64.5375,186.006,0.0299817269695306,0.3656743451198517,-0.0991020526208325,0.8625989484816045,31,1,16,1:53.224,0,,37.896,0,37.678,0,37.650,0,122.0,33:52.629,14:39:41.452,0:37.896,0:37.678,0:37.650,187.2,,Am,,Toyota Gazoo Racing,GF,37.896,37.678,37.65,15.523,15.523,22.373,37.896,15.625,53.521,22.053,1:15.574,14.275,1:29.849,23.375,1:53.224,15.8,32.2,48.34,-1.1590724583112604,0.1386080595689845,0,-0.9349312215054728,0.0685973382296229,-0.4464496720039906,61.5690430790223,38.4309569209777,28.88523265176545,0,0,3.3510591751544467,0,0,0,Maintain current pace,30.302602588167836,0,113.224,114.123,0.8990000000000009,0,Medium,-0.39208442866323895,0,0.3042872,28.1763
GR86-015-031,31,17.0,17.491291544283857,26.823918773157057,93.42151138716356,1.327433628318584,5.0,150.0,1.7328735827463948,2.302585092994045,0.0,0.0,73.3762392738618,37.90877888456711,2.46875,100.0442105263158,7.910527770240381,116.58,893.8896380371631,-9.73653833215715,41.87613248511876,129.57727286135693,31.473167033688984,64.1725,184.2875,0.0300378868835836,0.3707036333614585,-0.0952022818957182,0.8513241088979318,31,1,17,1:52.818,0,,37.727,2,37.540,0,37.551,0,122.5,35:45.447,14:41:34.270,0:37.727,0:37.540,0:37.551,188.2,,Am,,Toyota Gazoo Racing,GF,37.727,37.54,37.551,15.474,15.474,22.253,37.727,15.764,53.491,21.776,1:15.267,14.24,1:29.507,23.311,1:52.818,15.8,32.2,48.34,0.941126128959157,0.3096474121166428,0,-0.8364716712201211,0.0923522912735975,0.2435141701612493,78.32050970622588,21.679490293774123,30.302602588167836,0,0,0.4955848661915709,0,0,0,Maintain current pace,26.25269445030494,0,112.818,114.123,1.3049999999999926,0,High,-0.4102320508740615,0,0.3042872,26.727211
GR86-015-031,31,18.0,15.320421865883342,23.71168528697791,80.91954545454546,1.3839285714285714,5.0,155.0,1.7115995995976916,2.163955656882057,0.0,0.0,73.46384363287801,37.452575151426274,2.5035,100.0321052631579,7.700771077951108,111.6595238095238,862.4863607305241,-10.391879449735567,42.03414734900772,129.42698214285716,31.036858493109445,64.122,183.8875,0.0277270231766949,0.3683292859476033,-0.0979971511921025,0.8644493558111043,31,1,18,1:55.149,0,,37.871,0,37.307,0,39.971,0,120.0,37:40.596,14:43:29.419,0:37.871,0:37.307,0:39.971,188.2,,Am,,Toyota Gazoo Racing,GF,37.871,37.307,39.971,15.532,15.532,22.339,37.871,15.549,53.420,21.758,1:15.178,16.51,1:31.688,23.461,1:55.149,15.8,32.2,48.34,-0.2751335129197946,0.1937718383324881,0,-0.6668365424152369,0.0208749188045074,-0.1320350837746511,69.20263945024831,30.797360549751687,26.25269445030494,0,0,-2.632538201460509,0,0,0,Maintain current pace,28.860176040809773,0,115.149,114.123,1.0260000000000105,0,High,-0.38275813997332137,0,0.3042872,26.531322
GR86-015-031,31,19.0,15.179219102375864,23.59283428192564,93.05566666666668,1.434782608695652,5.0,165.0,1.8199500188159503,2.19722457733622,0.0,0.0,73.41864279119132,37.51896989124522,2.5083333333333333,100.036,8.360995150013242,107.17275,961.5144422515228,-9.63327324467472,47.7527938942345,127.52236521739133,33.43571436421347,54.468,186.47,0.025363247790504,0.3812552707263317,-0.0928674955220312,0.8506439191215461,31,1,19,1:53.109,0,,37.759,0,37.651,0,37.699,0,122.2,39:33.705,14:45:22.528,0:37.759,0:37.651,0:37.699,188.2,,Am,,Toyota Gazoo Racing,GF,37.759,37.651,37.699,15.455,15.455,22.304,37.759,15.983,53.742,21.668,1:15.410,14.27,1:29.680,23.429,1:53.109,15.8,32.2,48.34,-0.3542443062966036,0.7839371547619484,0,-0.5141391382377548,0.4138626755209219,0.0539763936179349,73.718767492611,26.281232507389007,28.860176040809773,0,1,-1.4424265473580604,0,0,1,Steering indecision - check driver fatigue or track confidence,29.76727435704818,0,113.109,114.123,1.0139999999999816,0,High,-0.38806972825164715,0,0.3042872,27.682478
GR86-015-031,31,20.0,15.423275899965423,25.05747905226041,83.86297619047619,1.3839285714285714,5.0,155.0,1.735621885675663,2.163955656882057,0.0,0.0,73.48873625713634,37.6255696509788,2.5045454545454544,100.01684210526317,8.5372625285292,116.82795454545456,956.1734031952702,-10.098130790073467,40.95172444839866,129.36492410714283,31.241801584626923,65.3525,188.9,0.0279480629827341,0.3780370014626339,-0.1065898727686761,0.8544969124909257,31,1,20,1:53.076,0,,37.841,0,37.578,0,37.657,0,122.2,41:26.781,14:47:15.604,0:37.841,0:37.578,0:37.657,188.2,,Am,,Toyota Gazoo Racing,GF,37.841,37.578,37.657,15.593,15.593,22.248,37.841,15.968,53.809,21.61,1:15.419,14.167,1:29.586,23.49,1:53.076,15.8,32.2,48.34,-0.2175081234718894,0.3246169256598095,0,-0.6668365424152369,0.0544493101467074,-0.0786787559742292,70.49806493471138,29.50193506528862,29.76727435704818,0,0,3.51457990674324,0,0,0,Maintain current pace,32.7277124010999,0,113.076,114.123,1.046999999999997,0,High,-0.39570301210932557,0,0.3042872,29.675142
GR86-015-031,31,21.0,15.15859749688309,23.029377359101627,78.46486166007905,1.2946428571428572,5.0,145.0,1.680811112134078,2.163955656882057,0.0,0.0,72.73353762331462,37.78298679034146,2.587619047619048,100.02666666666669,7.719351939145224,108.68477272727272,864.5674171842651,-12.059171348437614,39.168984576518326,129.30920089285715,30.869173127768764,66.574,186.108,0.0289169914612011,0.3684688554443187,-0.1006813293957066,0.8578389179181991,31,1,21,1:52.770,0,,37.875,0,37.242,0,37.653,0,122.5,43:19.551,14:49:08.374,0:37.875,0:37.242,0:37.653,188.2,,Am,,Toyota Gazoo Racing,GF,37.875,37.242,37.653,15.705,15.705,22.17,37.875,15.575,53.450,21.667,1:15.117,14.174,1:29.291,23.479,1:52.770,15.8,32.2,48.34,-0.3657978448443852,0.0260724646019066,0,-0.9349312215054728,-0.006595800196663,-0.2441205005483261,66.48134450153309,33.51865549846691,32.7277124010999,0,0,3.867536360290128,0,0,0,Maintain current pace,32.443839787319206,0,112.77,114.123,1.3529999999999802,0,High,-0.3942114698695011,0,0.3042872,29.2092
GR86-015-031,31,22.0,14.347024062920278,21.36202265303695,84.26095238095238,1.25,5.0,140.0,1.742632251645549,2.163955656882057,0.0,0.0,71.89348638015899,37.68204849956727,2.505625,100.02526315789474,7.636856710677562,109.24214285714284,855.3279515958869,-11.7552001352232,39.631256667952165,129.72551785714285,31.1514576239102,65.432,184.784,0.0298807282457657,0.3642032890192288,-0.0979946904217836,0.8656129763679772,31,1,22,1:54.200,0,,38.252,0,37.201,0,38.747,0,121.0,45:13.751,14:51:02.574,0:38.252,0:37.201,0:38.747,188.2,,Am,,Toyota Gazoo Racing,GF,38.252,37.201,38.747,15.730,15.730,22.522,38.252,15.574,53.826,21.627,1:15.453,14.974,1:30.427,23.773,1:54.200,15.8,32.2,48.34,-0.8204930409546178,0.3628011327976715,0,-1.0689785610505909,0.0396488917961873,-0.3118295240649373,64.83745336045584,35.16254663954416,32.443839787319206,0,0,2.676565430271026,0,0,0,Maintain current pace,31.906431931745352,0,114.2,114.123,0.0770000000000123,0,Medium,-0.39218198015118677,0,0.3042872,27.892408
GR86-015-031,31,23.0,14.786790189089418,22.718198005505105,92.42027272727272,1.5566037735849056,5.0,330.0,1.770039366486679,2.163955656882057,0.0,0.0,71.79258079080849,38.26916902839751,2.4955000000000003,100.02391304347827,7.347013180327736,107.19,1557.56679422948,-12.80040835185448,41.06712345064717,126.32955450236967,32.30498662374142,49.316,185.8,0.0241576037715528,0.3739033113547406,-0.1119838186290919,0.8307316928767925,31,1,23,1:53.364,0,,37.997,0,37.358,0,38.009,0,121.9,47:07.115,14:52:55.938,0:37.997,0:37.358,0:38.009,186.2,,Am,,Toyota Gazoo Racing,FF,37.997,37.358,38.009,15.575,15.575,22.422,37.997,15.632,53.629,21.726,1:15.355,14.497,1:29.852,23.512,1:53.364,15.8,32.2,48.34,-0.5741080108227951,0.5120827758160705,0,-0.1483515498350634,0.2286234689734183,-0.0436020948707385,71.34968277605346,28.650317223946544,31.906431931745352,0,0,-0.8212804693545479,0,0,0,Maintain current pace,,0,113.364,114.123,0.7589999999999861,0,High,-0.4279803734853111,0,0.3042872,30.261824
GR86-016-055,55,1.0,10.250751935915847,21.15126957619913,95.61862700228832,1.2667578659370724,5.0,926.0,0.623322177380935,2.302585092994045,0.0,0.0,25.641381942207023,32.313886546759505,2.3185714285714285,100.10652173913044,2.836713518143916,58.43826086956521,2073.6375817632024,-1.1611721120686147,20.8572839812474,33.62790492476061,45.93800328360434,0.0,127.85,0.0116513345905655,0.1883062039179461,-0.0212470437386133,0.3615692100641102,55,1,1,2:41.856,0,,49.845,0,52.326,0,59.685,0,85.4,2:41.856,14:08:30.679,0:49.845,0:52.326,0:59.685,148.1,,Am,,Toyota Gazoo Racing,GF,49.845,52.326,59.685,,,,49.845,21.929,1:11.774,30.397,1:42.171,21.869,2:04.040,37.816,2:41.856,15.8,32.2,48.34,-1.1697059011592603,-2.822438955868433,0,-1.029187817273208,2.45086545956362,-0.9658131359495056,48.95954211391442,51.04045788608558,35.38675872496236,0,0,,0,0,0,Maintain current pace,30.57452473915161,0,161.856,112.36,49.496,0,Medium,-0.5325829989903405,1,0.3436728,30.315235
GR86-016-055,55,2.0,16.6244140013153,20.167081272390348,86.32409090909091,2.4465408805031448,5.0,389.0,1.546595751244218,2.163955656882057,0.0,0.0,36.49729416041201,32.131211846285225,2.4016666666666664,100.1347619047619,3.489967760945876,27.993809523809524,554.9048739903943,-2.458218646825464,35.407455731049744,92.52558805031448,18.20443647638061,55.2675,147.502,-0.000147410675515,0.2165719716348888,-0.0332556255385192,0.5638474903327643,55,1,2,1:54.393,0,,39.269,0,37.151,0,37.973,0,120.8,4:36.249,14:10:25.072,0:39.269,0:37.151,0:37.973,187.2,,Am,,Toyota Gazoo Racing,GF,39.269,37.151,37.973,16.819,16.819,22.45,39.269,15.518,54.787,21.633,1:16.420,14.409,1:30.829,23.564,1:54.393,15.8,32.2,48.34,0.7886329609004505,-0.1780397693731902,0,2.1764435350663685,-1.9486220182979967,0.3236842743569931,80.26694043616085,19.73305956383915,30.57452473915161,1,0,,0,0,1,High error bursts detected - suggest 1-lap cool down,22.269254094172798,0,114.393,112.36,2.0330000000000013,0,High,-0.43020939774296046,0,0.3042872,23.092077
GR86-016-055,55,3.0,15.800980250796885,25.41201280408553,93.44454545454546,1.6228070175438596,5.0,185.0,1.7839233733026991,2.302585092994045,0.0,0.0,72.13736911410203,39.02582864538203,2.4954545454545456,100.16227272727274,6.016953584089014,75.9675,685.9327085861476,-3.431832951254594,39.96534446499179,128.42088157894736,30.28059622213062,60.932,187.1,0.021758207166932,0.3667585604182109,-0.0669788740505295,0.8320744650930632,55,1,3,1:52.996,0,,38.031,0,37.276,0,37.689,0,122.3,6:29.245,14:12:18.068,0:38.031,0:37.276,0:37.689,188.2,,Am,,Toyota Gazoo Racing,GF,38.031,37.276,37.689,15.710,15.710,22.321,38.031,15.529,53.560,21.747,1:15.307,14.315,1:29.622,23.374,1:52.996,15.8,32.2,48.34,0.5356289111994357,0.5017034708435281,0,-0.0617537134821643,-0.0329321270054982,0.2735582713478382,79.0499432324699,20.9500567675301,22.269254094172798,0,0,-13.117504630789568,1,0,1,Focus dropped 13 points - consider radio reminder,24.12941540698664,0,112.996,112.36,0.6360000000000099,0,High,-0.39158920505729367,0,0.3042872,24.260473
GR86-016-055,55,4.0,14.037322304343649,23.40314298443227,90.41471861471862,1.5178571428571428,5.0,170.0,1.7381674278120067,2.163955656882057,0.0,0.0,71.4330417040722,39.56751531557014,2.453636363636364,100.1447619047619,6.585604857726497,85.11863636363637,737.5877440653677,-1.9325668130849687,41.501096103039664,129.54808482142855,31.854843360217647,61.132000000000005,186.076,0.0128007641435067,0.3739044630099996,-0.0617894119396467,0.8564274084165612,55,1,4,1:52.509,0,,37.848,0,37.181,0,37.480,0,122.8,8:21.754,14:14:10.577,0:37.848,0:37.181,0:37.480,188.2,,Am,,Toyota Gazoo Racing,GF,37.848,37.181,37.48,15.647,15.647,22.201,37.848,15.516,53.364,21.665,1:15.029,14.195,1:29.224,23.285,1:52.509,15.8,32.2,48.34,-0.0062636241248913,0.3706513228581632,0,-0.3469168363328431,0.2167970412336693,0.0604259221505138,73.87535404885087,26.12464595114913,24.12941540698664,0,0,-6.445109332164972,0,0,0,Maintain current pace,28.870444797443174,0,112.509,112.36,0.1490000000000009,0,High,-0.3616340215261662,0,0.3042872,31.038857
GR86-016-055,55,5.0,14.420489190904677,24.04102454004818,95.00869565217393,1.4732142857142858,5.0,165.0,1.7659730188487504,2.163955656882057,0.0,0.0,71.77463372568967,39.22862068108631,2.498695652173913,100.13727272727272,6.612778479539829,80.57772727272727,740.6311897084609,-1.68344840723891,41.882997792848,130.25458928571427,31.62627682137192,63.5,187.246,0.0164673115748795,0.3838561600854712,-0.0647089669649324,0.8637394252452851,55,1,5,2:05.530,0,,37.615,0,40.186,0,47.729,0,110.1,10:27.284,14:16:16.107,0:37.615,0:40.186,0:47.729,181.2,,Am,,Toyota Gazoo Racing,FCY,37.615,40.186,47.729,15.496,15.496,22.119,37.615,15.591,53.206,24.595,1:17.801,17.798,1:35.599,29.931,2:05.530,15.8,32.2,48.34,0.1114662769755145,0.450290862425958,0,-0.4682175676946986,0.180538609979597,0.0938338245428987,74.68645649771932,25.31354350228068,28.870444797443174,0,0,6.60119070327038,0,0,0,Maintain current pace,49.732169214141145,0,125.53,112.36,13.170000000000002,0,High,-0.37584355307883144,0,0.3042872,41.591576
GR86-016-055,55,6.0,11.069914233978418,17.29223414126906,86.58350877192981,1.3709677419354838,5.0,170.0,1.724247952353974,2.163955656882057,0.0,0.0,38.60956584753939,35.48888681811853,2.477272727272727,100.1309090909091,3.5713550006439023,53.7575,442.8480200798439,-1.763546204296984,41.80120315756491,117.06730241935485,30.00580063811364,57.5,183.88,-0.0033514358951156,0.2588096903636873,-0.0400618679485255,0.7684778835764468,55,1,6,2:54.670,0,,1:03.775,0,58.006,0,52.889,0,79.1,13:21.954,14:19:10.777,1:03.775,0:58.006,0:52.889,128.1,,Am,,Toyota Gazoo Racing,FCY,63.775,58.006,52.889,23.398,23.398,40.377,1:03.775,27.382,1:31.157,30.624,2:01.781,20.312,2:22.093,32.577,2:54.670,15.8,32.2,48.34,-0.9180142761296344,0.3307837791315052,0,-0.7460353717815305,-0.07652405801307,-0.3122660496245505,64.82685506110029,35.17314493889971,49.732169214141145,0,0,25.602753807154507,0,0,0,Maintain current pace,50.49946694507647,0,174.67000000000002,112.36,62.31000000000002,1,Medium,-0.4358261579975544,0,0.6729255,53.74939
GR86-016-055,55,7.0,1.3883857056759483,4.4984089038018125,69.86863636363637,0.3717409587888982,5.0,442.0,0.4566290052850943,2.302585092994045,0.0,0.0,8.52453067610085,7.632138646608018,2.308,100.04047619047618,0.3011128552633196,38.46738095238096,358.0231849080871,-2.860770347992476,55.18155677121943,14.573552698145027,30.14739639621739,0.0,124.864,0.0174424387543433,0.0669273385205385,-0.0046915301129394,0.1730818908599935,55,1,7,2:47.229,0,,54.959,0,1:00.844,0,51.426,0,82.6,16:09.183,14:21:58.006,0:54.959,1:00.844,0:51.426,128.1,,Am,,Toyota Gazoo Racing,FCY,54.959,60.844,51.426,22.624,22.624,32.335,54.959,26.69,1:21.649,34.154,1:55.803,19.777,2:15.580,31.649,2:47.229,15.8,32.2,48.34,-3.8927112974920672,-3.299874139938616,0,-3.461070818643124,-0.0540621522284338,-2.517348762251586,11.290180798756966,88.70981920124304,50.49946694507647,0,0,21.629022147633297,0,0,0,Maintain current pace,45.5162179575874,0,167.22899999999998,112.36,54.86899999999999,1,Low,-0.6511495074349484,1,0.47541606,49.861828
GR86-016-055,55,8.0,15.631140127629898,19.58231412877125,90.10419191919192,2.0843373493975905,5.0,346.0,1.4864735381559833,2.302585092994045,0.0,0.0,29.60830764757224,30.1275655786756,2.4555,100.06714285714284,3.139322676855599,39.24795454545455,521.1275643580294,-1.8738041824398697,33.888806403593314,88.2989467871486,15.529622250810714,56.135,131.3375,-0.0039268950798526,0.2111644843159431,-0.041772218553,0.4940830555931887,55,1,8,2:30.606,0,,49.107,0,49.089,0,52.410,0,91.7,18:39.789,14:24:28.612,0:49.107,0:49.089,0:52.410,135.0,,Am,,Toyota Gazoo Racing,GF,49.107,49.089,52.41,21.382,21.382,27.725,49.107,21.299,1:10.406,27.79,1:38.196,19.914,1:58.110,32.496,2:30.606,15.8,32.2,48.34,0.4834447021651161,-0.350239143298263,0,1.1922871428274784,-2.3729385792654005,-0.0009771616774492,72.38456330491336,27.615436695086643,45.5162179575874,0,0,-4.215951256553744,0,0,0,Maintain current pace,22.99527859326473,1,150.606,112.36,38.246,0,High,-0.42224623140422574,0,0.6610526,28.435215
GR86-016-055,55,9.0,19.334042324622427,22.41270373102097,89.12272727272725,1.933333333333333,5.0,290.0,1.474701400683935,2.302585092994045,0.0,0.0,36.37428307810978,35.23257765938085,2.4695652173913047,100.09727272727272,2.4795197261434216,27.63978260869565,371.92795892151327,-1.787246419324034,35.01664956111365,97.74398,17.617376394146206,60.445,163.765,0.0142693588682497,0.2177073958932781,-0.0466322817180127,0.5906336970306008,55,1,9,1:52.336,0,,37.661,0,37.168,0,37.507,0,123.0,20:32.125,14:26:20.948,0:37.661,0:37.168,0:37.507,188.2,,Am,,Toyota Gazoo Racing,GF,37.661,37.168,37.507,15.573,15.573,22.088,37.661,15.505,53.166,21.663,1:14.829,14.169,1:28.998,23.338,1:52.336,15.8,32.2,48.34,1.6211795240570703,-0.3839563768849837,0,0.7819886368748287,-2.041749725184584,0.3034880860086411,79.77660202356746,20.223397976432537,22.99527859326473,1,0,-27.50418835181174,1,0,2,High error bursts detected - suggest 1-lap cool down | Focus dropped 28 points - consider radio reminder,20.952779491145705,0,112.336,112.36,0.0240000000000009,0,High,-0.4311650798342503,0,0.3042872,20.784859
GR86-016-055,55,10.0,14.764650515117332,23.306070626256496,94.3526076555024,1.8018018018018016,5.0,200.0,1.7835271034332565,2.302585092994045,0.0,0.0,71.69510209639043,38.86017380196744,2.419090909090909,100.14,6.806232156968999,88.2125,755.4917694235589,-1.9688829765603224,39.49225545345981,130.33238288288288,31.21004230590146,62.36800000000001,186.59750000000005,0.0157732049919692,0.3697493704509254,-0.0654532443004983,0.871197714380639,55,1,10,1:52.554,0,,37.775,0,37.321,0,37.458,0,122.8,22:24.679,14:28:13.502,0:37.775,0:37.321,0:37.458,187.2,,Am,,Toyota Gazoo Racing,GF,37.775,37.321,37.458,15.564,15.564,22.211,37.775,15.556,53.331,21.765,1:15.096,14.203,1:29.299,23.255,1:52.554,15.8,32.2,48.34,0.2172115281526073,0.5005684922737397,0,0.4245995271038255,0.1145096512309836,0.2654464757028893,78.852998891725,21.147001108275006,20.952779491145705,0,0,-24.563438466441696,1,0,1,Focus dropped 25 points - consider radio reminder,22.18216577358801,0,112.554,112.36,0.1940000000000026,0,High,-0.40792503121168633,0,0.3042872,22.289309
GR86-016-055,55,11.0,15.471972474947956,25.435524273517995,86.85801857585139,1.6964285714285714,5.0,190.0,1.7259752142369411,2.163955656882057,0.0,0.0,72.67493941090582,39.256893458608,2.5081818181818183,100.10782608695652,6.913902357977464,76.75904761904762,774.357064093476,-1.2692975675725535,40.71496273353799,130.1914955357143,31.519894548008047,64.52000000000001,187.1175,0.0114133407064892,0.3877943935535084,-0.0611610597942977,0.8682441972075867,55,1,11,1:52.538,0,,37.788,0,37.238,0,37.512,0,122.8,24:17.217,14:30:06.040,0:37.788,0:37.238,0:37.512,188.2,,Am,,Toyota Gazoo Racing,GF,37.788,37.238,37.512,15.596,15.596,22.192,37.788,15.438,53.226,21.8,1:15.026,14.183,1:29.209,23.329,1:52.538,15.8,32.2,48.34,0.4345396619180012,0.3357309259441993,0,0.1382860891145805,0.1636627612009643,0.2514038195487337,78.51206061127043,21.48793938872957,22.18216577358801,0,0,-0.8131128196767143,0,0,0,Maintain current pace,23.21099934351057,0,112.538,112.36,0.1779999999999972,0,High,-0.37449885826966134,0,0.3042872,22.940893
GR86-016-055,55,12.0,14.535811979443558,24.174111632575546,90.50714285714284,1.6216216216216215,5.0,180.0,1.7372440425668545,2.163955656882057,0.0,0.0,72.06240923857972,39.464406378306826,2.499090909090909,100.11714285714284,6.779608471290393,64.19545454545454,752.5365403132337,-2.1841437153222047,40.27914849461411,129.79135135135135,32.08014980082873,62.4,185.85,0.0129216936750117,0.3733478354955369,-0.0593878534735514,0.8607612518871587,55,1,12,1:52.167,0,,37.557,0,37.202,0,37.408,0,123.2,26:09.384,14:31:58.207,0:37.557,0:37.202,0:37.408,188.2,,Am,,Toyota Gazoo Racing,GF,37.557,37.202,37.408,15.494,15.494,22.063,37.557,15.496,53.053,21.706,1:14.759,14.196,1:28.955,23.212,1:52.167,15.8,32.2,48.34,0.1468997681395352,0.3680066038277192,0,-0.0649745958701512,0.2525383099655311,0.1515792230148208,76.08844317624053,23.91155682375947,23.21099934351057,0,0,2.258219852364864,0,0,0,Maintain current pace,22.260860266403714,0,112.167,112.36,0.1929999999999978,0,High,-0.36999914722346255,0,0.3042872,23.443401
GR86-016-055,55,13.0,14.109310462951564,22.859363859325512,90.92120082815735,1.6517857142857142,5.0,185.0,1.7583713806522048,2.302585092994045,0.0,0.0,72.92937585533745,38.57594520391124,2.477272727272727,100.08909090909091,7.40000414821639,85.37,828.8004646002357,-1.4210873350796531,41.560746155020375,130.6663794642857,31.99385424333004,62.978,188.978,0.0143177619461556,0.3866058009125008,-0.0600032396906651,0.8680796783504305,55,1,13,1:54.031,0,,37.716,0,38.550,0,37.765,0,121.2,28:03.415,14:33:52.238,0:37.716,0:38.550,0:37.765,183.1,,Am,,Toyota Gazoo Racing,GF,37.716,38.55,37.765,15.506,15.506,22.21,37.716,15.592,53.308,22.958,1:16.266,14.425,1:30.691,23.34,1:54.031,15.8,32.2,48.34,0.0158550899147686,0.4285185877372502,0,0.0169853577527244,0.2388488978805456,0.1383188673597064,75.76649818195733,24.23350181804267,22.260860266403714,0,0,0.0786944928156998,0,0,0,Maintain current pace,22.04161993994326,0,114.031,112.36,1.6710000000000065,0,High,-0.3784730259378817,0,0.3042872,23.595049
GR86-016-055,55,14.0,15.59737883479438,21.16007861394493,77.84090909090911,1.991150442477876,5.0,225.0,1.6966818870444682,2.302585092994045,0.0,0.0,70.64921085774938,37.11728951160272,2.5185714285714287,100.07727272727271,7.091036278522043,79.1584090909091,801.2870994729908,-1.5005032187368514,41.84471058998284,128.31724336283185,31.942216180656025,63.572,183.378,0.0151997507351692,0.3746412986907059,-0.0583107004703803,0.8515382659070491,55,1,14,1:52.198,0,,37.619,0,36.969,2,37.610,0,123.2,29:55.613,14:35:44.436,0:37.619,0:36.969,0:37.610,190.1,,Am,,Toyota Gazoo Racing,GF,37.619,36.969,37.61,15.551,15.551,22.068,37.619,15.448,53.067,21.521,1:14.588,14.154,1:28.742,23.456,1:52.198,15.8,32.2,48.34,0.4730713797148885,0.2518302785192087,0,0.939085607662762,0.2306573438804956,0.3688075590817325,81.36247784259099,18.63752215740901,22.04161993994326,0,0,-1.1693794035673086,0,0,0,Maintain current pace,21.37843034686331,0,112.198,112.36,0.1619999999999919,0,High,-0.3952666363564916,0,0.3042872,21.057205
GR86-016-055,55,15.0,14.782167259297694,22.66739719405414,88.94152173913042,1.6216216216216215,5.0,180.0,1.7513932889085948,2.163955656882057,0.0,0.0,72.11644852760871,38.67067244637037,2.488636363636364,100.0608695652174,7.093257379344336,93.61925,787.3515691072213,-1.2579471321004505,42.78781379731524,130.22359009009008,31.717731686220603,63.0675,189.448,0.0148848357317464,0.3779266581370365,-0.0643554455120816,0.8714700207046001,55,1,15,1:52.309,0,,37.712,0,37.076,0,37.521,0,123.0,31:47.922,14:37:36.745,0:37.712,0:37.076,0:37.521,189.1,,Am,,Toyota Gazoo Racing,GF,37.712,37.076,37.521,15.535,15.535,22.177,37.712,15.5,53.212,21.576,1:14.788,14.234,1:29.022,23.287,1:52.309,15.8,32.2,48.34,0.2225936335283199,0.40853224712005,0,-0.0649745958701512,0.1950464637831872,0.1786696088363045,76.7461641556219,23.253835844378106,21.37843034686331,0,0,-0.8824299195404031,0,0,0,Maintain current pace,22.49781679423251,0,112.309,112.36,0.0510000000000019,0,High,-0.36538267509474776,0,0.3042872,22.260265
GR86-016-055,55,16.0,14.839487528307425,23.85162721928232,91.85471861471862,1.6666666666666667,5.0,185.0,1.7825110651559597,2.302585092994045,0.0,0.0,71.83613079982155,39.131988432588805,2.5,100.05045454545456,6.742164493478432,75.25952380952381,748.380258776106,-0.004236937445983,41.61194759742595,130.23411261261262,31.4449022184898,62.015,187.584,0.0144223572601416,0.3805293127574796,-0.0668068920919843,0.8716648353629718,55,1,16,1:52.319,0,,37.640,0,37.021,0,37.658,0,123.0,33:40.241,14:39:29.064,0:37.640,0:37.021,0:37.658,188.2,,Am,,Toyota Gazoo Racing,GF,37.64,37.021,37.658,15.561,15.561,22.079,37.640,15.44,53.080,21.581,1:14.661,14.347,1:29.008,23.311,1:52.319,15.8,32.2,48.34,0.24020556670483,0.4976584005414602,0,0.0574189348733435,0.1517664257261752,0.2202657529504331,77.75606696119718,22.243933038802822,22.49781679423251,0,0,0.4561968542892494,0,0,0,Maintain current pace,22.32262582393058,0,112.319,112.36,0.0409999999999968,0,High,-0.38891191094855415,0,0.3042872,23.302801
GR86-016-055,55,17.0,15.16906373817129,24.1750442377778,80.05225563909775,1.7117117117117118,5.0,190.0,1.7207264545475816,2.163955656882057,0.0,0.0,72.38246177979445,38.57782772418959,2.497777777777778,100.03727272727274,6.926179812379469,80.98636363636363,768.8059591741211,-1.1520470387175186,39.96794528885994,130.21272072072074,31.80592401508109,61.435,186.542,0.0146174478904742,0.3735045658370596,-0.0665675052801769,0.8701742538936975,55,1,17,1:51.985,2,,37.496,2,37.100,0,37.389,0,123.4,35:32.226,14:41:21.049,0:37.496,0:37.100,0:37.389,188.2,,Am,,Toyota Gazoo Racing,GF,37.496,37.1,37.389,15.484,15.484,22.012,37.496,15.512,53.008,21.588,1:14.596,14.085,1:28.681,23.304,1:51.985,15.8,32.2,48.34,0.3414694701192489,0.3206976614323887,0,0.1798124656168377,0.2090367683538961,0.2304908030717871,78.0043185004834,21.995681499516607,22.32262582393058,0,0,0.944195477067268,0,0,0,Maintain current pace,23.59267567768001,0,111.985,112.36,0.375,0,High,-0.38208451100137103,0,0.3042872,22.698267
GR86-016-055,55,18.0,14.55672599067908,23.652922520457995,84.57754010695186,1.7117117117117118,5.0,190.0,1.768648289561002,2.302585092994045,0.0,0.0,72.06042992059946,38.68992728415334,2.5073684210526315,100.03285714285714,6.713456314700056,70.62863636363636,745.1936509317062,-0.4882631256248157,40.24718148109362,130.70602252252252,31.29881180988908,62.7425,188.7575,0.014572768578698,0.3740663208976525,-0.0647547281113777,0.8730722792115999,55,1,18,1:52.327,0,,37.632,0,37.003,0,37.692,0,123.0,37:24.553,14:43:13.376,0:37.632,0:37.003,0:37.692,188.2,,Am,,Toyota Gazoo Racing,GF,37.632,37.003,37.692,15.506,15.506,22.126,37.632,15.455,53.087,21.548,1:14.635,14.247,1:28.882,23.445,1:52.327,15.8,32.2,48.34,0.1533257004440446,0.4579532540457365,0,0.1798124656168377,0.128591515418312,0.2003170450290043,77.27173706652769,22.72826293347231,23.59267567768001,0,0,1.0948588834474968,0,0,0,Maintain current pace,24.072970521960087,0,112.327,112.36,0.0330000000000012,0,High,-0.3945820165220862,0,0.3042872,23.23775
GR86-016-055,55,19.0,14.008094387755104,22.56109030166275,89.89407322654463,1.6071428571428572,5.0,180.0,1.7043182523729743,2.163955656882057,0.0,0.0,71.76340110209884,38.79383752621824,2.4875,100.04454545454546,6.897708482611632,77.72105263157896,772.5433500525028,-0.6665266510962613,39.971316057880586,130.4931875,31.441792966758868,64.25,188.55,0.0148014589265253,0.3728782020090304,-0.0616249879047208,0.8681598618055804,55,1,19,1:52.360,0,,37.656,0,37.173,0,37.531,0,123.0,39:16.913,14:45:05.736,0:37.656,0:37.173,0:37.531,188.2,,Am,,Toyota Gazoo Racing,GF,37.656,37.173,37.531,15.542,15.542,22.114,37.656,15.525,53.181,21.648,1:14.829,14.149,1:28.978,23.382,1:52.360,15.8,32.2,48.34,-0.0152440445370612,0.2737020171177536,0,-0.104315373609131,0.1512731925928091,0.0633323041362313,73.9459173999489,26.054082600051103,24.072970521960087,0,0,1.750344698029508,0,0,0,Maintain current pace,24.548154239149383,0,112.36,112.36,0.0,0,High,-0.3623706403562468,0,0.3042872,24.947805
GR86-016-055,55,20.0,15.126438936525826,24.95356303581056,90.66333333333333,1.576576576576577,5.0,175.0,1.7347462148891606,2.163955656882057,0.0,0.0,71.8269792915432,39.03597322157506,2.4964705882352938,100.02652173913044,6.786428257722981,76.94023809523809,753.2935366072509,-1.924598859857475,38.8862943290086,130.01455855855855,31.15157923960741,62.646,186.675,0.0136177679386237,0.3811650078660562,-0.0713305634125882,0.8684585419518097,55,1,20,1:52.177,0,,37.644,0,37.073,0,37.460,0,123.2,41:09.090,14:46:57.913,0:37.644,0:37.073,0:37.460,189.1,,Am,,Toyota Gazoo Racing,GF,37.644,37.073,37.46,15.543,15.543,22.101,37.644,15.466,53.110,21.607,1:14.717,14.126,1:28.843,23.334,1:52.177,15.8,32.2,48.34,0.3283727912094817,0.3608524366708921,0,-0.1873681266136442,0.1052354193997188,0.1711432694784928,76.56343396764315,23.43656603235685,24.548154239149383,0,0,0.955478561469377,0,0,0,Maintain current pace,23.94214198776764,0,112.177,112.36,0.1830000000000069,0,High,-0.3723443789502144,0,0.3042872,24.328178
GR86-016-055,55,21.0,14.219499430661902,24.07730449661311,96.24607142857144,1.6666666666666667,5.0,185.0,1.749711366237347,2.163955656882057,0.0,0.0,71.7644656751517,38.90207632664232,2.5104761904761905,100.0408695652174,7.099660584824773,70.82931818181818,788.0623249155498,-1.4137840184629793,40.15444755821317,130.32111711711713,31.56905511479089,60.804,186.32,0.0132053112463059,0.3791514007629457,-0.0647412980850186,0.8670509204911635,55,1,21,1:52.225,0,,37.700,0,37.148,0,37.377,2,123.1,43:01.315,14:48:50.138,0:37.700,0:37.148,0:37.377,189.1,,Am,,Toyota Gazoo Racing,GF,37.7,37.148,37.377,15.610,15.610,22.09,37.700,15.52,53.220,21.628,1:14.848,14.037,1:28.885,23.34,1:52.225,15.8,32.2,48.34,0.0497111895044905,0.4037149588649716,0,0.0574189348733435,0.1714613000426887,0.1416010668028604,75.8461859149598,24.1538140850402,23.94214198776764,0,0,-0.1308285341924495,0,0,0,Maintain current pace,23.53197998602252,0,112.225,112.36,0.1350000000000051,0,High,-0.38782216477852405,0,0.3042872,24.084045
GR86-016-055,55,22.0,13.794171901073485,22.49674355832902,94.60954545454544,1.7410714285714286,5.0,195.0,1.7535495724068684,2.163955656882057,0.0,0.0,71.96827669526269,38.81859086370556,2.4947826086956524,100.03772727272728,7.35121989462401,78.3059090909091,823.3366281978891,-0.8100976877565124,40.11915086355376,130.74862053571428,31.742077144494683,59.284000000000006,187.418,0.0146212968962048,0.3780466603190672,-0.0622302535934722,0.8656897735526168,55,1,22,1:52.318,0,,37.659,0,37.175,0,37.484,0,123.0,44:53.633,14:50:42.456,0:37.659,0:37.175,0:37.484,189.1,,Am,,Toyota Gazoo Racing,GF,37.659,37.175,37.484,15.533,15.533,22.126,37.659,15.553,53.212,21.622,1:14.834,14.136,1:28.970,23.348,1:52.318,15.8,32.2,48.34,-0.0809727754987036,0.414708178599198,0,0.2595868204764366,0.1989084819492645,0.1382140832665803,75.76395415409414,24.236045845905863,23.53197998602252,0,0,-1.016174253126863,0,0,0,Maintain current pace,23.22106293651368,0,112.318,112.36,0.0420000000000015,0,High,-0.3890269237795908,0,0.3042872,23.358315
GR86-016-055,55,23.0,13.795071934882433,22.23857291878611,91.58113871635612,1.69377990430622,5.0,354.0,1.7339754714096052,2.163955656882057,0.0,0.0,70.43845962256383,39.26458212843545,2.490434782608696,100.04,7.275579816375764,87.13886363636364,1520.5961816225347,5.117391062348353,63.620800985591785,122.61573046251996,39.10608683059934,0.89,189.532,0.0201051168755369,0.3904082102225621,-0.0735101749752389,0.810629672606276,55,1,23,1:52.292,0,,37.682,0,37.113,0,37.497,0,123.1,46:45.925,14:52:34.748,0:37.682,0:37.113,0:37.497,188.2,,Am,,Toyota Gazoo Racing,FF,37.682,37.113,37.497,15.484,15.484,22.198,37.682,15.486,53.168,21.627,1:14.795,14.155,1:28.950,23.342,1:52.292,15.8,32.2,48.34,-0.0806962357061721,0.3586449074097604,0,0.1310892993112933,1.3670910177935347,0.2218248528166359,77.7939199728785,22.2060800271215,23.22106293651368,0,0,-0.7210790512539553,0,0,0,Maintain current pace,,0,112.292,112.36,0.0679999999999978,0,High,-0.43122062039167663,0,0.3042872,23.154953
GR86-017-067,67,1.0,18.14751593452144,22.97086652122961,96.73663636363636,1.590717299578059,5.0,377.0,1.5961253677652134,2.302585092994045,0.0,0.0,44.134680489520754,38.143397491453726,2.432272727272728,100.07142857142856,4.093937064792846,64.887,970.2630843559044,-4.800068429547268,35.96203787253985,95.42810056258791,28.835067734123445,46.18,166.3375,-0.2541274366925983,0.2724042042840033,0.0768242417254328,0.5713261884571359,67,1,1,2:43.592,0,,59.616,0,50.936,0,53.040,0,84.5,2:43.592,14:08:32.415,0:59.616,0:50.936,0:53.040,154.1,,Am,,Toyota Gazoo Racing,GF,59.616,50.936,53.04,,,,59.616,23.715,1:23.331,27.221,1:50.552,21.481,2:12.033,31.559,2:43.592,15.8,32.2,48.34,1.1278332167032972,-0.2503856816064371,0,0.8454066715535645,0.225144656406045,0.425079010983019,82.72867892586883,17.271321074131166,20.39008417451079,0,0,,0,0,0,Maintain current pace,17.93727135521784,0,163.59199999999998,134.68599999999998,28.90600000000001,0,High,-0.48827469536619555,0,0.3042872,19.039299
GR86-017-067,67,2.0,15.79892400863546,20.35869239362245,91.98014492753624,1.738255033557047,5.0,259.0,1.6148699006797504,2.302585092994045,0.0,0.0,37.45990538624101,37.1495742320884,2.4313636363636366,100.09545454545454,2.983548119883073,34.92880952380953,444.54866986257787,-6.656942355498639,37.87037490254167,98.7536510067114,23.51184138901887,57.9225,148.976,-0.2320679262318727,0.2463377077602434,0.0990128895461441,0.5987985892417365,67,1,2,2:00.360,0,,42.561,0,39.500,0,38.299,0,114.8,4:43.952,14:10:32.775,0:42.561,0:39.500,0:38.299,181.2,,Am,,Toyota Gazoo Racing,GF,42.561,39.5,38.299,18.067,18.067,24.494,42.561,16.077,58.638,23.423,1:22.061,14.518,1:36.579,23.781,2:00.360,15.8,32.2,48.34,0.4320661001714041,-0.1298215836917335,0,1.3421184482680213,-1.3031607084315118,0.1681661305255398,76.49115272510959,23.50884727489041,17.93727135521784,0,0,,0,0,0,Maintain current pace,19.426950415874277,0,120.36,134.68599999999998,14.32599999999998,0,High,-0.4453552167674339,0,0.3042872,19.021996
GR86-017-067,67,3.0,16.67681929697196,21.32681134623496,87.15627002288329,1.596638655462185,5.0,190.0,1.7531107500469203,2.163955656882057,0.0,0.0,62.243963351362325,40.18481922755248,2.4833333333333334,100.111,6.229485891693894,109.755,741.3088211115734,-7.311641562664869,41.6596086207814,122.35729831932773,30.5735195394808,64.464,180.9575,-0.2451528560318101,0.3502863375862473,0.0804739493550696,0.7709570417001927,67,1,3,1:55.336,0,,39.508,0,37.688,0,38.140,0,119.8,6:39.288,14:12:28.111,0:39.508,0:37.688,0:38.140,184.3,,Am,,Toyota Gazoo Racing,GF,39.508,37.688,38.14,16.372,16.372,23.136,39.508,15.805,55.313,21.883,1:17.196,14.501,1:31.697,23.639,1:55.336,15.8,32.2,48.34,0.6921413676755278,0.7593381182280462,0,0.8653419594452826,0.7242564822788156,0.5997038820043439,86.96835428336806,13.031645716631942,19.426950415874277,1,0,-0.9631337586365164,0,0,1,High error bursts detected - suggest 1-lap cool down,17.53814487807034,0,115.336,134.68599999999998,19.34999999999998,0,High,-0.4237722116921413,0,0.3042872,19.63721
GR86-017-067,67,4.0,14.374156226559126,23.48304900934831,91.83345652173914,1.2280701754385963,5.0,140.0,1.757383520309185,2.163955656882057,0.0,0.0,66.14972650712237,41.22834739702529,2.3930434782608696,100.06,7.167277683451747,102.4755,817.0696559134992,-7.192872114444801,40.39610289163002,127.83188011695908,31.45155468951676,66.20599999999999,182.242,-0.2467059126120104,0.3610693406928674,0.084114527061553,0.8193807355530847,67,1,4,1:54.607,2,,38.931,0,37.666,2,38.010,2,120.6,8:33.895,14:14:22.718,0:38.931,0:37.666,0:38.010,184.3,,Am,,Toyota Gazoo Racing,GF,38.931,37.666,38.01,16.012,16.012,22.919,38.931,15.724,54.655,21.942,1:16.597,14.414,1:31.011,23.596,1:54.607,15.8,32.2,48.34,0.0099806111868365,0.7868204083771491,0,-0.37550876813561,0.9763415418498732,0.241007124414984,78.25964174389954,21.740358256100464,17.53814487807034,0,0,-0.3991264771475009,0,0,0,Maintain current pace,19.36313868451033,0,114.607,134.68599999999998,20.07899999999998,0,High,-0.42169004202661503,0,0.3042872,26.596622
GR86-017-067,67,5.0,15.036654562122656,23.04146042203709,89.12718181818181,1.327433628318584,5.0,150.0,1.8075444740436064,2.163955656882057,0.0,0.0,66.07938487954176,40.72264143082172,2.4186363636363635,100.03909090909092,6.506996474514664,110.784,735.2906016201571,-8.392216335674322,42.12381741607055,127.92384513274337,30.43562775989266,64.05999999999999,184.1175,-0.2459332680306582,0.3593137210989971,0.1058139763380316,0.8360000073580406,67,1,5,2:02.904,0,,38.435,2,41.271,0,43.198,0,112.4,10:36.799,14:16:25.622,0:38.435,0:41.271,0:43.198,180.0,,Am,,Toyota Gazoo Racing,FCY,38.435,41.271,43.198,15.793,15.793,22.642,38.435,16.553,54.988,24.718,1:19.706,15.443,1:35.149,27.755,2:02.904,15.8,32.2,48.34,0.2062448287214896,1.1094536884436568,0,-0.0409841967637136,0.6846675689301744,0.4015559981058215,82.15756933852138,17.842430661478616,19.36313868451033,0,1,-0.0638117313639448,0,0,1,Steering indecision - check driver fatigue or track confidence,29.653933471685647,0,122.904,134.68599999999998,11.781999999999982,0,High,-0.424623481440879,0,0.3042872,32.600018
GR86-017-067,67,6.0,16.279407772709384,21.90062539177956,88.666581027668,1.352459016393443,5.0,165.0,1.725995543289406,2.302585092994045,0.0,0.0,49.158282919212745,41.151121777606825,2.457,100.0059090909091,3.08403865269014,39.89909090909091,376.25271562819705,-7.746628944553628,40.851597936167785,119.91785655737704,29.76289469493545,61.154,182.08,-0.2374248149111011,0.2629111551339654,0.0829373271376493,0.791220511692281,67,1,6,2:56.771,0,,1:05.826,0,57.894,0,53.051,0,78.2,13:33.570,14:19:22.393,1:05.826,0:57.894,0:53.051,140.1,,Am,,Toyota Gazoo Racing,FCY,65.826,57.894,53.051,25.126,25.126,40.7,1:05.826,29.573,1:35.399,28.321,2:03.720,20.259,2:23.979,32.792,2:56.771,15.8,32.2,48.34,0.5744087521176299,0.584934175628065,0,0.0432681815153393,0.4915250110858641,0.3741988978781926,81.4933728640481,18.506627135951906,29.653933471685647,0,0,12.115788593615306,0,0,0,Maintain current pace,42.44636546186828,0,176.77100000000002,134.68599999999998,42.08500000000004,1,High,-0.4554508020170116,0,0.3042872,33.40371
GR86-017-067,67,7.0,8.616898140649713,12.448935327220884,68.94636363636363,0.9375,5.0,165.0,1.4398451286706655,2.302585092994045,0.0,0.0,19.856681281547363,23.842167897049908,2.345217391304348,99.86739130434782,1.3894565704351758,24.279722222222222,244.54435639659096,-6.818823913744229,33.823176895405645,83.58361931818182,27.878981601967187,14.705,141.2,-0.2414011775662506,0.1808757101425795,0.0655488907709708,0.4868413939794251,67,1,7,2:47.438,0,,55.463,0,59.612,0,52.363,0,82.5,16:21.008,14:22:09.831,0:55.463,0:59.612,0:52.363,150.0,,Am,,Toyota Gazoo Racing,FCY,55.463,59.612,52.363,23.525,23.525,31.938,55.463,27.444,1:22.907,32.168,1:55.075,20.183,2:15.258,32.18,2:47.438,15.8,32.2,48.34,-1.6955991506323684,-1.255574028215805,0,-1.3537644604921948,-0.0493489439581328,-1.030572815713304,47.387257382373576,52.61274261762642,42.44636546186828,0,0,23.083226777357957,0,0,0,Maintain current pace,54.41623462482647,0,167.438,134.68599999999998,32.75200000000001,0,Medium,-0.49540576119491825,0,0.6277392,46.296253
GR86-017-067,67,8.0,9.793354000313997,15.498450138332029,81.425,0.9457831325301204,5.0,157.0,1.385555140203513,2.302585092994045,0.0,0.0,22.85294251048992,29.589629648619848,2.432857142857143,99.79,1.0361592960348234,22.15710526315789,172.00244314178067,-6.836795850773098,33.0076441014527,88.24473192771084,21.95746022554725,50.8425,151.48200000000003,-0.237168407711353,0.1734474735621218,0.0800418842320752,0.5099044246707544,67,1,8,2:26.468,0,,46.582,0,48.611,0,51.275,0,94.3,18:47.476,14:24:36.299,0:46.582,0:48.611,0:51.275,154.1,,Am,,Toyota Gazoo Racing,GF,46.582,48.611,51.275,21.904,21.904,24.678,46.582,24.051,1:10.633,24.56,1:35.193,19.127,1:54.320,32.148,2:26.468,15.8,32.2,48.34,-1.3470757259438146,-1.6047650971629384,0,-1.3258778353906913,-1.7494256081611228,-1.1791382281985952,43.780273367973486,56.219726632026514,54.41623462482647,0,0,24.762301153140825,0,0,0,Maintain current pace,,0,146.468,134.68599999999998,11.78200000000001,0,Medium,-0.5074936605933194,0,0.5543646,48.579426
GR86-022-013,13,1.0,20.55903039894068,24.2492592408068,94.07099378881988,1.8928571428571428,5.0,477.0,1.6031758026158809,2.302585092994045,0.0,0.0,39.288704586859055,36.21057373594751,2.4366666666666665,100.21166666666666,3.4403551278453888,75.09238095238095,866.969492217038,-1.507062807968421,36.223693747600734,92.81050398406374,20.57261014028079,46.52,144.54000000000002,0.0104965090639496,0.2035820335094627,-0.0479102321113977,0.5842011254750877,13,1,1,2:41.772,0,,48.902,0,52.961,0,59.909,0,85.4,2:41.772,14:08:30.595,0:48.902,0:52.961,0:59.909,132.0,,Am,,Toyota Gazoo Racing,GF,48.902,52.961,59.909,,,,48.902,22.011,1:10.913,30.95,1:41.863,21.885,2:03.748,38.024,2:41.772,15.8,32.2,48.34,1.7473275546615894,-0.1598866938985076,0,1.1658638608514864,-2.0458715043395186,0.454519021617621,83.44344588250007,16.55655411749993,18.49855437906772,1,0,,0,0,1,High error bursts detected - suggest 1-lap cool down,19.4344037782481,0,161.772,112.57,49.202,0,High,-0.49357852503783467,0,0.3042872,17.999693
GR86-022-013,13,2.0,15.190505883937268,24.1656300968308,84.93727272727273,1.7982456140350878,5.0,205.0,1.7232683081633455,2.025326220770068,0.0,0.0,73.36061716061603,37.98570752276072,2.511875,100.17695652173914,6.503034741617368,90.70318181818182,741.34596054438,-1.570429532673876,39.27670779057766,127.90105263157892,30.443760766426347,62.2225,188.404,0.02243108974357,0.3727975134304347,-0.0840521332031712,0.8288402337650328,13,1,2,1:54.693,0,,39.888,0,37.112,0,37.693,0,120.5,4:36.465,14:10:25.288,0:39.888,0:37.112,0:37.693,187.2,,Am,,Toyota Gazoo Racing,GF,39.888,37.112,37.693,17.069,17.069,22.819,39.888,15.479,55.367,21.633,1:17.000,14.178,1:31.178,23.515,1:54.693,15.8,32.2,48.34,0.3187574312510279,0.2550153897941125,0,0.8597546968364899,0.0619949848485227,0.2945437798341623,79.55944535936449,20.44055464063551,19.4344037782481,0,0,,0,0,0,Maintain current pace,22.082256652604823,0,114.693,112.57,2.1230000000000047,0,High,-0.42609586814220796,0,0.3042872,19.562233
GR86-022-013,13,3.0,15.260900208594292,24.89105779225774,89.44823913043479,1.6517857142857142,5.0,185.0,1.7261575739381123,2.163955656882057,0.0,0.0,71.79400886094267,39.35215982850488,2.4663636363636363,100.1565,6.271430342627676,102.96190476190476,702.4001983742997,-1.1983677932180257,39.56574960309689,129.31883482142857,31.722860019362315,62.485,189.38,0.0150243110383845,0.3768591340391628,-0.08379025129637,0.8509195955137626,13,1,3,1:53.067,0,,38.077,0,37.212,0,37.778,0,122.2,6:29.532,14:12:18.355,0:38.077,0:37.212,0:37.778,189.1,,Am,,Toyota Gazoo Racing,GF,38.077,37.212,37.778,15.887,15.887,22.19,38.077,15.472,53.549,21.74,1:15.289,14.309,1:29.598,23.469,1:53.067,15.8,32.2,48.34,0.337489436438234,0.2649973814665131,0,0.3858936565152609,0.3351313752980698,0.2588933623051946,78.69389742339114,21.306102576608865,22.082256652604823,0,0,3.5837022735371065,0,0,0,Maintain current pace,26.254657706948468,0,113.067,112.57,0.4970000000000141,0,High,-0.3712543068174278,0,0.3042872,23.65225
GR86-022-013,13,4.0,14.444827062823606,22.91008756991141,90.0541876430206,1.4285714285714286,5.0,160.0,1.768053516921278,2.163955656882057,0.0,0.0,72.95250595439467,38.75230924433093,2.4872222222222224,100.10666666666664,6.953303862828027,112.66690476190476,778.770032636739,0.5950297082787592,38.898712240176735,129.91713839285714,31.991418582275312,64.616,187.562,0.0181754601460929,0.3787639014849154,-0.0807936087684631,0.858042160826642,13,1,4,1:52.570,0,,37.840,0,37.277,0,37.453,0,122.7,8:22.102,14:14:10.925,0:37.840,0:37.277,0:37.453,188.2,,Am,,Toyota Gazoo Racing,GF,37.84,37.277,37.453,15.679,15.679,22.161,37.840,15.51,53.350,21.767,1:15.117,14.124,1:29.241,23.329,1:52.570,15.8,32.2,48.34,0.120331498291996,0.4097417513398892,0,-0.3363009771293918,0.3924788534785185,0.1273376261010142,75.4998872594299,24.500112740570103,26.254657706948468,0,0,6.820253928700367,0,0,0,Maintain current pace,38.16592288868199,0,112.57,112.57,0.0,0,High,-0.35797795502131724,0,0.3042872,34.027016
GR86-022-013,13,5.0,13.250105423734013,20.459816026265155,86.24345454545454,1.2903225806451613,5.0,160.0,1.6046174866837355,2.302585092994045,0.0,0.0,42.65086322521688,38.51145395406291,2.462727272727273,100.04142857142855,3.384490962420555,57.4855,419.6768793401488,-0.3190494736618414,38.86816574731503,116.53580510752688,29.89696346223637,54.7275,183.31,-0.0016380694220889,0.2676411415523025,-0.059943322829578,0.7614409947758412,13,1,5,2:05.707,0,,37.654,0,40.553,0,47.500,0,109.9,10:27.809,14:16:16.632,0:37.654,0:40.553,0:47.500,182.1,,Am,,Toyota Gazoo Racing,FCY,37.654,40.553,47.5,15.503,15.503,22.151,37.654,15.533,53.187,25.02,1:18.207,17.726,1:35.933,29.774,2:05.707,15.8,32.2,48.34,-0.1975852094785752,-0.1549058858035102,0,-0.7835957179673708,-0.0547670581525841,-0.2210180978048141,67.04224219633356,32.95775780366644,38.16592288868199,0,0,16.083666236077164,0,0,0,Maintain current pace,60.80012650953929,0,125.707,112.57,13.137,0,High,-0.38685060130929116,0,0.6441178,45.143196
GR86-022-013,13,6.0,6.32279227581076,5.508714423223008,26.778623188405795,1.206896551724138,5.0,210.0,1.4737425897782683,2.163955656882057,0.0,0.0,13.504577935506235,9.521843084828076,2.460909090909091,41.49272727272727,0.8268039778636073,17.677941176470586,143.86389214826767,-0.1491127627123039,33.47803474552594,84.16668773946361,16.5332748523638,38.8125,132.525,-0.0076290137107646,0.1323746028357005,-0.0534533361586343,0.4568031901734463,13,1,6,2:55.083,0,,1:03.767,0,57.868,0,53.448,0,78.9,13:22.892,14:19:11.715,1:03.767,0:57.868,0:53.448,131.1,,Am,,Toyota Gazoo Racing,FCY,63.767,57.868,53.448,23.270,23.270,40.497,1:03.767,27.423,1:31.190,30.445,2:01.635,20.519,2:22.154,32.929,2:55.083,15.8,32.2,48.34,-2.0409506576525667,-0.607059558354491,0,-1.05351495812822,-2.9084233804544524,-1.212919668649071,42.96010187819057,57.03989812180943,60.80012650953929,0,0,34.54546880259082,0,0,0,Maintain current pace,65.210065465066,0,175.083,112.57,62.513000000000005,1,Medium,-0.5626024854157403,1,0.5651562,54.37262
GR86-022-013,13,7.0,1.269922054917524,4.709722089805952,68.17228260869564,0.3807148794679966,5.0,458.0,0.362946640074706,2.163955656882057,0.0,0.0,8.605826617509358,6.200480261788676,2.4627777777777777,99.8008695652174,0.5464771047531336,16.946388888888887,657.4119570180197,7.261498373583873,69.7278343696073,13.126245621351126,30.919772777794176,0.0,123.0075,0.0023770667865379,0.0593964007319473,-0.0142537675280336,0.1784154957253296,13,1,7,2:47.504,0,,54.487,0,1:00.935,0,52.082,0,82.5,16:10.396,14:21:59.219,0:54.487,1:00.935,0:52.082,114.0,,Am,,Toyota Gazoo Racing,FCY,54.487,60.935,52.082,22.519,22.519,31.968,54.487,27.106,1:21.593,33.829,1:55.422,19.825,2:15.247,32.257,2:47.504,15.8,32.2,48.34,-3.385524835318292,-4.444697485786847,0,-3.72656954426112,0.1636416727792724,-2.66945308640344,7.597276396858018,92.40272360314198,65.210065465066,0,0,27.044142576384004,0,0,0,Maintain current pace,54.80371980385301,0,167.504,112.57,54.934,1,Low,-0.6610023501009865,1,0.48324904,53.08293
GR86-022-013,13,8.0,9.544421012159477,13.73323899635409,94.55799498746867,1.2416107382550337,5.0,185.0,1.621700778976421,2.163955656882057,0.0,0.0,26.38422099026649,28.80725557583032,2.4678947368421054,99.86166666666666,1.2734208385948798,38.72342105263158,189.73970495063708,-0.5635135743617046,35.620831070979726,98.5138355704698,18.648303634397568,60.96,166.5275,0.0122109270814512,0.1690875793713497,-0.0672322784613282,0.6032559689418217,13,1,8,2:29.609,0,,48.315,0,49.010,0,52.284,0,92.4,18:40.005,14:24:28.828,0:48.315,0:49.010,0:52.284,121.1,,Am,,Toyota Gazoo Racing,GF,48.315,49.01,52.284,21.061,21.061,27.254,48.315,21.553,1:09.868,27.457,1:37.325,19.908,1:57.233,32.376,2:29.609,15.8,32.2,48.34,-1.1836718003787312,-0.0958856035947761,0,-0.9411995696049132,-2.456784208673523,-0.7659312973204027,53.81242532975345,46.18757467024655,54.80371980385301,0,0,-5.996406705686283,0,0,0,Maintain current pace,32.13597269819657,1,149.609,112.57,37.039000000000016,0,Medium,-0.43674450448713864,0,0.6262273,32.460632
GR86-022-013,13,9.0,14.358306179950349,23.28704351165644,88.78526315789475,1.3963963963963963,5.0,155.0,1.7379234156644388,2.163955656882057,0.0,0.0,71.55613270165615,39.25275882486914,2.5016666666666665,99.91142857142856,6.9012708321712894,95.00340909090907,766.0410623710131,-1.4422833484618385,38.78520353938124,130.0606831831832,31.717296516238065,63.2625,187.89,0.0147774976341909,0.3809733648028131,-0.0887846304174393,0.859823739939445,13,1,9,1:52.401,0,,37.999,0,37.013,0,37.389,0,122.9,20:32.406,14:26:21.229,0:37.999,0:37.013,0:37.389,185.2,,Am,,Toyota Gazoo Racing,GF,37.999,37.013,37.389,15.819,15.819,22.18,37.999,15.394,53.393,21.619,1:15.012,14.168,1:29.180,23.221,1:52.401,15.8,32.2,48.34,0.09730819869107,0.3056466478499263,0,-0.4404011045015943,0.3339433555583002,0.0729382914503934,74.17913886182949,25.820861138170518,32.13597269819657,0,0,-33.07409276686943,1,0,1,Focus dropped 33 points - consider radio reminder,23.69520175820817,0,112.401,112.57,0.1689999999999827,0,High,-0.35670756821763866,0,0.3042872,29.303333
GR86-022-013,13,10.0,14.802953283742244,23.71012442010603,89.38045454545454,1.4732142857142858,5.0,165.0,1.7163168396904058,2.302585092994045,0.0,0.0,70.93313183319147,39.544992348368176,2.4191304347826086,99.91454545454545,6.037847406732352,83.21272727272728,676.2389095540234,-0.4601235788157579,37.81446850717004,129.91482142857143,31.924699389179004,63.355,187.9725,0.0155745173651944,0.3706902599707861,-0.0818036722903744,0.8544014389676917,13,1,10,1:52.636,0,,37.797,0,37.316,0,37.523,0,122.7,22:25.042,14:28:13.865,0:37.797,0:37.316,0:37.523,185.2,,Am,,Toyota Gazoo Racing,GF,37.797,37.316,37.523,15.578,15.578,22.219,37.797,15.449,53.246,21.867,1:15.113,14.165,1:29.278,23.358,1:52.636,15.8,32.2,48.34,0.2156292692501998,0.2309990805248691,0,-0.191862050400461,0.3782317655107921,0.1314824198972873,75.60051771382736,24.39948228617264,23.69520175820817,0,0,-31.108518045644832,1,0,1,Focus dropped 31 points - consider radio reminder,22.88966685523796,0,112.636,112.57,0.0660000000000025,0,High,-0.366962235121712,0,0.3042872,23.940262
GR86-022-013,13,11.0,15.242039902364844,24.05631255601764,88.56909090909092,1.576576576576577,5.0,175.0,1.7932824965398506,2.163955656882057,0.0,0.0,71.90594728888894,38.62016811441996,2.432608695652174,99.9191304347826,6.6678185470029,103.04636363636364,740.1278587173219,-0.0163244913759789,37.888736225157146,129.99561711711712,31.63793337047065,63.63000000000001,189.65,0.0181843260326956,0.3810794358546821,-0.0857226484802285,0.8702399191848075,13,1,11,1:52.363,0,,37.612,0,37.241,0,37.510,0,123.0,24:17.405,14:30:06.228,0:37.612,0:37.241,0:37.510,188.2,,Am,,Toyota Gazoo Racing,GF,37.612,37.241,37.51,15.483,15.483,22.129,37.612,15.406,53.018,21.835,1:14.853,14.195,1:29.048,23.315,1:52.363,15.8,32.2,48.34,0.3324706887502121,0.4969041947035781,0,0.1425596087827395,0.3169963022941564,0.2770508268477847,79.13473814971863,20.86526185028137,22.88966685523796,0,1,-9.24630584295861,0,0,1,Steering indecision - check driver fatigue or track confidence,22.91218137917858,0,112.363,112.57,0.2069999999999936,0,High,-0.3757827080747537,0,0.3042872,23.46578
GR86-022-013,13,12.0,14.955732661515269,26.08108986167028,97.34769230769233,1.5315315315315314,5.0,170.0,1.7137122113412346,2.163955656882057,0.0,0.0,71.95768543126343,39.93312378983582,2.46,99.89434782608696,6.505066688393347,82.41,722.0624024116615,-2.1511262713853907,37.785234665643614,129.8920930930931,32.05313689907828,61.224,187.93,0.0160362557665492,0.3858241483616977,-0.0836631355236954,0.8647556353781063,13,1,12,1:52.356,0,,37.714,0,37.120,0,37.522,0,123.0,26:09.761,14:31:58.584,0:37.714,0:37.120,0:37.522,190.1,,Am,,Toyota Gazoo Racing,GF,37.714,37.12,37.522,15.605,15.605,22.109,37.714,15.32,53.034,21.8,1:14.834,14.191,1:29.025,23.331,1:52.356,15.8,32.2,48.34,0.2562840253102379,0.2220004696257995,0,-0.003180569538345,0.4056580639561192,0.1724740459643814,76.59574357074014,23.40425642925986,22.91218137917858,0,0,-0.783020379029594,0,0,0,Maintain current pace,23.607717848998984,0,112.356,112.57,0.2139999999999986,0,High,-0.38001930619243296,0,0.3042872,23.72509
GR86-022-013,13,13.0,14.37180862865568,23.91050884571852,93.4767676767677,1.4732142857142858,5.0,165.0,1.742387650509953,2.302585092994045,0.0,0.0,73.49355637536635,38.314646632939294,2.4854545454545454,99.85045454545455,8.364164429342225,106.9604347826087,936.7864160863292,-0.6589774491812531,38.15070709809668,129.72135267857144,32.351728716752284,61.47,187.084,0.014810317488326,0.3994836073364783,-0.0793686750770795,0.8606105176154104,13,1,13,1:52.821,0,,37.560,0,37.767,0,37.494,0,122.5,28:02.582,14:33:51.405,0:37.560,0:37.767,0:37.494,188.2,,Am,,Toyota Gazoo Racing,GF,37.56,37.767,37.494,15.476,15.476,22.084,37.560,15.487,53.047,22.28,1:15.327,14.257,1:29.584,23.237,1:52.821,15.8,32.2,48.34,0.1009012147533814,0.3210699278543972,0,-0.191862050400461,0.4694187855029785,0.1287004173798424,75.53297414200549,24.467025857994518,23.607717848998984,0,0,0.7180509937610253,0,0,0,Maintain current pace,23.147562919540206,0,112.821,112.57,0.2510000000000048,0,High,-0.3785780823873681,0,0.3042872,23.436554
GR86-022-013,13,14.0,14.096726230055852,24.35471633163528,94.72136363636362,1.6517857142857142,5.0,185.0,1.7428073129075237,2.163955656882057,0.0,0.0,72.95539895550048,38.8209768098453,2.47,99.79,8.36316819348787,110.12261904761904,936.6748376706412,-1.6015506022029502,35.08466763505376,130.10841517857142,32.227192651512404,62.1925,187.16,0.0180066900427045,0.3899247904914784,-0.0820499828276258,0.8582219122661854,13,1,14,1:52.363,0,,37.728,0,37.002,0,37.633,0,123.0,29:54.945,14:35:43.768,0:37.728,0:37.002,0:37.633,189.1,,Am,,Toyota Gazoo Racing,GF,37.728,37.002,37.633,15.517,15.517,22.211,37.728,15.374,53.102,21.628,1:14.730,14.216,1:28.946,23.417,1:52.363,15.8,32.2,48.34,0.0277014938584532,0.3225198002040979,0,0.3858936565152609,0.4428255940345812,0.1911070060893077,77.04812874025743,22.95187125974257,23.147562919540206,0,0,0.2353815403616259,0,0,0,Maintain current pace,22.79052019715085,0,112.363,112.57,0.2069999999999936,0,High,-0.3800325342090252,0,0.3042872,23.339647
GR86-022-013,13,15.0,14.660194580978844,23.06647036104486,93.22838815789474,1.6964285714285714,5.0,190.0,1.7209325265120332,2.163955656882057,0.0,0.0,74.25568609728646,37.5199386635786,2.505333333333333,99.75136363636364,7.482018248746868,102.3157894736842,837.9860438596492,-1.0691943168424365,36.26203497519733,130.74561160714285,31.78098835099784,64.0825,186.0575,0.021984784090028,0.3874861395003415,-0.0814467443371452,0.8705246952863537,13,1,15,1:51.989,0,,37.576,0,36.994,0,37.419,0,123.4,31:46.934,14:37:35.757,0:37.576,0:36.994,0:37.419,188.2,,Am,,Toyota Gazoo Racing,GF,37.576,36.994,37.419,15.503,15.503,22.073,37.576,15.382,52.958,21.612,1:14.570,14.198,1:28.768,23.221,1:51.989,15.8,32.2,48.34,0.1776410255428853,0.2469456050081049,0,0.5303325832441917,0.3475439872586654,0.2293329951273871,77.97620835911647,22.02379164088353,22.79052019715085,0,0,-0.8171976518481294,0,0,0,Maintain current pace,21.391266660505632,0,111.989,112.57,0.5809999999999889,0,High,-0.38506608678969423,0,0.3042872,22.475685
GR86-022-013,13,16.0,14.092577380495,24.19630900959737,88.19595454545454,1.6666666666666667,5.0,185.0,1.7218667757082744,2.163955656882057,0.0,0.0,73.58080739911847,38.14249019611873,2.4757894736842103,99.73727272727272,7.22427144940636,106.49659090909093,801.894130884106,-0.4409682201094239,36.02246168774111,130.32947747747747,31.89503664389488,63.654,186.868,0.0219379501200473,0.3853072579188352,-0.0839755894387271,0.8663498662792213,13,1,16,1:52.038,0,,37.517,0,37.115,0,37.406,0,123.3,33:38.972,14:39:27.795,0:37.517,0:37.115,0:37.406,188.2,,Am,,Toyota Gazoo Racing,GF,37.517,37.115,37.406,15.449,15.449,22.068,37.517,15.272,52.789,21.843,1:14.632,14.143,1:28.775,23.263,1:52.038,15.8,32.2,48.34,0.0265974805466773,0.2501732996626678,0,0.4340399654249049,0.3718976400243349,0.1728183278958394,76.60410230917354,23.39589769082646,21.391266660505632,0,0,-1.756296259034574,0,0,0,Maintain current pace,20.71476639753745,0,112.038,112.57,0.5319999999999965,0,High,-0.3841191705418918,0,0.3042872,21.414818
GR86-022-013,13,17.0,15.59073792058312,25.227700879186163,87.48911255411254,1.7567567567567568,5.0,195.0,1.749667736801397,2.302585092994045,0.0,0.0,73.78747853024929,37.62822362572733,2.4633333333333334,99.72714285714284,8.113291394681992,103.03595238095238,900.5753448097012,-2.6432208319050425,37.32251729273214,130.78883333333334,32.075538257393525,61.97,186.018,0.0187765982626596,0.3948304575724393,-0.0820187567636618,0.8671882260564417,13,1,17,1:51.724,2,,37.394,2,37.015,0,37.315,2,123.7,35:30.696,14:41:19.519,0:37.394,0:37.015,0:37.315,189.1,,Am,,Toyota Gazoo Racing,GF,37.394,37.015,37.315,15.425,15.425,21.969,37.394,15.362,52.756,21.653,1:14.409,14.096,1:28.505,23.219,1:51.724,15.8,32.2,48.34,0.4252596048717553,0.3462215637371914,0,0.7255203220670712,0.410441606857382,0.3640054813916232,81.2458893501931,18.754110649806904,20.71476639753745,0,0,-2.075753799613409,0,0,0,Maintain current pace,19.96340696174556,0,111.724,112.57,0.8460000000000036,0,High,-0.41507161096536505,0,0.3042872,20.400963
GR86-022-013,13,18.0,15.253662984910392,23.57445311238916,80.8781746031746,1.7117117117117118,5.0,190.0,1.7506323409675963,2.302585092994045,0.0,0.0,72.65334472636519,37.96850083982307,2.4766666666666666,99.72571428571428,7.585515513269518,85.31673913043478,841.9922219729165,-1.85574625861542,36.88035355429426,130.7806981981982,31.92829589794489,61.25,187.45,0.0199214702124178,0.3881501165350228,-0.0828195020152618,0.8703135209527041,13,1,18,1:51.808,0,,37.485,0,36.967,0,37.356,0,123.6,37:22.504,14:43:11.327,0:37.485,0:36.967,0:37.356,189.1,,Am,,Toyota Gazoo Racing,GF,37.485,36.967,37.356,15.450,15.450,22.035,37.485,15.294,52.779,21.673,1:14.452,14.117,1:28.569,23.239,1:51.808,15.8,32.2,48.34,0.3355636034645064,0.3495541303837959,0,0.5797801437459881,0.3789997570644413,0.3129246109036432,80.00570914802103,19.99429085197897,19.96340696174556,0,0,-1.42785969876007,0,0,0,Maintain current pace,19.923383205429428,0,111.808,112.57,0.7620000000000005,0,High,-0.41241451527608547,0,0.3042872,20.472193
GR86-022-013,13,19.0,15.344481960503702,24.584959108553704,86.26090909090908,1.6666666666666667,5.0,185.0,1.7060940049405109,2.163955656882057,0.0,0.0,73.55490156065156,38.40411256329215,2.461904761904762,99.71952380952382,7.818018788092158,100.32136363636364,867.8000854782296,-3.3599171538845454,37.42975148526753,130.4922387387387,32.20059267247103,61.8125,188.998,0.0186781979626659,0.389358303623442,-0.0856242313708846,0.8652234711421193,13,1,19,1:51.985,0,,37.611,0,36.968,0,37.406,0,123.4,39:14.489,14:45:03.312,0:37.611,0:36.968,0:37.406,189.1,,Am,,Toyota Gazoo Racing,GF,37.611,36.968,37.406,15.462,15.462,22.149,37.611,15.407,53.018,21.561,1:14.579,14.242,1:28.821,23.164,1:51.985,15.8,32.2,48.34,0.3597306301417187,0.1956806781013277,0,0.4340399654249049,0.437145485751571,0.2656599019567404,78.85818061654919,21.14181938345081,19.923383205429428,0,0,-0.7913831921080181,0,0,0,Maintain current pace,19.48073049600561,0,111.985,112.57,0.5849999999999937,0,High,-0.38848963452058394,0,0.3042872,20.904146
GR86-022-013,13,20.0,16.079280924193025,25.4274620437079,91.83073913043478,1.7567567567567568,5.0,195.0,1.71156105502001,2.163955656882057,0.0,0.0,73.19850710525868,38.39298677013349,2.4593333333333334,99.7178260869565,6.716426215373954,78.41238095238096,745.5233099065089,-2.7598508951268403,36.89498659823037,130.26115765765766,32.022069506257004,61.922,189.23,0.0191997070784188,0.3830558631719122,-0.0843286657641483,0.8637113862878489,13,1,20,1:52.064,0,,37.671,0,36.928,2,37.465,0,123.3,41:06.553,14:46:55.376,0:37.671,0:36.928,0:37.465,189.1,,Am,,Toyota Gazoo Racing,GF,37.671,36.928,37.465,15.581,15.581,22.09,37.671,15.339,53.010,21.589,1:14.599,14.222,1:28.821,23.243,1:52.064,15.8,32.2,48.34,0.5552614213872425,0.2145685384161379,0,0.7255203220670712,0.3990239927404535,0.3689510086043133,81.3659606191415,18.634039380858496,19.48073049600561,1,0,-0.4826764657399565,0,0,1,High error bursts detected - suggest 1-lap cool down,18.871710520995823,0,112.064,112.57,0.5060000000000002,0,High,-0.40275215696766964,0,0.3042872,20.03418
GR86-022-013,13,21.0,16.076838809332763,24.937261823823285,90.24545454545456,1.6071428571428572,5.0,180.0,1.7801035557345384,2.163955656882057,0.0,0.0,72.17417860921974,38.12395606685575,2.4961904761904763,99.7081818181818,8.01058594965056,101.21522727272728,897.1856263608627,-2.122781334945339,37.40620065278336,129.6330892857143,32.59684298807561,56.34,187.4025,0.0164157125165706,0.3919583642916938,-0.0795775719794353,0.8561414472886566,13,1,21,1:52.704,0,,37.700,0,36.975,0,38.029,0,122.6,42:59.257,14:48:48.080,0:37.700,0:36.975,0:38.029,189.1,,Am,,Toyota Gazoo Racing,GF,37.7,36.975,38.029,15.546,15.546,22.154,37.700,15.354,53.054,21.621,1:14.675,14.223,1:28.898,23.806,1:52.704,15.8,32.2,48.34,0.5546115720072952,0.4513728771908077,0,0.2414547297863307,0.5217600148198213,0.3676209018498222,81.33366727629249,18.666332723707512,18.871710520995823,1,0,-1.0516726844336048,0,0,1,High error bursts detected - suggest 1-lap cool down,19.121799663934063,0,112.704,112.57,0.1340000000000145,0,High,-0.4045248797249742,0,0.3042872,21.479744
GR86-022-013,13,22.0,15.550804873856483,24.84720391140069,84.84430952380953,1.6517857142857142,5.0,185.0,1.7756119152304095,2.302585092994045,0.0,0.0,73.20779944316764,38.25331449410386,2.4881818181818183,99.68272727272728,8.186443314372417,111.57976190476192,916.8816512097106,-0.6661224515289784,38.7820690602456,129.10213690476192,32.47974619838059,60.05800000000001,189.355,0.0181252108351488,0.3998896371687463,-0.0781562025289451,0.8529992939829261,13,1,22,1:53.072,0,,38.476,0,37.166,0,37.430,0,122.2,44:52.329,14:50:41.152,0:38.476,0:37.166,0:37.430,189.1,,Am,,Toyota Gazoo Racing,GF,38.476,37.166,37.43,16.060,16.060,22.416,38.476,15.518,53.994,21.648,1:15.642,14.176,1:29.818,23.254,1:53.072,15.8,32.2,48.34,0.4146333783674335,0.4358549146346457,0,0.3858936565152609,0.4967553919204532,0.3409133298382259,80.68524054157854,19.314759458421463,19.121799663934063,0,0,-0.3589308320715396,0,0,0,Maintain current pace,19.34953313404734,0,113.072,112.57,0.5020000000000095,0,High,-0.4176122493582866,0,0.3042872,20.832966
GR86-022-013,13,23.0,15.511720464748096,23.6212653201446,93.23857142857145,1.7401960784313726,5.0,355.0,1.6908946072733226,2.302585092994045,0.0,0.0,70.58127713888932,38.806265275345794,2.5095,99.6791304347826,7.099421649971098,86.0163043478261,1448.282016594104,-6.2232455157016,40.45179755537893,126.140125,33.90900949001465,46.36,189.026,0.0080857665602819,0.393693219645069,-0.0973606291568357,0.81946977549267,13,1,23,1:52.021,0,,37.563,0,37.066,0,37.392,0,123.4,46:44.350,14:52:33.173,0:37.563,0:37.066,0:37.392,189.1,,Am,,Toyota Gazoo Racing,FF,37.563,37.066,37.392,15.450,15.450,22.113,37.563,15.378,52.941,21.688,1:14.629,14.14,1:28.769,23.252,1:52.021,15.8,32.2,48.34,0.4042329752422627,0.1431689769402864,0,0.6719393741549082,0.8019575219216252,0.3380487951231491,80.61569319032678,19.38430680967322,19.34953313404734,0,0,0.4778226130515186,0,0,0,Maintain current pace,,0,112.021,112.57,0.5489999999999924,0,High,-0.4246429721414165,0,0.3042872,20.662691
GR86-024-041,41,1.0,12.56143190976139,18.532048664079703,91.92385375494072,1.794486215538847,5.0,716.0,1.132428188868628,2.302585092994045,0.0,0.0,24.50438566284766,30.5383545969996,2.469090909090909,100.015,3.6959930539894126,70.66833333333334,1474.7012285417757,-3.101686028027138,40.074720313808,59.41989898989899,48.69129749202191,0.0,150.962,0.0134251067137869,0.1947605267537481,-0.0544296452195224,0.4949080356351525,41,1,1,2:42.301,0,,53.050,0,51.376,0,57.875,0,85.1,2:42.301,14:08:31.124,0:53.050,0:51.376,0:57.875,132.0,,Am,,Toyota Gazoo Racing,GF,53.05,51.376,57.875,,,,53.050,21.736,1:14.786,29.64,1:44.426,20.815,2:05.241,37.06,2:42.301,15.8,32.2,48.34,-1.218635787217654,-1.4416606841715869,0,-0.2570535935520815,1.351702196121033,-0.6293937266289017,57.12738825827509,42.87261174172491,33.61611698854963,0,0,,0,0,0,Maintain current pace,28.06938285405132,0,162.301,115.322,46.97899999999999,1,Medium,-0.47855365818200724,0,0.3042872,26.63591
GR86-024-041,41,2.0,15.456466101317488,16.217211498312754,78.83378787878789,2.735483870967742,5.0,424.0,1.557760817659061,2.163955656882057,0.0,0.0,29.131420774233693,25.54544618000195,2.4704545454545457,100.02181818181818,3.065351584958188,67.11738095238096,475.1294956685191,-7.921006615463516,36.66824475854721,94.5818064516129,19.040117579287024,52.156000000000006,135.14499999999998,-0.0028961483864501,0.2254054626925253,-0.0613707753631302,0.5911754366097869,41,1,2,1:56.644,0,,41.091,0,37.612,0,37.941,0,118.5,4:38.945,14:10:27.768,0:41.091,0:37.612,0:37.941,184.3,,Am,,Toyota Gazoo Racing,GF,41.091,37.612,37.941,17.706,17.706,23.385,41.091,15.77,56.861,21.842,1:18.703,14.271,1:32.974,23.67,1:56.644,15.8,32.2,48.34,-0.0195391259157253,0.1135095186628404,0,1.44420640706501,-1.0602241672876789,0.133124186221976,75.64037776462565,24.359622235374346,28.06938285405132,0,0,,0,0,0,Maintain current pace,22.498079314231287,0,116.644,115.322,1.3220000000000027,0,High,-0.44700082446286277,0,0.3042872,22.439056
GR86-024-041,41,3.0,18.47484431625489,22.17293286961184,83.00863636363636,1.7565217391304349,5.0,202.0,1.6767159819832491,2.163955656882057,0.0,0.0,68.2886038779282,36.90302125092936,2.5073684210526315,100.0608695652174,6.210721048604499,67.07318181818182,714.2329205895173,-9.072619428791947,41.35100938702222,126.41599130434784,29.58990438640204,64.46000000000001,184.566,0.0147429785701149,0.3569150683548122,-0.0774054953697183,0.8170694112533892,41,1,3,1:54.000,0,,38.636,0,37.479,0,37.885,2,121.2,6:32.945,14:12:21.768,0:38.636,0:37.479,0:37.885,187.2,,Am,,Toyota Gazoo Racing,GF,38.636,37.479,37.885,15.769,15.769,22.867,38.636,15.715,54.351,21.764,1:16.115,14.367,1:30.482,23.518,1:54.000,15.8,32.2,48.34,1.230645500792433,0.5484527007938311,0,-0.3256907944902334,-0.2020691460268346,0.4372462916599692,83.0240854149453,16.975914585054696,22.498079314231287,1,0,-11.11803767431834,1,0,2,High error bursts detected - suggest 1-lap cool down | Focus dropped 11 points - consider radio reminder,21.56730785365976,0,114.0,115.322,1.3220000000000027,0,High,-0.4209146456523144,0,0.3042872,21.74565
GR86-024-041,41,4.0,15.521818917564527,21.415864515565243,89.43380952380951,1.4601769911504423,5.0,165.0,1.7399607435443591,2.302585092994045,0.0,0.0,67.17740428440602,38.31002508393293,2.483684210526316,100.04,6.286692434598628,69.37545454545455,710.396245109645,-9.804903052897322,41.33646447262131,128.71179203539825,30.97490095364408,63.945,185.525,0.0101996318258423,0.361852649120324,-0.0859994559720041,0.8560436460758896,41,1,4,1:53.484,2,,38.226,2,37.329,2,37.929,0,121.8,8:26.429,14:14:15.252,0:38.226,0:37.329,0:37.929,184.3,,Am,,Toyota Gazoo Racing,GF,38.226,37.329,37.929,15.673,15.673,22.553,38.226,15.614,53.840,21.715,1:15.555,14.361,1:29.916,23.568,1:53.484,15.8,32.2,48.34,0.0075294123409441,0.7796984647149151,0,-0.8614620190226946,-0.089408882806519,0.0590232487469559,73.84129887773518,26.158701122264816,21.56730785365976,0,0,-6.50207500039156,0,0,0,Maintain current pace,,0,113.484,115.322,1.8379999999999936,0,High,-0.36809251724427566,0,0.3042872,27.124216
GR86-025-047,47,1.0,14.921049314089087,21.97391196204024,88.99832015810277,1.6820652173913044,5.0,619.0,1.2516288654846122,2.302585092994045,0.0,0.0,29.82303899482702,34.69277034310276,2.4534782608695656,100.175,2.643805111212303,48.51473684210527,970.2764758149152,-7.499490106940996,46.34791513978395,67.24764594843462,45.93294842977032,0.0,151.9725,0.0222943359893323,0.2042636091219442,-0.0435092152052392,0.5480866304796158,47,1,1,2:42.417,0,,54.074,0,51.215,0,57.128,0,85.1,2:42.417,14:08:31.240,0:54.074,0:51.215,0:57.128,139.2,,Am,,Toyota Gazoo Racing,GF,54.074,51.215,57.128,,,,54.074,21.963,1:16.037,29.252,1:45.289,20.543,2:05.832,36.585,2:42.417,15.8,32.2,48.34,0.581661070232857,-2.57241183112904,0,0.4882217712105999,1.4434236605004511,-0.2510290049807678,66.31361457951172,33.68638542048828,25.787376482737024,0,0,,0,0,0,Maintain current pace,24.29284201610521,0,162.417,114.59,47.827,0,High,-0.45587913606188407,0,0.3042872,25.027496
GR86-025-047,47,2.0,15.926305660052977,18.94100946833405,91.36292207792208,2.805194805194805,5.0,432.0,1.4365887422851142,2.302585092994045,0.0,0.0,32.037792247165015,30.89632579110659,2.429130434782609,100.2447619047619,3.144085898219993,51.82000000000001,484.18922832587896,-7.334528575054407,37.68406820787181,95.42495887445888,20.048985133316098,52.557500000000005,136.06199999999998,0.0055647591531679,0.2192494087750425,-0.0496875555159308,0.5822746345117584,47,1,2,1:57.547,0,,41.547,0,38.100,0,37.900,0,117.6,4:39.964,14:10:28.787,0:41.547,0:38.100,0:37.900,188.2,,Am,,Toyota Gazoo Racing,GF,41.547,38.1,37.9,17.765,17.765,23.782,41.547,15.634,57.181,22.466,1:19.647,14.163,1:33.810,23.737,1:57.547,15.8,32.2,48.34,1.0080545709259647,-1.390011976266332,0,3.791943967788853,-1.2404103479277326,0.399663937586761,82.11163245501423,17.88836754498577,24.29284201610521,0,0,,0,0,0,Maintain current pace,19.738590352327986,0,117.547,114.59,2.9569999999999936,0,High,-0.4457897960697062,0,0.3042872,19.950315
GR86-025-047,47,3.0,14.137611153741588,20.768395262643008,81.9686956521739,1.6666666666666667,5.0,195.0,1.7373410781837355,2.302585092994045,0.0,0.0,70.32324343496998,36.3658259445699,2.6065,100.2309090909091,7.288226202647255,98.44309523809522,852.7224657097289,-8.56532008080063,45.24228133039364,125.8005,30.525720763822463,64.7275,186.678,0.0274660923956118,0.3667809704532003,-0.0709958996296525,0.7957844200901569,47,1,3,1:53.488,0,,38.173,0,37.551,0,37.764,0,121.8,6:33.452,14:12:22.275,0:38.173,0:37.551,0:37.764,189.1,,Am,,Toyota Gazoo Racing,GF,38.173,37.551,37.764,15.616,15.616,22.557,38.173,15.779,53.952,21.772,1:15.724,14.203,1:29.927,23.561,1:53.488,15.8,32.2,48.34,0.2493548469412926,0.5326186205290524,0,0.442926433631957,-0.1541076414826165,0.2589893101111828,78.6962269171584,21.3037730828416,19.738590352327986,0,0,-6.048786130409038,0,0,0,Maintain current pace,26.982226204512287,0,113.488,114.59,1.102000000000004,0,High,-0.39229940542493774,0,0.3042872,22.938295
GR86-025-047,47,4.0,14.26005594481569,20.83585330336017,88.8231422924901,1.4285714285714286,5.0,160.0,1.821451902929812,2.163955656882057,0.0,0.0,69.82582564663234,38.161127797611336,2.472272727272727,100.18545454545456,6.601373733717883,79.48613636363638,739.3538581764028,-7.508741635683293,44.63403428993786,128.9222425595238,31.27566829239753,64.124,189.3775,0.0196743661329294,0.3671520691381327,-0.0743375305997295,0.8523506619732287,47,1,4,1:53.453,0,,38.237,0,37.219,0,37.997,0,121.8,8:26.905,14:14:15.728,0:38.237,0:37.219,0:37.997,187.2,,Am,,Toyota Gazoo Racing,GF,38.237,37.219,37.997,15.630,15.630,22.607,38.237,15.493,53.730,21.726,1:15.456,14.388,1:29.844,23.609,1:53.453,15.8,32.2,48.34,0.3012915129641878,1.0703170051328288,0,-0.2574384499369759,-0.0763477305032128,0.3117161646315958,79.97636957084342,20.023630429156583,26.982226204512287,0,1,2.689384188407072,0,0,1,Steering indecision - check driver fatigue or track confidence,26.10159001489903,0,113.453,114.59,1.1370000000000005,0,High,-0.3763427920790531,0,0.3042872,31.685488
GR86-025-047,47,5.0,8.798328638913853,18.14918603657773,90.79818181818182,1.5638297872340423,5.0,294.0,1.5018086393066112,2.302585092994045,0.0,0.0,43.792176798297405,43.162096072042914,2.507727272727273,100.21952380952382,5.1373583341114255,99.01863636363636,965.823366812948,-15.698450649737593,51.30415026288547,83.8187679558011,63.97582411857951,0.0,188.064,0.0118588875802267,0.2896374084805149,-0.0467308804737504,0.6623113257953599,47,1,5,2:05.078,0,,38.091,0,39.377,0,47.610,0,110.5,10:31.983,14:16:20.806,0:38.091,0:39.377,0:47.610,182.1,,Am,,Toyota Gazoo Racing,FCY,38.091,39.377,47.61,15.598,15.598,22.493,38.091,16.196,54.287,23.181,1:17.468,17.163,1:34.631,30.447,2:05.078,15.8,32.2,48.34,-2.0153763052942564,-0.9730783249990566,0,0.140428409452183,3.314237756041287,-0.4953944358160849,60.38072489846133,39.61927510153868,26.10159001489903,0,0,6.362999662571045,0,0,0,Maintain current pace,39.43039772748616,0,125.078,114.59,10.488,0,Medium,-0.48129393263368725,0,0.3042872,35.743523
GR86-025-047,47,6.0,15.61446060636418,20.93500664557408,84.81854066985646,1.717741935483871,5.0,213.0,1.6898263075274629,2.302585092994045,0.0,0.0,41.17299987257766,37.4867885560073,2.4545454545454546,100.20454545454544,3.914248048860357,67.8171052631579,485.3667580586842,-7.643693509161786,43.11874370897647,117.32363575268816,28.04606552147798,63.17,183.435,0.0001010434172259,0.2604922858966227,-0.058646423838028,0.7830498788991253,47,1,6,2:56.016,0,,1:03.870,0,57.535,0,54.611,0,78.5,13:27.999,14:19:16.822,1:03.870,0:57.535,0:54.611,131.1,,Am,,Toyota Gazoo Racing,FCY,63.87,57.535,54.611,23.354,23.354,40.516,1:03.870,28.359,1:32.229,29.176,2:01.405,20.729,2:22.134,33.882,2:56.016,15.8,32.2,48.34,0.8757811417155283,0.2288691863292827,0,0.5931659973652924,-0.411215990476953,0.3678049396540778,81.33813548599817,18.661864514001834,39.43039772748616,0,0,12.448171522973873,0,0,0,Maintain current pace,46.53726556143425,0,176.016,114.59,61.42599999999999,1,High,-0.4061524551284988,0,0.63803977,47.28336
GR86-025-047,47,7.0,8.179914105100886,12.22934685627762,90.25233201581028,1.28,5.0,224.0,1.3892529465984464,2.302585092994045,0.0,0.0,17.290037577870898,16.315172250974538,2.4385714285714286,100.1318181818182,1.350345894149075,41.67804347826087,236.3105314760881,-7.1558229688657935,34.95130889413925,83.86273714285714,19.992632170665864,30.086,132.1225,0.0032174504056112,0.1635114105553171,-0.0447038477683008,0.4839537570615823,47,1,7,2:47.200,0,,54.292,0,1:00.586,0,52.322,0,82.6,16:15.199,14:22:04.022,0:54.292,1:00.586,0:52.322,137.1,,Am,,Toyota Gazoo Racing,FCY,54.292,60.586,52.322,21.886,21.886,32.406,54.292,27.379,1:21.671,33.207,1:54.878,19.121,2:13.999,33.201,2:47.200,15.8,32.2,48.34,-2.2776854556027484,-1.6926172705491345,0,-0.69446613728399,-1.2462534251993302,-1.3352552174306398,39.989946433082046,60.010053566917954,46.53726556143425,0,0,20.435675546535222,0,0,0,Maintain current pace,53.36264188768015,0,167.2,114.59,52.60999999999999,1,Medium,-0.47060749042164435,0,0.6063763,48.06903
GR86-025-047,47,8.0,7.951772646471649,11.087226114425755,87.39102766798419,0.993975903614458,5.0,165.0,1.4775158117535128,2.163955656882057,0.0,0.0,18.622037850791138,18.368662392866,2.4433333333333334,100.13347826086957,1.5878216074348213,38.67565217391304,263.5783868341803,-6.8450486616406,35.77423804773382,88.41374698795181,17.66592017208574,51.16,138.67000000000002,-0.0019697394669643,0.1699876662135745,-0.0561254550600006,0.5319224197813297,47,1,8,2:27.699,0,,47.085,0,48.156,0,52.458,0,93.6,18:42.898,14:24:31.721,0:47.085,0:48.156,0:52.458,135.0,,Am,,Toyota Gazoo Racing,GF,47.085,48.156,52.458,21.171,21.171,25.914,47.085,22.281,1:09.366,25.875,1:35.241,20.024,1:55.265,32.434,2:27.699,15.8,32.2,48.34,-2.3744548374511933,-1.1283759834418656,0,-1.5358153157284613,-1.4875035273605657,-1.37355309719115,39.06012139661702,60.93987860338298,53.36264188768015,0,0,13.932244160193989,0,0,0,Maintain current pace,41.50677945525203,0,147.699,114.59,33.10900000000001,0,Medium,-0.466730552526201,0,0.61371,38.837708
GR86-025-047,47,9.0,12.659447844567122,17.398662679419143,91.62173913043478,1.5753424657534247,5.0,230.0,1.4896770874681853,2.163955656882057,0.0,0.0,32.77434665854816,33.593296570763286,2.4669565217391307,100.14545454545456,2.0244482742775234,38.38522727272727,295.5694480445184,-6.846247871721078,37.12306935128803,100.18069406392694,19.882369682287685,62.4175,166.585,0.0197421648300525,0.2065300812716057,-0.0643804751993684,0.6296668413692755,47,1,9,1:54.416,0,,38.207,0,37.563,0,38.646,0,120.8,20:37.314,14:26:26.137,0:38.207,0:37.563,0:38.646,187.2,,Am,,Toyota Gazoo Racing,GF,38.207,37.563,38.646,15.458,15.458,22.749,38.207,15.599,53.806,21.964,1:15.770,14.555,1:30.325,24.091,1:54.416,15.8,32.2,48.34,-0.3776287384154017,-1.0506321457581722,0,0.174293327605517,-1.257686226767389,-0.4755712815000749,60.8620065072605,39.1379934927395,41.50677945525203,0,0,-5.030486106182224,0,0,0,Maintain current pace,25.01488077966877,1,114.416,114.59,0.1740000000000066,0,Medium,-0.40364287502560686,0,0.65286267,28.869167
GR86-025-047,47,10.0,13.744725598756764,21.70335817993026,93.93168181818184,1.4601769911504423,5.0,165.0,1.7409133860966517,2.163955656882057,0.0,0.0,68.47558800837484,39.513934500912754,2.517272727272727,100.16434782608697,5.935276175985103,66.45369565217392,670.6862078863167,-5.879609031132128,38.33702901319914,128.56163274336282,31.11569253923985,64.628,188.71,0.0261362708110982,0.3510180892947167,-0.0759038229283108,0.8507070939591659,47,1,10,1:54.002,0,,38.591,0,37.839,0,37.572,0,121.2,22:31.316,14:28:20.139,0:38.591,0:37.839,0:37.572,187.2,,Am,,Toyota Gazoo Racing,GF,38.591,37.839,37.572,15.981,15.981,22.61,38.591,15.693,54.284,22.146,1:16.430,14.209,1:30.639,23.363,1:54.002,15.8,32.2,48.34,0.0827069587341275,0.5554554456330878,0,-0.1644696600826934,-0.0929351580903672,0.1297119842070694,75.55753373036639,24.442466269633613,25.01488077966877,0,0,-28.347761108011376,1,0,1,Focus dropped 28 points - consider radio reminder,20.093507787768925,0,114.002,114.59,0.5879999999999939,0,High,-0.35163772802395754,0,0.3042872,24.04421
GR86-025-047,47,11.0,16.288519793046575,22.342853761042697,88.18217391304348,1.8141592920353984,5.0,205.0,1.7753523128125543,2.163955656882057,0.0,0.0,71.00976799405792,37.107218712740575,2.486521739130435,100.16956521739132,6.9612015027424805,58.432500000000005,786.6157698099003,-6.17741555536912,42.03304797939659,128.11985840707965,31.080001548959807,62.57000000000001,186.104,0.0177025305971914,0.3693902762057017,-0.0717272531077597,0.8340974239396678,47,1,11,1:54.727,0,,38.943,0,37.752,0,38.032,0,120.4,24:26.043,14:30:14.866,0:38.943,0:37.752,0:38.032,186.2,,Am,,Toyota Gazoo Racing,GF,38.943,37.752,38.032,15.551,15.551,23.392,38.943,15.585,54.528,22.167,1:16.695,14.634,1:31.329,23.398,1:54.727,15.8,32.2,48.34,1.161692747683326,0.7756144479794831,0,0.8767807862852784,-0.0966358546340522,0.6642649687792551,88.5358174233668,11.464182576633206,20.093507787768925,1,0,-21.413271667483105,1,0,2,High error bursts detected - suggest 1-lap cool down | Focus dropped 21 points - consider radio reminder,18.127178190832705,0,114.727,114.59,0.1370000000000004,0,High,-0.38929341444089294,0,0.3042872,19.84251
GR86-025-047,47,12.0,12.750167060133515,20.763807456814003,78.93954545454547,1.6228070175438596,5.0,185.0,1.7699502829018094,2.163955656882057,0.0,0.0,72.01786631267105,37.35696946224272,2.858695652173913,100.18217391304348,7.822512444649173,70.79545454545455,891.7664186900057,-8.601325035684003,41.010671515838695,127.82851754385966,32.19763971272562,63.82000000000001,187.835,0.0171411811808837,0.3780630074193127,-0.0631229883442397,0.8373116768757013,47,1,12,1:54.732,0,,39.605,0,37.380,0,37.747,0,120.4,26:20.775,14:32:09.598,0:39.605,0:37.380,0:37.747,186.2,,Am,,Toyota Gazoo Racing,GF,39.605,37.38,37.747,16.051,16.051,23.554,39.605,15.575,55.180,21.805,1:16.985,14.229,1:31.214,23.518,1:54.732,15.8,32.2,48.34,-0.3391489177599083,0.7410806912917114,0,0.3139118498166269,0.0192488450418591,0.1325371594716353,75.62612548296005,24.37387451703995,18.127178190832705,0,0,-6.887702588836067,0,0,0,Maintain current pace,22.233488387606517,0,114.732,114.59,0.1419999999999959,0,High,-0.3961354257249851,0,0.3042872,21.843298
GR86-025-047,47,13.0,14.574250015076522,23.881591154792293,93.15088744588746,1.7105263157894737,5.0,195.0,1.7532449244411643,2.302585092994045,0.0,0.0,69.07562748634467,38.67835131062391,2.674545454545455,100.15727272727273,7.01995070530758,68.4355,800.2743804050641,-5.665762502782856,42.21978258275528,127.9460394736842,31.81424924840407,65.22,186.232,0.0204847794239429,0.3756803670760859,-0.0694126519100956,0.8387359934746398,47,1,13,1:52.733,0,,37.752,0,37.391,0,37.590,0,122.6,28:13.508,14:34:02.331,0:37.752,0:37.391,0:37.590,185.2,,Am,,Toyota Gazoo Racing,GF,37.752,37.391,37.59,15.583,15.583,22.169,37.752,15.443,53.195,21.948,1:15.143,14.273,1:29.416,23.317,1:52.733,15.8,32.2,48.34,0.4345613103182897,0.6342877275366517,0,0.5719410174472864,-0.0205038139643523,0.3726810962003076,81.45652252117505,18.543477478824958,22.233488387606517,0,0,2.139980599837589,0,0,0,Maintain current pace,23.516943291090517,0,112.733,114.59,1.8569999999999995,0,High,-0.3863515973928382,0,0.3042872,22.197308
GR86-025-047,47,14.0,13.814185064935064,23.33278954022472,91.87899209486169,1.3839285714285714,5.0,155.0,1.7719789966418558,2.163955656882057,0.0,0.0,70.85493234922428,38.35985887468629,2.5318181818181817,100.14217391304348,6.790850559443145,74.24978260869565,760.5752626576323,-9.607104247331344,43.18221202611048,130.0396875,31.338811903142776,63.2975,186.662,0.0205356583245946,0.3761927826291569,-0.0740298441659272,0.8601790155466991,47,1,14,1:52.697,0,,37.640,2,37.261,0,37.796,0,122.6,30:06.205,14:35:55.028,0:37.640,0:37.261,0:37.796,189.1,,Am,,Toyota Gazoo Racing,GF,37.64,37.261,37.796,15.453,15.453,22.187,37.640,15.466,53.106,21.795,1:14.901,14.262,1:29.163,23.534,1:52.697,15.8,32.2,48.34,0.1121691601506641,0.7540497247560667,0,-0.3887568656061509,-0.0698005503827612,0.1568695943550171,76.21688683304536,23.783113166954635,23.516943291090517,0,0,5.389765100257808,0,0,0,Maintain current pace,25.57629694394072,0,112.697,114.59,1.893000000000001,0,High,-0.35812575467542085,0,0.3042872,23.658821
GR86-025-047,47,15.0,13.00709517209734,20.9020648119419,78.38530303030304,1.25,5.0,140.0,1.7602401240227925,2.163955656882057,0.0,0.0,68.35719567693158,38.248453280066826,2.6495238095238096,100.1547619047619,6.11154877860235,66.59631578947368,684.4934632034632,-5.691162627652476,42.79749179166704,130.18989732142856,31.110569822068147,67.994,185.646,0.0191445344442124,0.3559017384934494,-0.0734273689411275,0.8694278080497259,47,1,15,1:52.612,2,,37.946,0,37.115,2,37.551,0,122.7,31:58.817,14:37:47.640,0:37.946,0:37.115,0:37.551,188.2,,Am,,Toyota Gazoo Racing,GF,37.946,37.115,37.551,15.580,15.580,22.366,37.946,15.382,53.328,21.733,1:15.061,14.21,1:29.271,23.341,1:52.612,15.8,32.2,48.34,-0.2301692753765699,0.6790061989864035,0,-0.7827121126136756,-0.0934663179596464,-0.0260526815543861,71.77576077250805,28.22423922749195,25.57629694394072,0,0,3.342808556334205,0,0,0,Maintain current pace,24.959772559446478,0,112.612,114.59,1.9780000000000089,0,High,-0.3741403684625813,0,0.3042872,25.833242
GR86-025-047,47,16.0,13.602397490262629,21.8313973002602,92.88832015810276,1.3727272727272728,5.0,151.0,1.769377349200215,2.302585092994045,0.0,0.0,69.11805848708188,39.166110558569095,2.480909090909091,100.11272727272728,5.981624899542244,60.02613636363637,657.9787389496469,-7.957699673185839,40.48610030622227,129.86571363636364,31.08785958682552,65.55,186.374,0.0192998396188098,0.3625101348604718,-0.0901934074766506,0.8553960073296518,47,1,16,1:53.177,0,,38.326,0,37.591,0,37.260,3,122.1,33:51.994,14:39:40.817,0:38.326,0:37.591,0:37.260,186.2,,Am,,Toyota Gazoo Racing,GF,38.326,37.591,37.26,15.665,15.665,22.661,38.326,15.617,53.943,21.974,1:15.917,14.039,1:29.956,23.221,1:53.177,15.8,32.2,48.34,0.0223365062903258,0.7374180767975312,0,-0.4217058499013255,-0.0958210771974606,0.1182174858815356,75.27846156262443,24.72153843737557,24.959772559446478,0,0,1.4428292683559611,0,0,0,Maintain current pace,22.26306114279247,0,113.177,114.59,1.413000000000011,0,High,-0.3684857417694656,0,0.3042872,24.376148
GR86-025-047,47,17.0,15.21936823344871,21.106315254079835,89.25324110671937,1.327433628318584,5.0,150.0,1.7239136926010974,2.163955656882057,0.0,0.0,67.7763059992666,38.10240536350828,2.515652173913044,100.12217391304348,6.282092829992887,76.43260869565218,709.8764897891963,-5.890653088263,43.538080666198006,129.81927433628317,31.2536292613976,65.945,187.3125,0.026605722458758,0.364327515791533,-0.0659201465046365,0.8587080728159306,47,1,17,1:53.002,0,,38.036,0,37.248,0,37.718,0,122.3,35:44.996,14:41:33.819,0:38.036,0:37.248,0:37.718,189.1,,Am,,Toyota Gazoo Racing,GF,38.036,37.248,37.718,15.776,15.776,22.26,38.036,15.502,53.538,21.746,1:15.284,14.342,1:29.626,23.376,1:53.002,15.8,32.2,48.34,0.7081972009018633,0.4467808753989484,0,-0.5549385774706824,-0.0786328944957966,0.233050303050114,78.0664599865281,21.933540013471895,22.26306114279247,0,0,-3.313235801148249,0,0,0,Maintain current pace,19.17323198440161,0,113.002,114.59,1.587999999999994,0,High,-0.36178278905758854,0,0.3042872,22.804174
GR86-025-047,47,18.0,15.754429660574257,22.72151715546161,89.0605138339921,1.2702702702702702,5.0,141.0,1.741787737061076,2.163955656882057,0.0,0.0,69.71778360585387,38.620548357524406,2.480869565217392,100.12227272727272,6.23167417950656,71.78928571428571,691.7158339252281,-8.02928464087032,40.78882585339378,129.6761141141141,31.51264319737142,64.245,187.366,0.0187052367961642,0.3692688799610009,-0.069868169395461,0.8549074853414838,47,1,18,1:58.061,0,,37.993,0,37.350,0,42.718,0,117.0,37:43.057,14:43:31.880,0:37.993,0:37.350,0:42.718,189.1,,Am,,Toyota Gazoo Racing,GF,37.993,37.35,42.718,15.591,15.591,22.402,37.993,15.526,53.519,21.824,1:15.343,18.389,1:33.732,24.329,1:58.061,15.8,32.2,48.34,0.9351509683801014,0.561044941427083,0,-0.7230864536071316,-0.0517764814317813,0.3071659096865533,79.86589502247006,20.134104977529944,19.17323198440161,0,0,-5.786540575044864,0,0,0,Maintain current pace,23.19769372708331,0,118.061,114.59,3.471000000000004,0,High,-0.36290007143345476,0,0.3042872,20.884771
GR86-025-047,47,19.0,14.700515639360482,21.474077573273,73.84096837944665,1.452991452991453,5.0,170.0,1.857741040621036,2.302585092994045,0.0,0.0,67.98490169888686,38.03882629717597,2.4640909090909093,100.11863636363636,8.132874932635803,119.72760869565218,951.5463671183888,-8.507055474681165,53.89239031413013,123.90961965811964,37.397518909707614,25.655,189.234,0.0133597325289247,0.3825952177454323,-0.0734603192566545,0.8045816687280911,47,1,19,2:21.214,0,B,39.612,0,37.637,0,1:03.965,0,97.9,40:04.271,14:45:53.094,0:39.612,0:37.637,1:03.965,184.3,,Am,,Toyota Gazoo Racing,GF,39.612,37.637,63.965,15.950,15.950,23.662,39.612,15.647,55.259,21.99,1:17.249,14.508,1:31.757,49.457,2:21.214,15.8,32.2,48.34,0.4881186360410285,1.302303919708237,0,-0.1856061541863163,0.5584094236882622,0.5000115899802465,84.54794903779701,15.45205096220299,23.19769372708331,0,1,0.9346325842908384,0,0,1,Steering indecision - check driver fatigue or track confidence,24.435491814066367,0,141.214,114.59,26.623999999999995,0,High,-0.4429526885770844,0,0.3042872,23.055914
GR86-025-047,47,20.0,11.771852234010586,21.204607255479285,89.31119565217391,1.3571428571428572,5.0,190.0,1.599048295186787,2.19722457733622,0.0,0.0,48.12875093012033,41.07897973506104,2.484545454545455,100.09130434782608,4.441553427458634,56.80775,621.8174798442087,-8.168191365270886,42.65042625393801,105.57211428571428,43.58506508477048,46.964,183.7875,-0.0111537310573629,0.2949099611375828,-0.048020485543569,0.7254121870859347,47,1,20,2:06.007,0,,47.897,0,39.381,0,38.729,0,109.7,42:10.278,14:47:59.101,0:47.897,0:39.381,0:38.729,187.2,0:00:46.801,Am,,Toyota Gazoo Racing,GF,47.897,39.381,38.729,25.595,25.595,22.302,47.897,17.264,1:05.161,22.117,1:27.278,14.607,1:41.885,24.122,2:06.007,15.8,32.2,48.34,-0.7541147970258019,-0.3514507753460422,0,-0.4675479150076556,1.1999783620752325,-0.2642314839878762,65.993074758483,34.006925241517,24.435491814066367,0,0,5.262259829664757,0,0,0,Maintain current pace,28.949438071322792,0,126.007,114.59,11.417000000000002,0,Medium,-0.43281743354735425,0,0.3042872,25.164074
GR86-025-047,47,21.0,15.042469054454315,20.052662543051763,80.29310276679843,1.392,5.0,174.0,1.6568628243137802,2.302585092994045,0.0,0.0,65.30865921748804,38.16496286622672,2.4913636363636367,100.09727272727272,4.634950159665614,59.68295454545455,579.3687699582017,-8.857027887668487,38.69091809034829,116.401664,33.40902172823692,42.745000000000005,185.014,0.0530406505839115,0.340253850748204,-0.0969425107866154,0.7698549578280303,47,1,21,1:53.824,0,,38.389,0,37.139,0,38.296,0,121.4,44:04.102,14:49:52.925,0:38.389,0:37.139,0:38.296,185.2,,Am,,Toyota Gazoo Racing,GF,38.389,37.139,38.296,15.852,15.852,22.537,38.389,15.561,53.950,21.578,1:15.528,14.686,1:30.214,23.61,1:53.824,15.8,32.2,48.34,0.6331629466999343,0.0181423063061775,0,-0.3650144960531643,0.1448535761717663,0.1542176437957266,76.15250076152088,23.84749923847912,28.949438071322792,0,0,5.751744344239484,0,0,0,Maintain current pace,25.41955035355973,0,113.824,114.59,0.7660000000000053,0,High,-0.3988918787554773,0,0.3042872,26.25792
GR86-025-047,47,22.0,13.97555675752876,21.7194998946176,82.75869565217391,1.2831858407079646,5.0,145.0,1.6571305609355906,2.025326220770068,0.0,0.0,69.78120475084702,38.70550700494719,2.4918181818181817,100.095,5.820800907441923,57.68928571428571,657.7505025409373,-4.982392511489421,36.60116144079051,128.9086946902655,30.64850483990333,66.78999999999999,184.948,0.0213832986071409,0.3699322355367553,-0.0739834824475104,0.8497363315563057,47,1,22,1:53.765,0,,38.112,0,37.723,0,37.930,0,121.5,45:57.867,14:51:46.690,0:38.112,0:37.723,0:37.930,186.2,,Am,,Toyota Gazoo Racing,GF,38.112,37.723,37.93,15.648,15.648,22.464,38.112,15.554,53.666,22.169,1:15.835,14.365,1:30.200,23.565,1:53.765,15.8,32.2,48.34,0.1806172144146957,0.019853876124704,0,-0.6850948832666783,-0.141376512354319,-0.0577532503698489,71.00611026602773,28.993889733972267,25.41955035355973,0,0,0.9840585394933612,0,0,0,Maintain current pace,26.205575911100038,0,113.765,114.59,0.8250000000000028,0,High,-0.39590808451730036,0,0.3042872,26.113146
GR86-025-047,47,23.0,14.949482810969224,23.31238879806353,92.25374741200828,1.4593301435406698,5.0,305.0,1.6699390632950826,2.163955656882057,0.0,0.0,70.90780282482467,38.51176000439554,2.458695652173913,100.11954545454546,6.007352762820934,79.71318181818182,1255.5367274295752,-3.836844905262317,36.14970836707515,127.15665550239235,31.37857071289444,58.415,185.442,0.0230856653889184,0.3697133333270107,-0.0932055165499387,0.8386272762625904,47,1,23,1:54.590,0,,39.016,0,37.548,0,38.026,0,120.6,47:52.457,14:53:41.280,0:39.016,0:37.548,0:38.026,186.2,,Am,,Toyota Gazoo Racing,FF,39.016,37.548,38.026,16.390,16.390,22.626,39.016,15.413,54.429,22.135,1:16.564,14.462,1:31.026,23.564,1:54.590,15.8,32.2,48.34,0.5937215345316852,0.1017352635523518,0,-0.1669606898586929,-0.0656780732905163,0.1719383654397379,76.5827379117722,23.4172620882278,26.205575911100038,0,0,-2.7438621602227578,0,0,0,Maintain current pace,,0,114.59,114.59,0.0,0,High,-0.3738320113245301,0,0.3042872,25.820457
GR86-026-072,72,1.0,19.31764186039354,25.33237070700888,92.77782608695652,2.2103896103896106,5.0,851.0,1.29075564486065,2.302585092994045,0.0,0.0,33.037195641885695,35.48827216544116,2.469523809523809,100.18818181818182,7.987128967468877,48.65068181818182,3075.044652475517,-7.516527087522998,44.37574306829163,64.09796701846966,45.53697130704187,0.0,143.54250000000002,0.0103672895831919,0.2140598602934471,-0.055717658431263,0.4869487351384177,72,1,1,2:41.949,0,,50.390,0,52.104,0,59.455,0,85.3,2:41.949,14:08:30.772,0:50.390,0:52.104,0:59.455,139.2,,Am,,Toyota Gazoo Racing,GF,50.39,52.104,59.455,,,,50.390,21.849,1:12.239,30.255,1:42.494,21.555,2:04.049,37.9,2:41.949,15.8,32.2,48.34,0.6755435140885081,-1.0277010012464003,0,0.8858971061781226,2.0117583095001046,0.2797982007916811,79.2014409827094,20.7985590172906,15.426520254786624,1,0,,0,0,1,High error bursts detected - suggest 1-lap cool down,19.63733485250621,0,161.949,113.327,48.622000000000014,0,High,-0.5394212469065375,1,0.3042872,19.074526
GR86-026-072,72,2.0,25.57514669043378,26.60178996807228,93.774209486166,3.132911392405063,5.0,495.0,1.5717914877838428,2.163955656882057,0.0,0.0,41.88526053892786,35.28804424040805,2.447391304347826,100.17636363636365,4.588282487209401,48.81217391304348,724.9486329790855,-8.418136837115552,36.31411568788083,92.0365506329114,17.968743377440145,50.9375,139.184,-0.0031279263531657,0.2500639762291088,-0.0537140771105678,0.536536341999325,72,1,2,1:55.813,0,,40.749,0,37.000,0,38.064,0,119.3,4:37.762,14:10:26.585,0:40.749,0:37.000,0:38.064,189.1,,Am,,Toyota Gazoo Racing,GF,40.749,37.0,38.064,17.107,17.107,23.642,40.749,15.324,56.073,21.676,1:17.749,14.311,1:32.060,23.753,1:55.813,15.8,32.2,48.34,1.9211284718959056,-0.1743955935532294,0,2.4255544517618195,-1.7424470070397566,0.7223281102407616,89.94551850771735,10.054481492282648,19.63733485250621,1,0,,0,0,1,High error bursts detected - suggest 1-lap cool down,20.80375236250031,0,115.813,113.327,2.486000000000004,0,High,-0.5217066017280173,0,0.3042872,18.419958
GR86-026-072,72,3.0,13.670385751656452,22.385875059104823,85.39185770750989,1.6521739130434785,5.0,190.0,1.7857661885489364,2.163955656882057,0.0,0.0,70.16147169628005,38.61866879287236,2.4795652173913045,100.20454545454544,6.378423220794304,86.76565217391304,733.5186703913449,-9.60339837734945,41.652804601628645,126.86679565217392,31.011065793993065,61.154,186.428,0.0137706073555044,0.3650255175649977,-0.0778521429494063,0.8300140616001872,72,1,3,1:52.810,0,,37.943,0,37.163,0,37.704,0,122.5,6:30.572,14:12:19.395,0:37.943,0:37.163,0:37.704,190.1,,Am,,Toyota Gazoo Racing,GF,37.943,37.163,37.704,15.693,15.693,22.25,37.943,15.334,53.277,21.829,1:15.106,14.281,1:29.387,23.423,1:52.810,15.8,32.2,48.34,-0.448568644508678,0.4752929563954804,0,-0.0457458269149214,0.0336394458611485,-0.0192452837048566,71.9410359520546,28.058964047945395,20.80375236250031,0,0,5.377232107713684,0,0,0,Maintain current pace,25.899271099785185,0,112.81,113.327,0.5169999999999959,0,High,-0.36863836153924556,0,0.3042872,24.5447
GR86-026-072,72,4.0,17.45149183270146,25.52924760358781,96.99545454545454,1.3839285714285714,5.0,155.0,1.7625116700227712,2.163955656882057,0.0,0.0,70.37926495489499,39.04262836268997,2.4773913043478264,100.25136363636364,7.001847700048399,101.74282608695653,784.2069424054207,-9.42562076510446,42.75681926776407,129.85107589285715,32.03377353255748,63.8575,189.99,0.0093667503562689,0.3785468594214816,-0.0780191410556317,0.8746017229511674,72,1,4,1:52.509,0,,37.581,0,37.041,0,37.887,0,122.8,8:23.081,14:14:11.904,0:37.581,0:37.041,0:37.887,188.2,,Am,,Toyota Gazoo Racing,GF,37.581,37.041,37.887,15.497,15.497,22.084,37.581,15.25,52.831,21.791,1:14.622,14.329,1:28.951,23.558,1:52.509,15.8,32.2,48.34,0.3040778154371554,0.4046855697885665,0,-0.4934381401887578,0.1729104515706715,0.1356700612070417,75.70218845272711,24.29781154727289,25.899271099785185,0,0,6.261936247278971,0,0,0,Maintain current pace,44.4384067414669,0,112.509,113.327,0.8179999999999978,0,High,-0.3847365903954804,0,0.3042872,33.74505
GR86-026-072,72,5.0,16.593026921434515,24.41732680627194,91.87771739130436,1.4414414414414414,5.0,160.0,1.7598518165921213,2.025326220770068,0.0,0.0,69.79816487173568,39.39094247468908,2.4713636363636367,100.21409090909091,6.314869324434541,71.7695652173913,700.9504950122341,-9.4506466572108,42.4116570076021,129.80583783783783,31.73392502169492,63.9275,189.11,0.0088091584900845,0.3793267169661021,-0.0856064795656463,0.8734218362236821,72,1,5,2:06.112,0,,37.563,0,40.795,0,47.754,0,109.6,10:29.193,14:16:18.016,0:37.563,0:40.795,0:47.754,182.1,,Am,,Toyota Gazoo Racing,FCY,37.563,40.795,47.754,15.457,15.457,22.106,37.563,15.55,53.113,25.245,1:18.358,17.754,1:36.112,30.0,2:06.112,15.8,32.2,48.34,0.13319644829122,0.3966094920454684,0,-0.3974511244811631,0.1320774725155299,0.0927013860781116,74.65896229586272,25.34103770413728,44.4384067414669,0,0,23.63465437896659,0,0,0,Maintain current pace,52.70952779086617,0,126.112,113.327,12.784999999999997,0,High,-0.4290222272370604,0,0.434081,54.77634
GR86-026-072,72,6.0,1.1365725357232883,6.738121691667503,85.02853754940713,0.2363250132766861,5.0,445.0,0.2376205269511314,2.302585092994045,0.0,0.0,9.504630140310857,12.602813122397093,2.4833333333333334,100.2418181818182,0.7840671773731599,67.67272727272727,1476.39849499366,-5.875637033800639,32.10095626149866,8.62642962371317,30.07798553536303,0.0,184.535,0.0102514010139804,0.0703541870025527,0.0031651025439153,0.1996744556087048,72,1,6,2:54.826,0,,1:03.555,0,57.723,0,53.548,0,79.0,13:24.019,14:19:12.842,1:03.555,0:57.723,0:53.548,126.0,,Am,,Toyota Gazoo Racing,FCY,63.555,57.723,53.548,23.254,23.254,40.301,1:03.555,27.446,1:31.001,30.277,2:01.278,20.744,2:22.022,32.804,2:54.826,15.8,32.2,48.34,-2.943481493922094,-4.2253212115246255,0,-2.4087492825081496,-0.093426206550478,-2.310029764089055,16.323629027009474,83.67637097299053,52.70952779086617,0,0,26.810256691080983,0,0,0,Maintain current pace,56.228401103702176,0,174.826,113.327,61.499,1,Low,-0.6377903464120135,1,0.47541606,55.9108
GR86-026-072,72,7.0,7.529727472143735,6.935890771779737,60.74217391304348,1.137931034482759,5.0,198.0,1.5407948163671852,2.302585092994045,0.0,0.0,14.80338919781093,10.419863182855146,2.442727272727273,63.83217391304348,1.0552872806021232,19.39909090909091,183.61998682476943,-7.943948137121849,33.57268119402886,84.29488505747126,17.373302100630596,36.224,127.346,-0.0116439836226593,0.1433838945991337,-0.0568016348000526,0.4518588890414953,72,1,7,2:47.228,0,,54.767,0,1:00.775,0,51.686,0,82.6,16:11.247,14:22:00.070,0:54.767,1:00.775,0:51.686,116.0,,Am,,Toyota Gazoo Racing,FCY,54.767,60.775,51.686,22.682,22.682,32.085,54.767,27.02,1:21.787,33.755,1:55.542,19.52,2:15.062,32.166,2:47.228,15.8,32.2,48.34,-1.6708947619856511,-0.2685103764407311,0,-0.9039996273404756,-1.8235334233590803,-0.8863493091428575,50.88882530452928,49.11117469547072,56.228401103702176,0,0,11.789994362235277,0,0,0,Maintain current pace,30.466538870551204,1,167.228,113.327,53.90100000000001,1,Medium,-0.5363299319137507,1,0.6195076,36.414303
GR86-026-072,72,8.0,13.70254069688592,19.42762675301852,94.99469979296066,1.7664670658682635,5.0,295.0,1.58732417765016,2.302585092994045,0.0,0.0,22.35403638253326,23.941778417504903,2.4554545454545456,100.22476190476188,2.079879506937565,26.63636363636364,347.3398776585733,-8.242678319250826,35.08497714960168,88.31374850299402,16.121559340021616,53.7275,127.645,-0.0124569891085512,0.176827861489983,-0.0648652248861959,0.4819056465312449,72,1,8,2:29.461,0,,48.198,0,49.010,0,52.253,0,92.5,18:40.708,14:24:29.531,0:48.198,0:49.010,0:52.253,130.1,,Am,,Toyota Gazoo Racing,GF,48.198,49.01,52.253,21.295,21.295,26.903,48.198,21.806,1:10.004,27.204,1:37.208,19.833,1:57.041,32.42,2:29.461,15.8,32.2,48.34,-0.4421680555862897,-0.1272338930345813,0,0.1450055414832859,-1.9939941195931168,-0.342107470671351,64.10234235735471,35.897657642645285,30.466538870551204,0,0,-22.242988920314964,1,0,1,Focus dropped 22 points - consider radio reminder,22.05073167293201,0,149.461,113.327,36.134000000000015,0,Medium,-0.4210019696341161,0,0.3042872,24.41355
GR86-026-072,72,9.0,26.827246099371383,27.60701719214048,95.8001581027668,3.175675675675676,5.0,470.0,1.6396699378907225,2.163955656882057,0.0,0.0,44.55675278447561,37.30304621287591,2.4842857142857144,100.19227272727272,3.963609563709821,29.440952380952385,586.6142154290535,-9.141366313934965,37.15087978045487,98.31157770270268,18.98946601056413,59.98,163.4425,0.0033362567610851,0.2365793453254907,-0.0696961440685983,0.6066973330863232,72,1,9,1:52.316,0,,37.832,0,36.980,0,37.504,0,123.0,20:33.024,14:26:21.847,0:37.832,0:36.980,0:37.504,185.2,,Am,,Toyota Gazoo Racing,GF,37.832,36.98,37.504,15.541,15.541,22.291,37.832,15.4,53.232,21.58,1:14.812,14.178,1:28.990,23.326,1:52.316,15.8,32.2,48.34,2.170364586259749,0.0317028454912925,0,2.4969265799324667,-1.60344633039953,0.8732294412006648,93.60921572646238,6.390784273537619,22.05073167293201,1,0,-34.177669430770166,1,0,2,High error bursts detected - suggest 1-lap cool down | Focus dropped 34 points - consider radio reminder,18.41693245583215,0,112.316,113.327,1.0109999999999957,0,High,-0.5276328731344416,0,0.3042872,20.344458
GR86-026-072,72,10.0,15.516743693082365,23.30047774021945,85.43108695652174,1.4864864864864864,5.0,165.0,1.9130159967782776,2.302585092994045,0.0,0.0,70.92411225549898,38.831076114358645,2.484090909090909,100.255,6.722946389359433,78.55,746.247049218897,-11.944750898183392,42.92309041534512,130.46325975975975,31.556153448911587,65.164,186.5,0.008291377524215,0.377435609633202,-0.0848087206273705,0.8814664105942444,72,1,10,1:52.677,0,,37.729,0,37.338,0,37.610,0,122.6,22:25.701,14:28:14.524,0:37.729,0:37.338,0:37.610,189.1,,Am,,Toyota Gazoo Racing,GF,37.729,37.338,37.61,15.597,15.597,22.132,37.729,15.329,53.058,22.009,1:15.067,14.209,1:29.276,23.401,1:52.677,15.8,32.2,48.34,-0.0810426511562191,0.8616598637642733,0,-0.3222724828080818,0.107868771637944,0.1535481753367847,76.13624689738688,23.86375310261312,18.41693245583215,0,1,-12.049606414719054,1,0,2,Steering indecision - check driver fatigue or track confidence | Focus dropped 12 points - consider radio reminder,24.756280811488363,0,112.677,113.327,0.6500000000000057,0,High,-0.38298880290373694,0,0.3042872,24.368174
GR86-026-072,72,11.0,15.593445879043315,22.93206021454868,81.36002070393374,1.6964285714285714,5.0,190.0,1.7677985223319237,2.163955656882057,0.0,0.0,71.1899154919873,38.30907530728121,2.457619047619048,100.21863636363636,6.671516208558522,100.34522727272729,747.2098153585545,-11.340416301154848,41.88994287696939,130.06700892857145,32.02951518458216,64.3125,189.082,0.0085004603768384,0.3742803794928681,-0.0787125133600871,0.869545336538556,72,1,11,1:52.636,0,,37.499,0,37.713,0,37.424,0,122.7,24:18.337,14:30:07.160,0:37.499,0:37.713,0:37.424,188.2,,Am,,Toyota Gazoo Racing,GF,37.499,37.713,37.424,15.487,15.487,22.012,37.499,15.392,52.891,22.321,1:15.212,14.11,1:29.322,23.314,1:52.636,15.8,32.2,48.34,-0.0657747302102769,0.4207379694332193,0,0.0281136864182435,0.1723305552984316,0.1069021817878014,75.00374000865429,24.99625999134571,24.756280811488363,0,0,2.705549138556357,0,0,0,Maintain current pace,25.42638579570536,0,112.636,113.327,0.6910000000000025,0,High,-0.3670343748228667,0,0.3042872,24.077274
GR86-026-072,72,12.0,15.368731642484068,21.852583977839966,83.22651515151516,1.5625,5.0,175.0,1.805192034872364,2.163955656882057,0.0,0.0,69.91180326313163,38.62133946441883,2.4769565217391305,100.13857142857142,6.980250228549918,97.12909090909092,781.7880255975908,-8.786145014414389,41.28674887810486,129.94497767857143,32.14481063490655,66.1525,188.67,0.0065637096462128,0.3689770012806835,-0.0789749861832995,0.8688005282941431,72,1,12,1:51.668,3,,37.371,0,36.830,3,37.467,0,123.7,26:10.005,14:31:58.828,0:37.371,0:36.830,0:37.467,190.1,,Am,,Toyota Gazoo Racing,GF,37.371,36.83,37.467,15.361,15.361,22.01,37.371,15.262,52.633,21.568,1:14.201,14.152,1:28.353,23.315,1:51.668,15.8,32.2,48.34,-0.1105051268245407,0.534275396302007,0,-0.195408524984757,0.1880313393200229,0.0899091662124282,74.59117065949374,25.40882934050626,25.42638579570536,0,1,7.009453339873208,0,0,1,Steering indecision - check driver fatigue or track confidence,25.021907299653577,0,111.668,113.327,1.6589999999999918,0,High,-0.3537767997787985,0,0.3042872,25.929588
GR86-026-072,72,13.0,15.136759275276765,25.433622118247182,94.30664031620556,1.6363636363636365,5.0,180.0,1.7818099009828028,2.163955656882057,0.0,0.0,71.11866039880738,39.75799216770353,2.4781818181818185,100.22227272727272,7.0489279075338365,81.95795454545454,775.382069828722,-9.351709910368507,40.08083147123512,130.59633181818182,31.70035827810132,63.8925,188.262,0.0060864207504177,0.3893867659590945,-0.0888570926230115,0.8864309190294223,72,1,13,1:52.821,0,,37.627,0,37.733,0,37.461,0,122.5,28:02.826,14:33:51.649,0:37.627,0:37.733,0:37.461,188.2,,Am,,Toyota Gazoo Racing,GF,37.627,37.733,37.461,15.620,15.620,22.007,37.627,15.458,53.085,22.275,1:15.360,14.225,1:29.585,23.236,1:52.821,15.8,32.2,48.34,-0.1566802875424803,0.4632805328574134,0,-0.0721326386958292,0.1275063971609653,0.0707467908633314,74.1259319447359,25.874068055264104,25.021907299653577,0,0,0.2656264881652141,0,0,0,Maintain current pace,27.149325735668523,0,112.821,113.327,0.5060000000000002,0,High,-0.37801623201959517,0,0.3042872,25.591553
GR86-026-072,72,14.0,16.872238846427898,23.527853354312096,81.39772727272728,1.875,5.0,210.0,1.6779644157638651,2.163955656882057,0.0,0.0,71.14796367657215,38.437919485328415,2.533478260869565,100.24363636363636,7.553517328400052,85.53045454545455,845.9939407808058,-8.776242084778577,40.14205148905989,129.61271428571428,31.81659715567144,61.65,187.18400000000003,0.0074659564990964,0.3869136532629,-0.0831576565283904,0.8676073028493902,72,1,14,2:19.323,0,B,37.683,0,37.018,0,1:04.622,0,99.2,30:22.149,14:36:10.972,0:37.683,0:37.018,1:04.622,190.1,,Am,,Toyota Gazoo Racing,GF,37.683,37.018,64.622,15.536,15.536,22.147,37.683,15.309,52.992,21.709,1:14.701,14.218,1:28.919,50.404,2:19.323,15.8,32.2,48.34,0.1887748590569004,0.1479758614669442,0,0.3261433016222444,0.1433356558741743,0.1568814839145603,76.21717549680963,23.78282450319037,27.149325735668523,1,0,1.7229399399631653,0,0,1,High error bursts detected - suggest 1-lap cool down,28.42613520227292,0,139.323,113.327,25.99600000000001,0,High,-0.3758342972570897,0,0.3042872,25.547186
GR86-026-072,72,15.0,12.33201807536614,23.82968522242773,94.48432806324112,1.2681159420289856,5.0,175.0,1.5547672614375327,2.302585092994045,0.0,0.0,50.67457945925695,42.04387834728609,2.4804347826086954,100.20739130434782,5.494404372237424,118.97477272727274,758.2278033687645,-7.18407037740879,35.42495029446397,107.16710869565216,45.52835731190995,42.07,188.468,-0.0214404385891333,0.324723165287906,-0.0621915313155911,0.7500554427742283,72,1,15,2:02.298,0,,47.812,0,36.935,0,37.551,0,113.0,32:24.447,14:38:13.270,0:47.812,0:36.935,0:37.551,188.2,0:00:46.265,Am,,Toyota Gazoo Racing,GF,47.812,36.935,37.551,25.585,25.585,22.227,47.812,15.341,1:03.153,21.594,1:24.747,14.173,1:38.920,23.378,2:02.298,15.8,32.2,48.34,-0.714976852074078,-0.2260860265314497,0,-0.6867254630928017,2.010585266880047,-0.1729648550310014,68.20891535144891,31.79108464855109,28.42613520227292,0,0,3.4042279026193434,0,0,0,Maintain current pace,29.4480307830699,0,122.298,113.327,8.971000000000004,0,High,-0.44488307423350043,0,0.3042872,27.730392
GR86-026-072,72,16.0,15.35901898764601,23.45990544380151,80.78790513833992,1.352459016393443,5.0,165.0,1.5829581378455624,2.302585092994045,0.0,0.0,70.25770072255901,38.45701939830246,2.586666666666667,100.20523809523807,6.419376603320651,102.75363636363636,783.1639456051195,-6.772455975924389,37.458344847285616,119.27543852459016,35.44364337182805,49.306,187.222,0.0347203134918875,0.3575421240615344,-0.105887315690087,0.7908280621704447,72,1,16,1:53.011,0,,38.297,0,37.113,0,37.601,0,122.3,34:17.458,14:40:06.281,0:38.297,0:37.113,0:37.601,186.2,,Am,,Toyota Gazoo Racing,GF,38.297,37.113,37.601,15.644,15.644,22.653,38.297,15.352,53.649,21.761,1:15.410,14.278,1:29.688,23.323,1:53.011,15.8,32.2,48.34,-0.1124384751950577,-0.1404904418673402,0,-0.5459597527042165,0.6372620780875464,-0.0870219081222302,70.2955035449227,29.704496455077305,29.4480307830699,0,0,2.298705047401377,0,0,0,Maintain current pace,27.181773360084787,0,113.011,113.327,0.3160000000000025,0,High,-0.4059845564523864,0,0.3042872,28.041348
GR86-026-072,72,17.0,16.319963195060634,23.945754743623155,95.06356107660454,1.4285714285714286,5.0,160.0,1.705045691629773,2.163955656882057,0.0,0.0,71.24856241810726,38.19061860088846,2.5047619047619043,100.18714285714285,7.462798456363771,95.28318181818182,835.8334271127424,-7.165358617185093,37.89587138593148,129.31863392857142,31.663420265431306,68.55199999999999,184.078,0.0068629683140358,0.3771580044997853,-0.0775464300838912,0.8621050291598011,72,1,17,1:52.484,0,,37.614,0,37.151,0,37.719,0,122.8,36:09.942,14:41:58.765,0:37.614,0:37.151,0:37.719,188.2,,Am,,Toyota Gazoo Racing,GF,37.614,37.151,37.719,15.538,15.538,22.076,37.614,15.347,52.961,21.804,1:14.765,14.175,1:28.940,23.544,1:52.484,15.8,32.2,48.34,0.0788418645821806,0.230202380701095,0,-0.4189307363877576,0.1224762267814147,0.0306111667699057,73.1514887544187,26.848511245581307,27.181773360084787,0,0,-1.244361842188134,0,0,0,Maintain current pace,24.582731104353236,0,112.484,113.327,0.8429999999999893,0,High,-0.36753369014669257,0,0.3042872,26.711134
GR86-026-072,72,18.0,16.941604927106074,25.30039544813208,86.84978354978355,1.4864864864864864,5.0,165.0,1.7352197706874086,2.302585092994045,0.0,0.0,73.23055933755664,38.39143214383888,2.508695652173913,100.1595652173913,8.133414864610517,124.23,902.8090499717672,-9.765085500275296,40.50853878985831,130.02010660660662,31.80502788388724,60.23,187.78,0.0060858818307532,0.3960816998999154,-0.0846880652664943,0.868833157857269,72,1,18,1:53.327,0,,37.636,0,36.976,0,38.715,0,121.9,38:03.269,14:43:52.092,0:37.636,0:36.976,0:38.715,185.2,,Am,,Toyota Gazoo Racing,GF,37.636,36.976,38.715,15.578,15.578,22.058,37.636,15.225,52.861,21.751,1:14.612,15.321,1:29.933,23.394,1:53.327,15.8,32.2,48.34,0.2025824946914756,0.3218195373037091,0,-0.3222724828080818,0.1417601675347841,0.1070647770656361,75.00768762040425,24.992312379595745,24.582731104353236,0,0,-4.865299678716667,0,0,0,Maintain current pace,24.15528756972236,0,113.327,113.327,0.0,0,High,-0.39813135034354447,0,0.3042872,24.073357
GR86-026-072,72,19.0,17.84085846204584,24.727392100772065,90.44057971014492,1.5486725663716814,5.0,175.0,1.7952151244150747,2.163955656882057,0.0,0.0,71.1506095118169,38.53898089272015,2.494761904761905,100.17363636363638,7.164022646905487,109.14880952380952,809.5345591003199,-6.161499444508293,37.58878314440931,129.18055899705016,32.70491435131189,60.415000000000006,184.184,0.00638899998723,0.3798193060768876,-0.080511787972619,0.8598849892106399,72,1,19,1:52.357,0,,37.354,3,37.590,0,37.413,2,123.0,39:55.626,14:45:44.449,0:37.354,0:37.590,0:37.413,188.2,,Am,,Toyota Gazoo Racing,GF,37.354,37.59,37.413,15.399,15.399,21.955,37.354,15.343,52.697,22.247,1:14.944,14.133,1:29.077,23.28,1:52.357,15.8,32.2,48.34,0.3815830239437878,0.5039826352195631,0,-0.2184860394363943,0.2643055327615546,0.2341282133487234,78.09263031211735,21.90736968788265,24.15528756972236,0,1,-3.026485790362429,0,0,1,Steering indecision - check driver fatigue or track confidence,22.37861468684757,0,112.357,113.327,0.9699999999999988,0,High,-0.38165978010982343,0,0.3042872,23.91752
GR86-026-072,72,20.0,16.452466308681412,23.86489834263981,86.99563146997929,1.4414414414414414,5.0,160.0,1.7520299539661968,2.163955656882057,0.0,0.0,70.15108821450355,38.22280693059524,2.480454545454545,100.16363636363636,7.724754756502469,84.50775,857.447777971774,-7.118851969298194,41.15105822006844,129.7264590909091,32.105339757659216,66.4125,186.905,0.0054657426468639,0.3939203164414384,-0.0812850908592327,0.870674734526338,72,1,20,1:55.236,0,,38.119,0,38.360,0,38.757,0,119.9,41:50.862,14:47:39.685,0:38.119,0:38.360,0:38.757,188.2,,Am,,Toyota Gazoo Racing,GF,38.119,38.36,38.757,15.713,15.713,22.406,38.119,15.707,53.826,22.653,1:16.479,15.034,1:31.513,23.723,1:55.236,15.8,32.2,48.34,0.105217215408338,0.3728600741509024,0,-0.3974511244811631,0.1826562467464696,0.0834281391626995,74.43381935831133,25.566180641688675,22.37861468684757,0,0,-2.2041164175056664,0,0,0,Maintain current pace,22.163838635841877,0,115.236,113.327,1.908999999999992,0,High,-0.3722094101888904,0,0.3042872,24.346252
GR86-026-072,72,21.0,17.599044734695763,23.866784052205016,84.70084980237154,2.06140350877193,5.0,235.0,1.7616519521539733,2.302585092994045,0.0,0.0,66.82946737327335,39.41839310952213,2.483043478260869,100.14434782608696,6.409565245835389,65.29065217391305,730.6904380252344,-8.493660711425374,40.41225172154264,126.71286842105263,33.0007249884195,60.7325,185.4575,0.0022871759959499,0.367281745773501,-0.0728352514596131,0.8389589760179182,72,1,21,1:55.140,0,,39.431,0,38.145,0,37.564,0,120.0,43:46.002,14:49:34.825,0:39.431,0:38.145,0:37.564,190.1,,Am,,Toyota Gazoo Racing,GF,39.431,38.145,37.564,16.365,16.365,23.066,39.431,16.247,55.678,21.898,1:17.576,14.187,1:31.763,23.377,1:55.140,15.8,32.2,48.34,0.3334488954757385,0.4020752198100543,0,0.6372443911772978,0.3045886394361759,0.3265989962154473,80.33770626902863,19.66229373097137,22.163838635841877,1,0,-1.991448933880484,0,0,1,High error bursts detected - suggest 1-lap cool down,22.08228474684621,0,115.14,113.327,1.8130000000000024,0,High,-0.4166653042669223,0,0.3042872,21.907822
GR86-026-072,72,22.0,18.243491272648026,24.80135974467163,90.8771343873518,1.8859649122807016,5.0,215.0,1.7130389240452597,2.163955656882057,0.0,0.0,67.45196003543809,39.368343690749946,2.5159090909090907,100.17521739130436,6.559843076482379,75.4955,747.8221107189912,-7.486314703703298,39.4347017665656,127.5085,31.268067293343577,63.34,188.778,0.0049935161346609,0.3692328264361845,-0.0792887346043494,0.8435087305581774,72,1,22,1:53.937,0,,38.125,0,37.264,0,38.548,0,121.3,45:39.939,14:51:28.762,0:38.125,0:37.264,0:38.548,184.3,,Am,,Toyota Gazoo Racing,GF,38.125,37.264,38.548,15.911,15.911,22.214,38.125,15.375,53.500,21.889,1:15.389,15.108,1:30.497,23.44,1:53.937,15.8,32.2,48.34,0.4617289265083683,0.2544721264180046,0,0.3444433657137179,0.068637574782754,0.2606669718923447,78.73695846513442,21.26304153486558,22.08228474684621,1,0,-0.2963299400013568,0,0,1,High error bursts detected - suggest 1-lap cool down,23.292280254783627,0,113.937,113.327,0.6099999999999994,0,High,-0.4168512202050471,0,0.3042872,21.782305
GR86-026-072,72,23.0,14.86911031831148,22.832741257758794,89.45152173913044,1.7632850241545894,5.0,365.0,1.750464228630172,2.163955656882057,0.0,0.0,70.06326329076687,38.60483308121973,2.4386363636363635,100.19136363636365,7.12991635986595,99.97826086956522,1475.8926864922516,-7.457214294958466,41.40363462707882,125.77471739130436,33.95923259698749,40.026,186.2375,0.0039249238136745,0.3810214923968665,-0.1018143668644729,0.822082514533741,72,1,23,1:53.219,0,,38.271,0,37.313,0,37.635,0,122.0,47:33.158,14:53:21.981,0:38.271,0:37.313,0:37.635,187.2,,Am,,Toyota Gazoo Racing,FF,38.271,37.313,37.635,15.851,15.851,22.42,38.271,15.48,53.751,21.833,1:15.584,14.141,1:29.725,23.494,1:53.219,15.8,32.2,48.34,-0.2099570366339636,0.3681060830503532,0,0.1396948225453454,0.4351169551922278,0.0935053286734238,74.67848102529832,25.321518974701675,23.292280254783627,0,0,1.1284416189417534,0,0,0,Maintain current pace,,0,113.219,113.327,0.108000000000004,0,High,-0.4027050139188683,0,0.3042872,24.523977
GR86-028-089,89,1.0,5.947341909657475,12.883804355888213,89.72895256916996,1.0313778990450204,5.0,756.0,0.6123174941017274,2.302585092994045,0.0,0.0,18.182852125568736,19.00658363087591,2.458181818181818,100.10954545454544,15.382746178604236,70.40065217391304,11275.552948916906,-0.1517844467985516,26.10958611320516,34.07661596180082,47.05990272408717,0.0,136.91799999999998,0.0013888233298438,0.1476084003910581,-0.036354434991241,0.3991397212142349,89,1,1,2:43.281,0,,56.786,0,50.887,0,55.608,0,84.6,2:43.281,14:08:32.104,0:56.786,0:50.887,0:55.608,138.1,,Am,,Toyota Gazoo Racing,GF,56.786,50.887,55.608,,,,56.786,22.845,1:19.631,28.042,1:47.673,21.293,2:08.966,34.315,2:43.281,15.8,32.2,48.34,-2.460743121638599,-2.709499555402185,0,-1.2158194973636642,3.5186831200952637,-1.246102437937149,42.154465381960506,57.84553461803949,37.710235385203255,0,0,,0,0,0,Maintain current pace,32.5260235609772,0,163.281,113.984,49.297,0,Medium,-0.5780380398866162,1,0.35173795,34.35279
GR86-028-089,89,2.0,17.489016873371565,24.31472705980528,90.03736842105262,1.623931623931624,5.0,190.0,1.7373746095277365,2.302585092994045,0.0,0.0,69.1100460054396,39.01308196001619,2.486521739130435,100.2440909090909,7.370049365182661,123.53826086956522,862.2957757263713,-5.106483521531048,42.36565047992324,123.6360284900285,31.306415897134784,62.7825,186.69,0.0115604928861485,0.3718821695380966,-0.0762968523073346,0.7863214627403352,89,1,2,1:58.333,0,,41.968,0,38.074,0,38.291,0,116.8,4:41.614,14:10:30.437,0:41.968,0:38.074,0:38.291,188.2,,Am,,Toyota Gazoo Racing,GF,41.968,38.074,38.291,17.582,17.582,24.386,41.968,15.65,57.618,22.424,1:20.042,14.446,1:34.488,23.845,1:58.333,15.8,32.2,48.34,0.8155096403889179,0.2482042116329933,0,0.7246776526380327,-0.0283196015796906,0.4125736327626595,82.42506384763298,17.574936152367016,32.5260235609772,1,0,,0,0,1,High error bursts detected - suggest 1-lap cool down,20.1140308948425,0,118.333,113.984,4.3489999999999895,0,High,-0.40918827788429896,0,0.3042872,28.717987
GR86-028-089,89,3.0,15.241953265378587,23.140136440754404,94.04600790513834,1.5086206896551724,5.0,175.0,1.7609299275369723,2.302585092994045,0.0,0.0,65.19788415280568,40.10874647538794,2.4765,100.13826086956522,6.744541188009891,104.0715909090909,782.3667778091474,-4.1256914224876615,47.35359626085006,125.58725862068968,33.25026850931026,65.8475,186.725,0.0068956630451008,0.3692953159727216,-0.0714656052356596,0.819139894606479,89,1,3,1:56.747,0,,40.154,0,38.068,0,38.525,0,118.4,6:38.361,14:12:27.184,0:40.154,0:38.068,0:38.525,185.2,,Am,,Toyota Gazoo Racing,GF,40.154,38.068,38.525,16.022,16.022,24.132,40.154,15.669,55.823,22.399,1:18.222,14.704,1:32.926,23.821,1:56.747,15.8,32.2,48.34,0.1776517579512505,0.3101296479991707,0,0.3470569746643889,0.4093517902625961,0.2238216646110858,77.8424000874749,22.1575999125251,20.1140308948425,0,0,-17.596204490360755,1,0,1,Focus dropped 18 points - consider radio reminder,21.03808559558934,0,116.747,113.984,2.762999999999991,0,High,-0.39961500163251856,0,0.3042872,20.865776
GR86-028-089,89,4.0,16.282923519673908,23.1158067253026,84.38881422924902,1.3839285714285714,5.0,155.0,1.871692807867366,2.163955656882057,0.0,0.0,71.16136843398647,37.53315489009916,2.499090909090909,100.1605,8.578741847470594,101.55021739130436,960.8190869167064,-9.957926654159287,45.45127749246623,128.23396875,31.632176035486488,64.896,187.374,0.0040393029439776,0.3916771577088196,-0.0878453165691233,0.8422015830841568,89,1,4,1:53.702,0,,38.495,0,37.422,0,37.785,0,121.5,8:32.063,14:14:20.886,0:38.495,0:37.422,0:37.785,186.2,,Am,,Toyota Gazoo Racing,GF,38.495,37.422,37.785,15.915,15.915,22.58,38.495,15.559,54.054,21.863,1:15.917,14.477,1:30.394,23.308,1:53.702,15.8,32.2,48.34,0.4731445422781143,0.6013182320354782,0,-0.0612852395250475,0.045027468185831,0.2875828815821297,79.39044338036462,20.609556619635384,21.03808559558934,0,1,-11.48793796538786,1,0,2,Steering indecision - check driver fatigue or track confidence | Focus dropped 11 points - consider radio reminder,42.26692206004865,0,113.702,113.984,0.2820000000000107,0,High,-0.4008900440344109,0,0.3042872,31.992798
GR86-028-089,89,5.0,17.34130972197356,19.3589628731343,94.88292490118576,1.6260162601626016,5.0,200.0,1.6920765997532017,2.163955656882057,0.0,0.0,46.03008306395347,37.441552100863326,2.4909523809523813,100.13434782608697,4.160578962066627,92.286,511.7512123341952,-6.589337816004391,44.68989435887554,118.78358196721312,28.070683504587382,64.3375,184.1375,-0.0061347020142019,0.2822613535156316,-0.0725266262276727,0.7929583405875579,89,1,5,2:03.227,0,,38.221,0,41.226,0,43.780,0,112.1,10:35.290,14:16:24.113,0:38.221,0:41.226,0:43.780,181.2,,Am,,Toyota Gazoo Racing,FCY,38.221,41.226,43.78,15.667,15.667,22.554,38.221,17.056,55.277,24.17,1:19.447,16.155,1:35.602,27.625,2:03.227,15.8,32.2,48.34,0.7735810672606372,0.1291186182774895,0,0.7315044271482707,-0.7568663499313867,0.2983930038266654,79.65289974539246,20.34710025460754,42.26692206004865,1,0,22.15289116520615,0,0,1,High error bursts detected - suggest 1-lap cool down,43.09918543352609,0,123.227,113.984,9.242999999999997,0,High,-0.4152338814062459,0,0.56020623,46.613403
GR86-028-089,89,6.0,2.1445840878975924,7.648016888390786,84.73780632411066,0.4705420267085624,5.0,599.0,0.3419668160043153,2.302585092994045,0.0,0.0,9.252004143226296,9.88167816083129,2.4450000000000003,100.01695652173912,1.350763933630478,49.56361111111111,1719.5224875115985,-39.78688249349193,50.94418916643686,12.45947938008931,30.35169735031856,0.0,145.032,0.0004678870351998,0.0779592291677698,-0.0105415746306361,0.186640852719371,89,1,6,2:56.667,0,,1:05.741,0,57.677,0,53.249,0,78.2,13:31.957,14:19:20.780,1:05.741,0:57.677,0:53.249,144.0,,Am,,Toyota Gazoo Racing,FCY,65.741,57.677,53.249,24.918,24.918,40.823,1:05.741,29.344,1:35.085,28.333,2:03.418,20.547,2:23.965,32.702,2:56.667,15.8,32.2,48.34,-3.5402047990841874,-3.420234333277396,0,-3.052446905445319,-0.2432808556302531,-2.399315144424428,14.155890694096971,85.84410930590303,43.09918543352609,0,0,22.061099837936748,0,0,0,Maintain current pace,43.1406991960853,0,176.667,113.984,62.68299999999999,1,Low,-0.6482737541574556,1,0.542205,48.561485
GR86-028-089,89,7.0,16.62527859470218,19.153598127302736,84.4351552795031,2.197604790419162,5.0,367.0,1.4401664580372986,2.302585092994045,0.0,0.0,25.85646330620284,26.93489208667172,2.4390909090909094,99.99363636363636,2.702112586055563,57.40956521739131,451.252801871279,-4.236014058344523,36.21350436818287,87.98073852295408,20.614352194789017,44.93,144.6,-0.0092965354559388,0.2172264670247447,-0.065402786312226,0.5376491508138872,89,1,7,2:47.596,0,,55.225,0,1:00.474,0,51.897,0,82.4,16:19.553,14:22:08.376,0:55.225,1:00.474,0:51.897,144.0,,Am,,Toyota Gazoo Racing,FCY,55.225,60.474,51.897,23.532,23.532,31.693,55.225,27.632,1:22.857,32.842,1:55.699,19.752,2:15.451,32.145,2:47.596,15.8,32.2,48.34,0.5703264299748179,-0.5331371595772776,0,2.60334467952163,-2.4357091191598568,0.1847444291103847,76.89365325993231,23.106346740067693,43.1406991960853,1,0,0.8737771360366509,0,0,1,High error bursts detected - suggest 1-lap cool down,22.94485657286606,1,167.596,113.984,53.612,1,High,-0.43600954661858204,0,0.6740622,41.29758
GR86-028-089,89,8.0,17.40140585538512,20.72850780708004,83.57090909090908,1.8287671232876712,5.0,267.0,1.657974086493061,2.302585092994045,0.0,0.0,39.97575962155511,35.514037607610014,2.4726086956521742,99.99227272727272,3.0541562560429445,32.91833333333333,445.9068133822699,-6.2296427051575005,42.74922251039577,100.51265753424656,24.18763567102668,47.578,164.96,0.0100637227442421,0.2484997689485404,-0.0831906913277834,0.6972707268159495,89,1,8,2:26.794,0,,46.745,0,48.011,0,52.038,0,94.1,18:46.347,14:24:35.170,0:46.745,0:48.011,0:52.038,157.2,,Am,,Toyota Gazoo Racing,GF,46.745,48.011,52.038,21.679,21.679,25.066,46.745,23.986,1:10.731,24.025,1:34.756,20.033,1:54.789,32.005,2:26.794,15.8,32.2,48.34,0.7906401270327942,0.0394652748588381,0,1.3954737104902557,-1.6311604909890685,0.2932633642991792,79.52835845771482,20.471641542285184,22.94485657286606,1,0,-20.15432886066003,1,0,2,High error bursts detected - suggest 1-lap cool down | Focus dropped 20 points - consider radio reminder,22.334351040724677,0,146.794,113.984,32.81,0,High,-0.40834176737913225,0,0.3042872,21.849968
GR86-028-089,89,9.0,14.684319512617389,23.371527483071752,94.31784584980235,1.415929203539823,5.0,160.0,1.7489236616027668,2.302585092994045,0.0,0.0,68.99272188393448,38.82357304402062,2.4850000000000003,100.01130434782608,7.065133121775942,89.02159090909092,798.3600427606814,-10.61996606355568,45.14928108712548,128.07911651917405,32.063036208153456,62.734,187.152,0.0024163544033918,0.3732364210678975,-0.0813342584526391,0.8542254946075168,89,1,9,1:54.134,0,,38.317,0,37.286,0,38.531,0,121.1,20:40.481,14:26:29.304,0:38.317,0:37.286,0:38.531,189.1,,Am,,Toyota Gazoo Racing,GF,38.317,37.286,38.531,15.781,15.781,22.536,38.317,15.527,53.844,21.759,1:15.603,14.913,1:30.516,23.618,1:54.134,15.8,32.2,48.34,0.0193602510055605,0.2785659367042296,0,0.0435105499571972,0.1420385122739497,0.0961799931987001,74.7434185637547,25.2565814362453,22.334351040724677,0,0,-20.806348155360627,1,0,1,Focus dropped 21 points - consider radio reminder,24.035561757618392,0,114.134,113.984,0.1499999999999914,0,High,-0.3728638775521295,0,0.3042872,23.90973
GR86-028-089,89,10.0,15.683676259041166,23.475937356145707,94.96255411255412,1.4285714285714286,5.0,160.0,1.8524655534306589,2.302585092994045,0.0,0.0,69.6972473710568,38.148882391987925,2.5013636363636365,100.0147619047619,8.278758344194761,142.21238095238095,927.2209345498133,-8.772978297752427,46.11025283305936,128.9689375,32.26893563434556,63.0,188.0575,-0.0015850630909218,0.3852465109212155,-0.081475537264781,0.8552961952132486,89,1,10,1:53.276,0,,37.952,0,37.426,0,37.898,0,122.0,22:33.757,14:28:22.580,0:37.952,0:37.426,0:37.898,188.2,,Am,,Toyota Gazoo Racing,GF,37.952,37.426,37.898,15.713,15.713,22.239,37.952,15.533,53.485,21.893,1:15.378,14.36,1:29.738,23.538,1:53.276,15.8,32.2,48.34,0.3030405063424443,0.5507710001683573,0,0.084911355678578,0.1883981425651436,0.2601814195531237,78.72516985635646,21.27483014364354,24.035561757618392,0,1,1.090705184752334,0,0,1,Steering indecision - check driver fatigue or track confidence,23.99384998047885,0,113.276,113.984,0.7079999999999984,0,High,-0.41085931406893567,0,0.3042872,23.840996
GR86-028-089,89,11.0,15.64650440654436,23.4176112866766,93.66266798418974,1.1946902654867255,5.0,135.0,1.7902042449678035,2.302585092994045,0.0,0.0,67.96423286909433,38.83350170332752,2.4966666666666666,100.02409090909092,7.591664441523659,101.6535,857.8580818921735,-7.798626449721051,45.13233386032231,127.33277138643066,31.462617022568647,65.398,184.2275,0.0005174187636749,0.3938668304939859,-0.0739662829816646,0.8486352630163083,89,1,11,1:54.535,0,,38.339,0,38.383,0,37.813,0,120.6,24:28.292,14:30:17.115,0:38.339,0:38.383,0:37.813,185.2,,Am,,Toyota Gazoo Racing,GF,38.339,38.383,37.813,15.812,15.812,22.527,38.339,15.623,53.962,22.76,1:16.722,14.354,1:31.076,23.459,1:54.535,15.8,32.2,48.34,0.2924887983108787,0.3870899709511012,0,-0.6810035501669645,0.006850124534194,0.0830536121594136,74.42472630703367,25.57527369296633,23.99384998047885,0,1,1.6594989397541724,0,0,1,Steering indecision - check driver fatigue or track confidence,24.099232151428648,0,114.535,113.984,0.5509999999999877,0,High,-0.38435818961623125,0,0.3042872,24.56562
GR86-028-089,89,12.0,14.309667293536044,23.746566698905625,92.83666666666667,1.415929203539823,5.0,160.0,1.8027811818582584,2.302585092994045,0.0,0.0,70.01688155465503,38.90587877590045,2.4681818181818183,100.02095238095238,8.542812648995378,129.0719565217391,965.3378293364776,-9.73452981372596,44.50752712817988,128.3608657817109,32.13685416017612,63.665,186.27,0.0009827057984726,0.3779605424365925,-0.0793399292812113,0.853179594399062,89,1,12,1:53.986,0,,38.893,0,37.418,0,37.675,0,121.2,26:22.278,14:32:11.101,0:38.893,0:37.418,0:37.675,186.2,,Am,,Toyota Gazoo Racing,GF,38.893,37.418,37.675,15.566,15.566,23.327,38.893,15.58,54.473,21.838,1:16.311,14.331,1:30.642,23.344,1:53.986,15.8,32.2,48.34,-0.0869895960854374,0.420153939978644,0,0.0435105499571972,0.1586591169444599,0.1013341003570553,74.86855389517333,25.131446104826665,24.099232151428648,0,1,0.0636703938102556,0,0,1,Steering indecision - check driver fatigue or track confidence,23.20026952582985,0,113.986,113.984,0.0019999999999811,0,High,-0.39367530285130886,0,0.3042872,24.125866
GR86-028-089,89,13.0,15.8400938919056,23.346468138222587,91.78245059288535,1.415929203539823,5.0,160.0,1.825784266385752,2.302585092994045,0.0,0.0,71.82454150048596,37.915989992169656,2.4634782608695653,100.01260869565218,8.869977949767033,130.83575000000002,1002.3075083236748,-10.126988751479244,46.30256370072725,128.98527876106195,32.1536426135695,65.7925,186.496,0.000947335585983,0.3922547316955032,-0.0779619770814633,0.850775898926349,89,1,13,1:53.178,0,,37.935,0,37.343,0,37.900,0,122.1,28:15.456,14:34:04.279,0:37.935,0:37.343,0:37.900,188.2,,Am,,Toyota Gazoo Racing,GF,37.935,37.343,37.9,15.621,15.621,22.314,37.935,15.613,53.548,21.73,1:15.278,14.408,1:29.686,23.492,1:53.178,15.8,32.2,48.34,0.3474416615745093,0.4806275895627666,0,0.0435105499571972,0.1624391492974978,0.2471598932863738,78.40902334350706,21.59097665649294,23.20026952582985,0,1,-0.7935804546489962,0,0,1,Steering indecision - check driver fatigue or track confidence,22.760224952906768,0,113.178,113.984,0.8060000000000116,0,High,-0.41837770349622244,0,0.3042872,23.643099
GR86-028-089,89,14.0,15.948581893132747,22.926809581959105,86.70901185770751,1.3392857142857142,5.0,150.0,1.798099226382829,2.163955656882057,0.0,0.0,70.21022254721007,37.69288956960437,2.497826086956522,99.9913043478261,8.521650283002998,123.43108695652174,954.4248316963358,-12.378208913818284,46.5831117356856,128.65248214285714,31.86848774449928,62.8675,186.16,0.0038666727607414,0.3855347579468713,-0.0902967096683691,0.8552426798244147,89,1,14,1:53.407,0,,37.941,0,37.447,0,38.019,0,121.8,30:08.863,14:35:57.686,0:37.941,0:37.447,0:38.019,189.1,,Am,,Toyota Gazoo Racing,GF,37.941,37.447,38.019,15.617,15.617,22.324,37.941,15.789,53.730,21.658,1:15.388,14.492,1:29.880,23.527,1:53.407,15.8,32.2,48.34,0.3782373749163542,0.4078453761227326,0,-0.2074818347286731,0.0982346269716545,0.1941337439934539,77.12161418383006,22.87838581616994,22.760224952906768,0,1,-1.3390071985218803,0,0,1,Steering indecision - check driver fatigue or track confidence,24.076318927408128,0,113.407,113.984,0.5770000000000124,0,High,-0.38792453628201395,0,0.3042872,24.367327
GR86-028-089,89,15.0,15.527501921612323,23.172879030820507,94.9024016563147,1.4601769911504423,5.0,165.0,1.7275757194048336,2.163955656882057,0.0,0.0,71.43291536940076,37.77123705939623,2.4640909090909093,99.95772727272728,7.567586460821692,99.47636363636364,855.1372700728513,-10.098321923193708,46.46232204328921,127.96278761061949,31.175602995715288,66.454,184.216,0.0032291419453506,0.3720932328462552,-0.0832812326350666,0.8461676790929096,89,1,15,1:53.984,0,,38.830,0,37.282,0,37.872,0,121.2,32:02.847,14:37:51.670,0:38.830,0:37.282,0:37.872,187.2,,Am,,Toyota Gazoo Racing,GF,38.83,37.282,37.872,16.048,16.048,22.782,38.830,15.537,54.367,21.745,1:16.112,14.335,1:30.447,23.537,1:53.984,15.8,32.2,48.34,0.2587084136463934,0.2224435512790525,0,0.188413369982029,-0.0577729995773523,0.1557081174532503,76.18868761394258,23.811312386057423,24.076318927408128,0,0,0.8760494015782783,0,0,0,Maintain current pace,25.347047111742,0,113.984,113.984,0.0,0,High,-0.36259868988441957,0,0.3042872,23.853914
GR86-028-089,89,16.0,14.528077972493346,21.97898057828604,88.00395256916997,1.3839285714285714,5.0,155.0,1.7882229181003415,2.302585092994045,0.0,0.0,71.12979561755533,37.25784555004039,2.492608695652174,99.92000000000002,8.40753554497392,93.31238095238096,941.6439810370788,-11.521244403888035,45.198991665264096,128.55667857142856,31.68787190153364,61.4225,186.3075,0.0043706037751068,0.3971178293211015,-0.0872454650486676,0.8508929655713864,89,1,16,1:53.355,0,,38.112,0,37.476,0,37.767,0,121.9,33:56.202,14:39:45.025,0:38.112,0:37.476,0:37.767,188.2,,Am,,Toyota Gazoo Racing,GF,38.112,37.476,37.767,15.659,15.659,22.453,38.112,15.782,53.894,21.694,1:15.588,14.431,1:30.019,23.336,1:53.355,15.8,32.2,48.34,-0.0249909180391536,0.3818811883397389,0,-0.0612852395250475,0.0575677642247563,0.0845370121669071,74.46074142000298,25.539258579997025,25.347047111742,0,0,2.586822158835229,0,0,0,Maintain current pace,24.69999436185968,0,113.355,113.984,0.6290000000000191,0,High,-0.38398295593204473,0,0.3042872,25.19175
GR86-028-089,89,17.0,14.410043248649574,21.090384975999207,85.90318181818182,1.2946428571428572,5.0,145.0,1.820007582132322,2.302585092994045,0.0,0.0,69.50142840346561,37.50341682452149,2.463636363636364,99.90363636363637,7.141884822383811,86.01795454545454,799.8911001069869,-11.271026404060688,43.34181453633179,129.30802678571428,31.04832522059412,63.376,186.34,0.0047640865689421,0.3921280555104269,-0.0903832971934353,0.8605981449907343,89,1,17,1:52.896,0,,37.871,0,37.240,0,37.785,0,122.4,35:49.098,14:41:37.921,0:37.871,0:37.240,0:37.785,187.2,,Am,,Toyota Gazoo Racing,GF,37.871,37.24,37.785,15.539,15.539,22.332,37.871,15.567,53.438,21.673,1:15.111,14.363,1:29.474,23.422,1:52.896,15.8,32.2,48.34,-0.0584965912819106,0.4654410532144561,0,-0.3536784299322981,-0.0864304402901684,0.0371164774001792,73.30942963082846,26.69057036917154,24.69999436185968,0,1,0.6236754344515525,0,0,1,Steering indecision - check driver fatigue or track confidence,24.400850203436644,0,112.896,113.984,1.088000000000008,0,High,-0.37835300922043935,0,0.3042872,25.410267
GR86-028-089,89,18.0,15.63098633208224,24.659478442496702,94.44045454545454,1.4912280701754386,5.0,170.0,1.7603301694926834,2.302585092994045,0.0,0.0,71.23190701395517,38.54925466135647,2.488695652173913,99.89681818181818,8.139937803231652,129.71673913043475,927.9529095684082,-10.69384160393482,46.58941047708085,127.60786403508772,32.70165389868266,60.7,184.592,0.0024706314787449,0.3960170675443911,-0.0886323230883871,0.8439916871478285,89,1,18,1:54.795,0,,38.069,0,37.516,0,39.210,0,120.4,37:43.893,14:43:32.716,0:38.069,0:37.516,0:39.210,186.2,,Am,,Toyota Gazoo Racing,GF,38.069,37.516,39.21,15.689,15.689,22.38,38.069,15.598,53.667,21.918,1:15.585,15.751,1:31.336,23.459,1:54.795,15.8,32.2,48.34,0.2880837934499982,0.3085529221578064,0,0.2900995594731398,0.2858275483965048,0.2356610573350724,78.12984586358952,21.87015413641048,24.400850203436644,0,0,-0.9461969083053532,0,0,0,Maintain current pace,24.38151068046582,0,114.795,113.984,0.8109999999999928,0,High,-0.4232300952216104,0,0.3042872,23.923223
GR86-028-089,89,19.0,15.51517926618848,22.21229766323304,94.41695652173914,1.4285714285714286,5.0,160.0,1.6897948296936878,2.163955656882057,0.0,0.0,70.13738083943272,37.9519584320931,2.493636363636364,99.89521739130436,7.3139740897230014,98.35386363636364,819.1650980489761,-10.417097724872836,43.15399428872358,129.48706547619048,31.495298464350785,62.955,186.972,0.0053838792837188,0.3802991031693044,-0.083393367687464,0.8631234739247352,89,1,19,1:52.775,0,,37.878,0,37.096,0,37.801,0,122.5,39:36.668,14:45:25.491,0:37.878,0:37.096,0:37.801,188.2,,Am,,Toyota Gazoo Racing,GF,37.878,37.096,37.801,15.466,15.466,22.412,37.878,15.45,53.328,21.646,1:14.974,14.263,1:29.237,23.538,1:52.775,15.8,32.2,48.34,0.2552104695442763,0.1231199895785572,0,0.084911355678578,0.0142085693167914,0.121500698541388,75.35817389527209,24.64182610472791,24.38151068046582,0,0,-0.3184836813938609,0,0,0,Maintain current pace,24.90125207468217,0,112.775,113.984,1.2090000000000032,0,High,-0.3688313569958402,0,0.3042872,24.098347
GR86-028-089,89,20.0,15.90955513094566,23.54934865880368,89.02278656126484,1.2053571428571428,4.0,135.0,1.677283238316012,2.163955656882057,0.0,0.0,69.11882330402517,37.845504775213904,2.5443478260869568,99.89652173913043,8.868140918249711,99.97886363636364,993.2317828439676,-10.468529807838816,42.68653116497422,128.68378125,31.59706569693891,64.8925,186.5625,0.0017408972993018,0.3967197713639972,-0.087290090092361,0.8512581260027772,89,1,20,1:53.404,0,,38.248,0,37.417,0,37.739,0,121.8,41:30.072,14:47:18.895,0:38.248,0:37.417,0:37.739,186.2,,Am,,Toyota Gazoo Racing,GF,38.248,37.417,37.739,15.584,15.584,22.664,38.248,15.667,53.915,21.75,1:15.665,14.301,1:29.966,23.438,1:53.404,15.8,32.2,48.34,0.3671591269315151,0.0902278097576737,0,-0.6460716203395493,0.0371221410823657,0.0395061615761771,73.36744819974093,26.632551800259066,24.90125207468217,0,0,0.500401871245522,0,0,0,Maintain current pace,26.08715062783901,0,113.404,113.984,0.5800000000000125,0,High,-0.45860391438911036,0,0.3042872,25.496626
GR86-028-089,89,21.0,15.1127510514367,21.96251503524336,88.28201298701299,1.415929203539823,5.0,160.0,1.817119499074058,2.163955656882057,0.0,0.0,69.6442835830964,38.25418452147738,2.503913043478261,99.89782608695651,7.187888519393907,94.55977272727272,812.2314026915114,-12.254105450148158,42.8637648311357,128.79511504424778,31.79451003374252,61.71,188.315,0.0061411146311684,0.3804012511051604,-0.0846815962349821,0.8466657415755044,89,1,21,1:53.645,0,,38.312,0,37.594,0,37.739,0,121.6,43:23.717,14:49:12.540,0:38.312,0:37.594,0:37.739,187.2,,Am,,Toyota Gazoo Racing,GF,38.312,37.594,37.739,15.963,15.963,22.349,38.312,15.888,54.200,21.706,1:15.906,14.271,1:30.177,23.468,1:53.645,15.8,32.2,48.34,0.1409760491292649,0.4578484661148194,0,0.0435105499571972,0.0815780515556913,0.171439318916633,76.57062168094048,23.429378319059524,26.08715062783901,0,1,1.7056399473731894,0,0,1,Steering indecision - check driver fatigue or track confidence,25.253131104336447,0,113.645,113.984,0.3389999999999986,0,High,-0.372052633039049,0,0.3042872,26.117712
GR86-028-089,89,22.0,13.625448308241149,20.71497208841842,82.59213438735178,1.3063063063063065,5.0,145.0,1.806895825399521,2.163955656882057,0.0,0.0,70.51738517909746,38.0653911727234,2.454090909090909,99.89652173913043,8.315297381531398,121.59454545454544,922.9980093499852,-13.519492195054855,43.62960706852279,129.4985870870871,31.38374879025322,63.1725,185.205,0.0039128329528585,0.3838735655113703,-0.089021366650139,0.8712981453213308,89,1,22,1:52.502,2,,37.847,0,37.068,2,37.587,2,122.8,45:16.219,14:51:05.042,0:37.847,0:37.068,0:37.587,188.2,,Am,,Toyota Gazoo Racing,GF,37.847,37.068,37.587,15.562,15.562,22.285,37.847,15.425,53.272,21.643,1:14.915,14.252,1:29.167,23.335,1:52.502,15.8,32.2,48.34,-0.2812139480492274,0.4309710767578666,0,-0.3154829230772964,-0.0109075844574366,-0.0250346121326396,71.80047823580156,28.19952176419844,25.253131104336447,0,1,0.3518790296542811,0,0,1,Steering indecision - check driver fatigue or track confidence,26.16500749697491,0,112.502,113.984,1.481999999999999,0,High,-0.40326300836056944,0,0.3042872,25.817791
GR86-028-089,89,23.0,15.324483284351455,23.15878217700816,95.51681818181818,1.3935185185185186,5.0,301.0,1.7681440783672937,2.302585092994045,0.0,0.0,69.61013905806243,37.83980223709124,2.4434782608695653,99.89454545454548,7.304550886503729,126.61108695652176,1577.7829914848055,-10.76751176340028,40.80538673016739,126.6357901234568,31.629661554065656,53.2575,185.86,0.0063502883938067,0.3881536123914644,-0.1079614675733176,0.824176120708693,89,1,23,1:52.981,0,,37.774,2,37.252,0,37.955,0,122.3,47:09.200,14:52:58.023,0:37.774,0:37.252,0:37.955,187.2,,Am,,Toyota Gazoo Racing,FF,37.774,37.252,37.955,15.539,15.539,22.235,37.774,15.487,53.261,21.765,1:15.026,14.457,1:29.483,23.498,1:52.981,15.8,32.2,48.34,0.2010789644407869,0.3290951927650665,0,-0.0298800449998239,0.0444613159084805,0.1425616123643771,75.86950677024862,24.13049322975138,26.16500749697491,0,0,0.0778568691358998,0,0,0,Maintain current pace,,0,112.981,113.984,1.0030000000000143,0,High,-0.4258570154188494,0,0.3042872,26.739506
GR86-029-014,14,1.0,16.97650536066554,21.68888086371515,88.84136363636364,0.966804979253112,5.0,233.0,1.5910008892598173,2.302585092994045,0.0,0.0,34.65185731886668,34.602319506259455,0.8182608695652174,100.24652173913044,1.6887552389726828,59.05425,406.9900125924165,-10.392886201622307,38.67497972511633,95.06742291666666,27.528878991574206,35.980000000000004,149.85,0.0236922621454751,0.208464472090728,-0.0678882760461827,0.6656700424974928,14,1,1,2:43.733,0,,59.078,0,51.258,0,53.397,0,84.4,2:43.733,14:08:32.556,0:59.078,0:51.258,0:53.397,143.0,,Am,,Toyota Gazoo Racing,GF,59.078,51.258,53.397,,,,59.078,23.285,1:22.363,27.973,1:50.336,20.861,2:11.197,32.536,2:43.733,15.8,32.2,48.34,1.0144065232328607,-0.123372932453023,0,-1.6089098483013613,-0.6012553028513956,-0.0279832836737413,71.72888814673205,28.271111853267957,29.31931854634041,0,0,,0,0,0,Maintain current pace,26.842980207128686,0,163.733,115.42,48.313,0,High,-0.41512570337027926,0,0.3042872,24.582308
GR86-029-014,14,2.0,15.430115348090188,20.298832281661447,94.40505555555556,1.4933333333333334,5.0,224.0,1.6048890188220102,2.302585092994045,0.0,0.0,33.06429730679744,35.07694712214438,2.4423809523809523,100.15363636363637,1.9060112032490228,37.81880952380952,285.9016804873534,-10.830680404691751,38.80896177813192,98.74859666666669,20.54842820289962,56.620000000000005,143.424,0.0050228356063503,0.2081023557739833,-0.0831128559579993,0.673331427017084,14,1,2,1:59.839,0,,42.579,0,38.630,0,38.630,0,115.3,4:43.572,14:10:32.395,0:42.579,0:38.630,0:38.630,183.1,,Am,,Toyota Gazoo Racing,GF,42.579,38.63,38.63,17.749,17.749,24.83,42.579,15.931,58.510,22.699,1:21.209,14.524,1:35.733,24.106,1:59.839,15.8,32.2,48.34,0.5147025665115305,-0.0778963983079038,0,-0.0471350841053199,-2.421973209800224,-0.1143309132193372,69.63247476058713,30.36752523941287,26.842980207128686,0,0,,0,0,0,Maintain current pace,24.75447194168755,0,119.839,115.42,4.418999999999997,0,High,-0.40731590743524,0,0.3042872,23.397835
GR86-029-014,14,3.0,13.57483599065046,20.761094135396053,82.021,1.8644067796610169,5.0,220.0,1.755608157919357,2.163955656882057,0.0,0.0,68.41427449120067,39.17743004495426,2.4845,100.14217391304348,5.212912061247501,51.10363636363636,615.123623227205,-11.237863980774812,40.98579692617178,122.7775197740113,29.770318258028684,65.19200000000001,181.352,0.0208120927819847,0.326825560843951,-0.081230022558169,0.7946169721474221,14,1,3,1:55.155,0,,38.710,0,37.785,0,38.660,0,120.0,6:38.727,14:12:27.550,0:38.710,0:37.785,0:38.660,184.3,,Am,,Toyota Gazoo Racing,GF,38.71,37.785,38.66,15.752,15.752,22.958,38.710,15.721,54.431,22.064,1:16.495,14.693,1:31.188,23.967,1:55.155,15.8,32.2,48.34,-0.0848165898441593,0.4156318370667391,0,1.0535333597626302,-0.0166184744687405,0.2348311388309574,78.10969647129477,21.890303528705232,24.75447194168755,0,0,-4.56484660465286,0,0,0,Maintain current pace,22.291346409210245,0,115.155,115.42,0.2650000000000005,0,High,-0.38269628660135896,0,0.3042872,22.726263
GR86-029-014,14,4.0,14.27157883565977,22.15403667089281,88.40561264822135,1.4912280701754386,5.0,170.0,1.811272559348155,2.302585092994045,0.0,0.0,70.15387237619527,38.78057148316984,2.475384615384616,100.24130434782607,6.350515287498531,90.05318181818183,723.9587427748326,-11.427110863006323,40.3642022522206,126.90162426900584,31.6173527545307,62.774,183.23,0.0132748214810044,0.365347357514478,-0.078093942609997,0.8397622275058017,14,1,4,1:54.396,0,,38.641,0,37.502,0,38.253,0,120.8,8:33.123,14:14:21.946,0:38.641,0:37.502,0:38.253,186.2,,Am,,Toyota Gazoo Racing,GF,38.641,37.502,38.253,15.770,15.770,22.871,38.641,15.788,54.429,21.714,1:16.143,14.37,1:30.513,23.883,1:54.396,15.8,32.2,48.34,0.1403304646745104,0.5979043339431759,0,-0.0533796611475866,0.4651453663407393,0.230082810350083,77.99441294305545,22.00558705694455,22.291346409210245,0,1,-4.551633797918441,0,0,1,Steering indecision - check driver fatigue or track confidence,44.49436564474994,0,114.396,115.42,1.024000000000001,0,High,-0.37881992171686363,0,0.3042872,31.892267
GR86-029-014,14,5.0,13.999624277151424,22.478081527721425,94.20238095238096,1.6814159292035398,5.0,190.0,1.723436918780914,2.163955656882057,0.0,0.0,70.50400688722634,39.54131445395665,2.486666666666667,100.24052631578948,5.935450929498535,61.129090909090905,670.7059550333344,-10.823608935475445,39.797391396639625,127.91749115044249,30.604840943671327,65.4025,184.0075,0.0155824596455051,0.3482443526620908,-0.0877797135171226,0.854145636772371,14,1,5,2:02.866,0,,38.714,0,40.769,0,43.383,0,112.5,10:35.989,14:16:24.812,0:38.714,0:40.769,0:43.383,177.0,,Am,,Toyota Gazoo Racing,FCY,38.714,40.769,43.383,15.837,15.837,22.877,38.714,16.742,55.456,24.027,1:19.483,15.906,1:35.389,27.477,2:02.866,15.8,32.2,48.34,0.0524504552138303,0.3102874529566595,0,0.5107506394996363,0.2010509058483276,0.1900246863130922,77.02185135801905,22.97814864198095,44.49436564474994,0,0,19.73989370306239,0,0,0,Maintain current pace,51.20097486971508,0,122.866,115.42,7.445999999999998,0,High,-0.39377913066325704,0,0.44058102,51.347492
GR86-029-014,14,6.0,1.7021573618700043,7.610725848488424,89.24353754940711,0.5613472333600642,5.0,700.0,0.3017806229767283,2.302585092994045,0.0,0.0,10.854887300159843,17.190967021967804,2.4725,100.13772727272728,2.420778929820403,54.628043478260864,3018.711325486043,-14.881349711465264,89.5970354724248,12.364120236178207,36.57007407237387,0.0,180.33,0.0083143385611699,0.0813733756446495,-0.0118195725438727,0.2466795371955255,14,1,6,2:56.931,0,,1:05.558,0,58.073,0,53.300,0,78.1,13:32.920,14:19:21.743,1:05.558,0:58.073,0:53.300,136.0,,Am,,Toyota Gazoo Racing,FCY,65.558,58.073,53.3,24.957,24.957,40.601,1:05.558,29.539,1:35.097,28.534,2:03.631,20.268,2:23.899,33.032,2:56.931,15.8,32.2,48.34,-3.9213807421189575,-4.344911131506608,0,-2.8115681108174466,1.75696858299527,-2.50868036383543,11.500638764675664,88.49936123532433,51.20097486971508,0,0,28.90962846050483,0,0,0,Maintain current pace,62.61953040192753,0,176.93099999999998,115.42,61.51099999999998,1,Low,-0.6551829090937163,1,0.54099345,57.658222
GR86-029-014,14,7.0,11.10218382150618,14.907601239575476,86.89080808080809,1.2215909090909092,5.0,215.0,1.4693970685669244,2.163955656882057,0.0,0.0,20.564375390208884,21.654382191743665,2.4554545454545456,100.09272727272727,1.9947511400512523,22.32840909090909,351.07620064902045,-10.41107868269821,33.81441949924781,83.32548295454545,26.954731468143173,15.764,136.894,0.00323198941186,0.1847949041271429,-0.0530866547998895,0.5106206911219034,14,1,7,2:47.359,0,,55.204,0,59.862,0,52.293,0,82.6,16:20.279,14:22:09.102,0:55.204,0:59.862,0:52.293,142.1,,Am,,Toyota Gazoo Racing,FCY,55.204,59.862,52.293,23.580,23.580,31.624,55.204,27.332,1:22.536,32.53,1:55.066,20.297,2:15.363,31.996,2:47.359,15.8,32.2,48.34,-0.8838349891283233,-0.5215633640120525,0,-0.8531704234264983,-0.7510107711998363,-0.5986179783754684,57.87458526816005,42.125414731839946,62.61953040192753,0,0,18.125164757177583,0,0,0,Maintain current pace,43.68634073132032,1,167.359,115.42,51.93900000000001,1,Medium,-0.45078745801335723,0,0.6732063,39.42404
GR86-029-014,14,8.0,9.166506818399576,11.173463478263542,56.0200395256917,0.7349397590361446,5.0,122.0,1.417403413638218,2.163955656882057,0.0,0.0,19.035205360665486,20.292636577222066,2.427619047619048,100.1447619047619,0.9346314056586932,22.40952380952381,155.1488133393431,-9.91555053163726,33.335779634062355,88.29079696969697,20.22423851259473,50.2475,142.6775,-0.0020843797764142,0.157939734724377,-0.0604934261108166,0.5448401915379818,14,1,8,2:26.669,0,,46.614,0,48.475,0,51.580,0,94.2,18:46.948,14:24:35.771,0:46.614,0:48.475,0:51.580,155.2,,Am,,Toyota Gazoo Racing,GF,46.614,48.475,51.58,21.698,21.698,24.916,46.614,24.022,1:10.636,24.453,1:35.089,19.477,1:54.566,32.103,2:26.669,15.8,32.2,48.34,-1.5093340220507985,-0.6918160400910274,0,-2.296662458058148,-2.5065319284640624,-1.2209067781931249,42.76618476138172,57.23381523861828,43.68634073132032,0,0,-7.5146341383947615,0,0,0,Maintain current pace,37.55578396044323,0,146.669,115.42,31.24900000000001,0,Medium,-0.4769100120488046,0,0.534572,35.929436
GR86-029-014,14,9.0,14.29487657300886,22.05950835626325,89.87630434782608,1.5136986301369864,5.0,221.0,1.5643509738136885,2.302585092994045,0.0,0.0,38.28636477657643,36.8148352221981,2.467368421052632,100.1190909090909,2.112856819794134,27.21425,308.47709568994367,-11.041862606509852,37.50325818798659,100.5240719178082,23.58884980509968,47.88,161.88,0.0213766874458214,0.2105068478857427,-0.0890955445951151,0.6808143880401708,14,1,9,1:54.020,0,,38.424,0,37.243,2,38.353,0,121.2,20:40.968,14:26:29.791,0:38.424,0:37.243,0:38.353,185.2,,Am,,Toyota Gazoo Racing,GF,38.424,37.243,38.353,15.895,15.895,22.529,38.424,15.497,53.921,21.746,1:15.667,14.51,1:30.177,23.843,1:54.020,15.8,32.2,48.34,0.1478589480721792,-0.2106378002182007,0,0.0132719317122205,-1.628937025836122,-0.1692046784596755,68.30020777649727,31.69979222350273,37.55578396044323,0,0,-25.063746441484295,1,0,1,Focus dropped 25 points - consider radio reminder,25.706522300810164,0,114.02,115.42,1.3999999999999917,0,High,-0.3936060512795264,0,0.45185274,27.53394
GR86-029-014,14,10.0,14.098446012778163,22.501314384049465,86.05508695652173,1.5044247787610618,5.0,170.0,1.7569681432911606,2.163955656882057,0.0,0.0,71.77204393642938,38.64642910767323,2.492272727272727,100.1309090909091,6.332600420238888,60.94404761904762,715.5838474869943,-12.550939232064405,39.762787422546445,128.58421091445427,31.011113671366296,60.896,184.04,0.0186089839645418,0.3605681772192606,-0.0762799173766991,0.8661958265787759,14,1,10,1:53.568,2,,38.268,0,37.276,0,38.024,0,121.7,22:34.536,14:28:23.359,0:38.268,0:37.276,0:38.024,185.2,,Am,,Toyota Gazoo Racing,GF,38.268,37.276,38.024,15.914,15.914,22.354,38.268,15.554,53.822,21.722,1:15.544,14.303,1:29.847,23.721,1:53.568,15.8,32.2,48.34,0.0843839337678665,0.4200850948593546,0,-0.0142359260006366,0.3070194246178191,0.158903007406885,76.26625558079131,23.73374441920869,25.706522300810164,0,0,-17.97981843051015,1,0,1,Focus dropped 18 points - consider radio reminder,21.70515496468812,0,113.568,115.42,1.852000000000004,0,High,-0.3593312912347185,0,0.3042872,24.638323
GR86-029-014,14,11.0,14.754930496428909,22.444724427438,85.8869264069264,1.6371681415929205,5.0,185.0,1.728695857890116,2.163955656882057,0.0,0.0,71.36128814473544,38.15577918208462,2.4842857142857144,100.13363636363636,5.921944624034289,62.73204545454546,669.1797425158746,-11.406369079945655,39.458267257319925,129.03136283185842,30.42773846207248,67.11250000000001,185.3275,0.0168247621893821,0.3595279315391223,-0.087097016726526,0.8591834798341791,14,1,11,1:54.429,0,,38.343,0,37.728,0,38.358,0,120.8,24:28.965,14:30:17.788,0:38.343,0:37.728,0:38.358,182.1,,Am,,Toyota Gazoo Racing,GF,38.343,37.728,38.358,15.843,15.843,22.5,38.343,15.652,53.995,22.076,1:16.071,14.69,1:30.761,23.668,1:54.429,15.8,32.2,48.34,0.2965218105898378,0.3275077937445059,0,0.3795039981245686,0.1548570898077846,0.2432448003125415,78.31396974028092,21.686030259719075,21.70515496468812,0,0,-15.850628995755107,1,0,1,Focus dropped 16 points - consider radio reminder,18.904449159571183,0,114.429,115.42,0.9909999999999995,0,High,-0.36394998339876083,0,0.3042872,21.4724
GR86-029-014,14,12.0,15.575085001379122,22.45640454939767,70.1,1.592920353982301,5.0,180.0,1.761338253298377,2.163955656882057,0.0,0.0,68.39688060581047,39.12225658932539,2.486842105263158,100.19666666666669,5.5874559711712966,66.92,631.3825247423565,-9.777322938644197,37.36781098036442,127.82441592920354,30.25275468529556,66.94749999999999,181.52,0.0197477071937016,0.3360244807660217,-0.0828892101635272,0.8662381388522642,14,1,12,2:02.998,0,,39.391,0,,0,,0,112.3,26:31.963,14:32:20.786,0:39.391,,,178.2,,Am,,Toyota Gazoo Racing,GF,39.391,,,15.834,15.834,23.557,39.391,15.697,55.088,,,,1:37.292,25.706,2:02.998,15.8,32.2,48.34,0.5615483872707806,0.4343949741034337,0,0.2482573567495001,0.1092158976486509,0.3252234529843827,80.3043097848634,19.695690215136597,18.904449159571183,0,0,-6.802073141238978,0,0,0,Maintain current pace,18.832066425424333,0,122.998,115.42,7.578000000000003,0,High,-0.3849074790779435,0,0.3042872,20.37382
GR86-029-014,14,13.0,16.573506290575374,21.972338273883206,85.8959090909091,1.8442622950819672,5.0,225.0,1.6834408448953062,2.163955656882057,0.0,0.0,61.10944596152216,39.556079076104005,2.495384615384616,100.16227272727274,5.266893208200175,109.96727272727274,642.5609714004213,-7.354356664379309,45.78616669443369,119.0324262295082,31.59072937101737,61.27,180.06599999999997,0.0177427878030976,0.3182321131489469,-0.0615385739726083,0.7916755405530908,14,1,13,1:54.321,0,,38.372,0,37.616,0,38.333,0,120.9,28:26.284,14:34:15.107,0:38.372,0:37.616,0:38.333,184.3,,Am,,Toyota Gazoo Racing,GF,38.372,37.616,38.333,15.965,15.965,22.407,38.372,15.829,54.201,21.787,1:15.988,14.659,1:30.647,23.674,1:54.321,15.8,32.2,48.34,0.8841804947139004,0.1793207297860298,0,0.993781311445584,0.4582011627966182,0.504971643857177,84.66837299614211,15.33162700385789,18.832066425424333,1,0,-2.8730885392637866,0,0,1,High error bursts detected - suggest 1-lap cool down,19.055947760697503,0,114.321,115.42,1.0990000000000038,0,High,-0.401913432598619,0,0.3042872,20.288826
GR86-029-014,14,14.0,14.988413541724473,22.298569629167083,87.17954545454545,1.5486725663716814,5.0,175.0,1.7463209480351731,2.163955656882057,0.0,0.0,70.25093784047957,38.54277549329656,2.486086956521739,100.13142857142856,5.987291048366366,68.74071428571429,676.5638884653994,-9.002425525699357,39.611848760690016,127.86321238938052,30.85925104881473,64.505,182.948,0.0196700872662143,0.3583261418930388,-0.0835644941255864,0.8545688088578092,14,1,14,1:55.420,0,,39.287,0,37.967,0,38.166,0,119.7,30:21.704,14:36:10.527,0:39.287,0:37.967,0:38.166,186.2,,Am,,Toyota Gazoo Racing,GF,39.287,37.967,38.166,16.736,16.736,22.551,39.287,15.621,54.908,22.346,1:17.254,14.405,1:31.659,23.761,1:55.420,15.8,32.2,48.34,0.3719700484940864,0.3852209660045391,0,0.1170107153744317,0.2674089460618423,0.2521887579617097,78.53111794272148,21.46888205727852,19.055947760697503,0,0,0.1514986011263168,0,0,0,Maintain current pace,20.516655019969367,0,115.42,115.42,0.0,0,High,-0.34978481452235854,0,0.3042872,21.333563
GR86-029-014,14,15.0,13.967891942665275,22.524271459897847,92.75142105263158,1.7826086956521738,5.0,205.0,1.7907732566999803,2.302585092994045,0.0,0.0,69.98067148209694,39.38661191027084,2.474,100.11545454545454,6.238561876486197,68.42975,717.4346157959127,-12.699316803891024,40.52121355890988,127.10314347826088,31.006050784467384,66.42500000000001,186.146,0.020650191512295,0.346570938143984,-0.0790410269807159,0.8389418217651993,14,1,15,1:54.535,0,,38.716,0,37.841,0,37.978,0,120.6,32:16.239,14:38:05.062,0:38.716,0:37.841,0:37.978,186.2,,Am,,Toyota Gazoo Racing,GF,38.716,37.841,37.978,16.076,16.076,22.64,38.716,15.492,54.208,22.349,1:16.557,14.33,1:30.887,23.648,1:54.535,15.8,32.2,48.34,0.0421963970721035,0.530779583079054,0,0.8109060019487053,0.3056988668033207,0.2975596018640324,79.6326657790439,20.367334220956096,20.516655019969367,0,1,1.6845885945450334,0,0,1,Steering indecision - check driver fatigue or track confidence,20.29242592167398,0,114.535,115.42,0.8850000000000051,0,High,-0.38145007207960374,0,0.3042872,21.357887
GR86-029-014,14,16.0,15.01993787763508,22.402722059900817,86.52428571428571,1.7699115044247788,5.0,200.0,1.726950322755331,2.163955656882057,0.0,0.0,69.42723631237601,39.07380147269355,2.4914285714285715,100.125,5.748885933155496,59.266666666666666,649.624110446571,-10.754146248294314,36.4525333352304,127.48003097345132,30.34769706388973,66.5325,185.778,0.0190073279882132,0.3495872178411651,-0.0833650992053028,0.8539046050952236,14,1,16,1:54.215,0,,38.184,0,37.341,0,38.690,0,121.0,34:10.454,14:39:59.277,0:38.184,0:37.341,0:38.690,184.3,,Am,,Toyota Gazoo Racing,GF,38.184,37.341,38.69,15.880,15.880,22.304,38.184,15.503,53.687,21.838,1:15.525,14.826,1:30.351,23.864,1:54.215,15.8,32.2,48.34,0.3821568935069482,0.3217920573090788,0,0.7732439222497731,0.1339798124828017,0.3244796519651003,80.28625121832651,19.713748781673488,20.29242592167398,0,0,1.2364781609764783,0,0,0,Maintain current pace,21.70862915239244,0,114.215,115.42,1.2049999999999983,0,High,-0.37311110040538775,0,0.3042872,20.250467
GR86-029-014,14,17.0,15.169803214949535,20.85927675080623,82.79519047619048,1.5486725663716814,5.0,175.0,1.7538201641149398,2.302585092994045,0.0,0.0,69.04136462503922,38.1166840947272,2.487727272727273,100.10045454545455,5.679644792241901,65.95925,641.7998615233348,-10.476883592785828,37.82461707360996,128.04599557522124,31.01197047314492,63.870000000000005,184.102,0.0160979806799623,0.34996134193121,-0.0780674871548424,0.8624323463706214,14,1,17,1:54.557,0,,38.120,2,37.876,0,38.561,0,120.6,36:05.011,14:41:53.834,0:38.120,0:37.876,0:38.561,186.2,,Am,,Toyota Gazoo Racing,GF,38.12,37.876,38.561,15.691,15.691,22.429,38.120,15.576,53.696,22.3,1:15.996,14.59,1:30.586,23.971,1:54.557,15.8,32.2,48.34,0.4305847166449751,0.4097770701642765,0,0.1170107153744317,0.3072429050760695,0.2798955803483334,79.20380523760764,20.79619476239236,21.70862915239244,0,0,1.19197413242307,0,0,0,Maintain current pace,21.722738885672925,0,114.557,115.42,0.8629999999999995,0,High,-0.3834857805689464,0,0.3042872,21.725897
GR86-029-014,14,18.0,13.676463913841188,22.067017207366767,90.8737105263158,1.5789473684210529,5.0,180.0,1.70801887838294,2.302585092994045,0.0,0.0,69.2134332589493,39.30150982798581,2.4769565217391305,100.1095,6.390922363170338,93.219,728.5651494014186,-11.22228668605528,40.2998966520369,127.7647894736842,31.45146490319737,60.014,186.625,0.0128513619477495,0.3622274891184771,-0.0724268352054001,0.8532830782449375,14,1,18,1:55.601,0,,38.501,0,37.842,0,39.258,0,119.5,38:00.612,14:43:49.435,0:38.501,0:37.842,0:39.258,182.1,,Am,,Toyota Gazoo Racing,GF,38.501,37.842,39.258,16.058,16.058,22.443,38.501,15.504,54.005,22.338,1:16.343,15.348,1:31.691,23.91,1:55.601,15.8,32.2,48.34,-0.051976313511022,0.2598012418747848,0,0.2068110489468476,0.4218766734422955,0.1225667411016463,75.38405608688853,24.615943913111465,21.722738885672925,0,0,1.4303129639989436,0,0,0,Maintain current pace,22.949891384374222,0,115.601,115.42,0.1809999999999973,0,High,-0.3652863089002686,0,0.3042872,22.03551
GR86-029-014,14,19.0,14.74987379147789,23.8412302107474,94.0851185770751,1.6754385964912282,5.0,191.0,1.7423399914986546,2.302585092994045,0.0,0.0,70.94944059457914,39.16901135304556,2.491333333333334,100.09380952380953,6.630623984311552,85.29227272727273,755.8911342115169,-13.610151689003928,37.41073142255466,126.5672894736842,32.413111350894,65.208,183.2725,0.015006807539481,0.3698681503930859,-0.0903930373137458,0.8191540209249191,14,1,19,1:54.519,0,,38.519,0,37.493,0,38.507,0,120.7,39:55.131,14:45:43.954,0:38.519,0:37.493,0:38.507,186.2,,Am,,Toyota Gazoo Racing,GF,38.519,37.493,38.507,16.008,16.008,22.511,38.519,15.757,54.276,21.736,1:16.012,14.509,1:30.521,23.998,1:54.519,15.8,32.2,48.34,0.2948877755459954,0.3721853657062773,0,0.493020830050724,0.6727038707797091,0.3227361856759474,80.24392201848505,19.75607798151495,22.949891384374222,0,0,1.2412622319817856,0,0,0,Maintain current pace,20.9033012378574,0,114.519,115.42,0.9009999999999962,0,High,-0.3883986216136679,0,0.3042872,22.566113
GR86-029-014,14,20.0,14.105735320665346,22.03722688176203,90.9427391304348,1.4912280701754386,5.0,170.0,1.731144596155498,2.163955656882057,0.0,0.0,68.89916393178852,39.53149833180732,2.484782608695652,100.046,6.04910403711416,72.80261904761905,689.5978602310142,-10.98245756274254,37.75605922068564,127.9092105263158,30.84489015733592,62.618,186.4025,0.0165025401274832,0.3517596032903154,-0.077262624269206,0.8558998626800561,14,1,20,1:55.503,0,,38.414,0,38.297,0,38.792,0,119.6,41:50.634,14:47:39.457,0:38.414,0:38.297,0:38.792,187.2,,Am,,Toyota Gazoo Racing,GF,38.414,38.297,38.792,15.803,15.803,22.611,38.414,15.824,54.238,22.473,1:16.711,15.089,1:31.800,23.703,1:55.503,15.8,32.2,48.34,0.0867394171603898,0.3355261614332163,0,-0.0533796611475866,0.2636631804849775,0.1282627343827808,75.52234774150375,24.47765225849625,20.9033012378574,0,0,-0.8194376478155228,0,0,0,Maintain current pace,20.827377583418297,0,115.503,115.42,0.0829999999999984,0,High,-0.35155910162151766,0,0.3042872,21.843384
GR86-029-014,14,21.0,15.102825737862648,22.758783434830217,85.10668737060041,1.7280701754385963,5.0,197.0,1.71341063351362,2.163955656882057,0.0,0.0,71.97120451374248,37.92751408159838,2.560454545454545,100.05,7.373900517733033,117.87,840.6246590215658,-10.90457580381722,39.86590895143146,126.5176403508772,33.13258087396012,60.874,185.325,0.0187025260288717,0.386437227340704,-0.0793271769044811,0.8303049735423655,14,1,21,1:55.244,0,,39.727,0,37.678,0,37.839,2,119.9,43:45.878,14:49:34.701,0:39.727,0:37.678,0:37.839,187.2,,Am,,Toyota Gazoo Racing,GF,39.727,37.678,37.839,16.455,16.455,23.272,39.727,15.818,55.545,21.86,1:17.405,14.292,1:31.697,23.547,1:55.244,15.8,32.2,48.34,0.4089414636238367,0.2774564873277068,0,0.6491352561073833,0.86036382051759,0.3754532313869442,81.523826526439,18.476173473561005,20.827377583418297,0,0,-2.122513800955925,0,0,0,Maintain current pace,19.298466687488496,0,115.244,115.42,0.1760000000000019,0,High,-0.3909550092956463,0,0.3042872,20.237635
GR86-029-014,14,22.0,15.271808360736866,23.790862764911697,92.2781818181818,1.7391304347826086,5.0,200.0,1.6911735412506756,2.163955656882057,0.0,0.0,70.89665031350215,38.65178575712611,2.482608695652174,100.02954545454546,6.604847161166363,72.99789473684211,759.5574235341318,-9.058121714178329,36.85068899811355,127.28100579710146,31.35233231695737,63.010000000000005,184.29,0.019523285711845,0.3585092818037705,-0.0764962377789579,0.822639680151345,14,1,22,1:55.536,0,,39.008,0,37.880,0,38.648,0,119.6,45:41.414,14:51:30.237,0:39.008,0:37.880,0:38.648,186.2,,Am,,Toyota Gazoo Racing,GF,39.008,37.88,38.648,16.184,16.184,22.824,39.008,15.643,54.651,22.237,1:16.888,14.585,1:31.473,24.063,1:55.536,15.8,32.2,48.34,0.4635468895388469,0.2046413626519628,0,0.6819419108584209,0.3960198225893169,0.3321176764123396,80.47169298180236,19.52830701819764,19.298466687488496,0,0,-1.6048345503689063,0,0,0,Maintain current pace,19.70961329445224,0,115.536,115.42,0.1159999999999996,0,High,-0.3757047574307528,0,0.3042872,20.378826
GR86-029-014,14,23.0,14.68503453210137,22.44014408517675,93.35059288537548,1.7419354838709675,5.0,378.0,1.6860563441494385,2.302585092994045,0.0,0.0,69.46520597796776,39.03863346182368,2.4881818181818183,100.0295238095238,6.423287024485648,88.40477272727273,1393.8532843133855,-21.968036387347308,53.54303181647867,122.39444930875575,33.07333394151061,32.492,183.784,0.0132074155565534,0.3538522172079785,-0.0946172492403239,0.8087429071868338,14,1,23,1:55.581,0,,38.470,0,38.610,0,38.501,0,119.6,47:36.995,14:53:25.818,0:38.470,0:38.610,0:38.501,186.2,,Am,,Toyota Gazoo Racing,FF,38.47,38.61,38.501,16.071,16.071,22.399,38.470,16.464,54.934,22.146,1:17.080,14.525,1:31.605,23.976,1:55.581,15.8,32.2,48.34,0.2739354710187773,0.187885154578039,0,0.6902621747997292,0.844910384327247,0.317182294602827,80.10908042929316,19.89091957070684,19.70961329445224,0,0,-1.1177642889660575,0,0,0,Maintain current pace,,0,115.581,115.42,0.1610000000000013,0,High,-0.42021758017432753,0,0.3042872,20.758753
GR86-032-015,15,1.0,8.03720609620825,14.33781041884242,95.10909090909092,0.8727810650887574,5.0,295.0,1.2550703235253051,2.1639556568820564,0.0,0.0,22.312226798574176,26.60715807165396,2.432727272727273,100.08260869565218,2.0956414441268065,46.7,708.3268081148606,-8.214474152599678,40.36003049638098,68.88550197823936,48.70755473997522,0.0,161.845,0.0114033136730677,0.1788152084480455,-0.0539822642855109,0.5300911862011682,15,1,1,2:44.312,0,,1:01.781,0,50.562,0,51.969,0,84.1,2:44.312,14:08:33.135,1:01.781,0:50.562,0:51.969,155.2,,Am,,Toyota Gazoo Racing,GF,61.781,50.562,51.969,,,,1:01.781,23.845,1:25.626,26.717,1:52.343,20.944,2:13.287,31.025,2:44.312,15.8,32.2,48.34,-1.7883968722896642,-2.821448119273542,0,-2.140843554625877,2.3169343055139247,-1.3313141941477735,40.08562959206149,59.91437040793851,43.51857977010718,0,0,,0,0,0,Maintain current pace,31.95487000847253,0,164.312,114.729,49.58300000000001,0,Medium,-0.45881119166465234,0,0.36647838,39.62367
GR86-032-015,15,2.0,12.430446224597883,17.132022612205528,90.81962450592886,2.068493150684932,5.0,302.0,1.578611612456278,2.163955656882057,0.0,0.0,33.58347165161792,33.836790949618845,2.4380952380952383,100.14142857142858,3.1567450161949218,42.30452380952381,460.88477236445857,-6.60757373970374,37.19135150644309,100.12577625570776,22.79746732930698,59.235,151.3675,-0.0048035569865866,0.2347325995810373,-0.0952924220366809,0.6222489972371849,15,1,2,2:01.091,0,,42.283,0,39.460,0,39.348,0,114.1,4:45.403,14:10:34.226,0:42.283,0:39.460,0:39.348,173.1,,Am,,Toyota Gazoo Racing,GF,42.283,39.46,39.348,17.643,17.643,24.64,42.283,15.939,58.222,23.521,1:21.743,15.389,1:37.132,23.959,2:01.091,15.8,32.2,48.34,-0.3857725234894688,-0.49947419842778,0,2.5476016157624,-1.222257991492003,0.019314136561374,72.87721086772414,27.12278913227585,31.95487000847253,0,0,,0,0,0,Maintain current pace,19.2390804099706,0,121.091,114.729,6.361999999999995,0,High,-0.407360021586607,0,0.3042872,22.09542
GR86-032-015,15,3.0,18.60041101625936,21.82759852275288,76.17854545454546,1.6666666666666667,5.0,200.0,1.7507933306011176,2.163955656882057,0.0,0.0,63.94641790141073,38.38982716009487,2.463157894736842,100.14954545454545,5.648091356664883,66.40325,677.770962799786,-7.973625577221621,40.91038945850151,121.60019861111113,29.386366295016494,66.562,172.044,0.0065971205997828,0.3498344882963564,-0.0755456766865496,0.7722133550172837,15,1,3,1:55.231,0,,39.144,0,37.724,0,38.363,0,119.9,6:40.634,14:12:29.457,0:39.144,0:37.724,0:38.363,185.2,,Am,,Toyota Gazoo Racing,GF,39.144,37.724,38.363,16.061,16.061,23.083,39.144,15.775,54.919,21.949,1:16.868,14.462,1:31.330,23.901,1:55.231,15.8,32.2,48.34,1.5841045137569647,0.7362304020568605,0,0.9720204528520864,-0.3222463436892292,0.7728673882001946,91.17254951479678,8.827450485203215,19.2390804099706,1,0,-24.279499360136583,1,0,2,High error bursts detected - suggest 1-lap cool down | Focus dropped 24 points - consider radio reminder,23.715075719235774,0,115.231,114.729,0.5019999999999953,0,High,-0.4280913389469737,0,0.3042872,19.681227
GR86-032-015,15,4.0,15.06998756432927,21.242515980413675,93.47395833333331,1.4254385964912282,5.0,325.0,1.7107303543705987,2.163955656882057,0.0,0.0,65.58446561296313,38.68419050918292,2.401904761904762,100.145,6.12416829120915,102.95523809523807,1396.3103703956865,-6.342151879211606,40.54617518561802,127.58198237885463,30.773606573986168,66.3725,184.8125,0.0063439468726515,0.3648194195296309,-0.0728813484177218,0.839249927059973,15,1,4,1:54.242,0,,38.593,0,37.487,2,38.162,0,121.0,8:34.876,14:14:23.699,0:38.593,0:37.487,0:38.162,186.2,,Am,,Toyota Gazoo Racing,GF,38.593,37.487,38.162,15.868,15.868,22.725,38.593,15.598,54.191,21.889,1:16.080,14.35,1:30.430,23.812,1:54.242,15.8,32.2,48.34,0.4569505794083973,0.448708564253416,0,0.0261534718286255,-0.1327560485926447,0.2399097308009025,78.23299838756728,21.76700161243272,23.715075719235774,0,0,-8.239794289236755,0,0,0,Maintain current pace,38.76109428534332,0,114.242,114.729,0.487000000000009,0,High,-0.3819273528098372,0,0.3042872,29.393438
GR86-032-015,15,5.0,10.076042874505738,18.60205197845689,92.81411899313504,1.348314606741573,5.0,240.0,1.3683042847941551,2.163955656882057,0.0,0.0,35.43572286955966,39.32685055449114,2.4366666666666665,100.05782608695652,4.044776543219049,72.27913043478262,719.9702246929908,-10.376956794391198,42.06808606806286,87.3659269005848,57.45021032966346,0.0,182.094,-0.0055731845564823,0.2447384400211845,-0.0481725489887533,0.6393493883411744,15,1,5,2:02.581,0,,38.402,0,42.155,0,42.024,0,112.7,10:37.457,14:16:26.280,0:38.402,0:42.155,0:42.024,180.0,,Am,,Toyota Gazoo Racing,FCY,38.402,42.155,42.024,15.587,15.587,22.815,38.402,16.94,55.342,25.215,1:20.557,15.229,1:35.786,26.795,2:02.581,15.8,32.2,48.34,-1.1374599726675507,-2.008796646291298,0,-0.2762534383453721,3.5111386641476345,-0.5337613027101321,59.44922493992861,40.55077506007139,38.76109428534332,0,0,19.52201387537272,0,0,0,Maintain current pace,52.2083506286048,0,122.581,114.729,7.852000000000004,0,Medium,-0.4416008946869845,0,0.3762318,48.625637
GR86-032-015,15,6.0,6.34722164529849,9.696197144602165,65.72557312252965,1.4829545454545454,5.0,261.0,1.433856924192174,2.163955656882057,0.0,0.0,19.552651903942657,20.22600207156784,2.4266666666666667,99.96761904761904,2.051389782329052,34.82086956521739,361.0446016899132,-6.71203616941553,33.68638716820212,83.18296875,28.738811307913824,16.130000000000003,156.904,-0.0034408820750418,0.1974890838598549,-0.0364284217062517,0.4845803690298558,15,1,6,2:57.036,0,,1:06.450,0,59.180,0,51.406,0,78.1,13:34.493,14:19:23.316,1:06.450,0:59.180,0:51.406,157.2,,Am,,Toyota Gazoo Racing,FCY,66.45,59.18,51.406,25.386,25.386,41.064,1:06.450,29.644,1:36.094,29.536,2:05.630,18.203,2:23.833,33.203,2:57.036,15.8,32.2,48.34,-2.327956120285663,-1.5383419490632102,0,0.2516763016015741,-0.4106992148014241,-1.0862907995914075,46.03449381647415,53.965506183525854,52.2083506286048,0,0,28.493274909369024,0,0,0,Maintain current pace,52.65446087514712,0,177.036,114.729,62.307,1,Medium,-0.46382211623942243,0,0.6355136,50.11919
GR86-032-015,15,7.0,7.187853804431868,12.103278775175752,79.11121739130435,0.7771084337349398,5.0,129.0,1.4766321710005648,2.302585092994045,0.0,0.0,19.58682039407096,23.103756714561463,2.4309523809523808,99.9282608695652,1.0424501752738913,29.68523809523809,173.0467290954659,-6.100997260011009,34.06382615147415,88.47192771084337,23.06353990965912,48.722,142.79000000000002,-0.0080143384689513,0.1663776940994634,-0.0388970356399945,0.5458829015192833,15,1,7,2:47.030,0,,56.051,0,58.791,0,52.188,0,82.7,16:21.523,14:22:10.346,0:56.051,0:58.791,0:52.188,141.2,,Am,,Toyota Gazoo Racing,FCY,56.051,58.791,52.188,23.538,23.538,32.513,56.051,27.102,1:23.153,31.689,1:54.842,19.953,2:14.795,32.235,2:47.030,15.8,32.2,48.34,-2.0595685292761186,-1.2313548319783951,0,-2.515980589546367,-1.185913767256038,-1.4216977319349933,37.891229357782834,62.108770642217166,52.65446087514712,0,0,13.893366589803795,0,0,0,Maintain current pace,41.04266802855822,0,167.03,114.729,52.301,1,Medium,-0.4727248468360184,0,0.5564404,41.80968
GR86-032-015,15,8.0,9.990391420612765,13.863864705434732,70.04836438923395,1.5138888888888888,5.0,218.0,1.5334453747337355,2.163955656882057,0.0,0.0,31.17918420122038,30.45533502847119,2.460952380952381,99.90761904761904,2.1566965826450986,30.50369565217392,310.5643079008942,-6.109357266182714,37.089598683049466,100.40786226851851,25.194494285898955,49.2875,159.44,0.014510199045216,0.2099510076739,-0.0854523476016815,0.6724666289461579,15,1,8,2:26.544,0,,46.614,0,49.183,0,50.747,0,94.3,18:48.067,14:24:36.890,0:46.614,0:49.183,0:50.747,155.2,,Am,,Toyota Gazoo Racing,GF,46.614,49.183,50.747,22.109,22.109,24.505,46.614,25.373,1:11.987,23.81,1:35.797,18.41,1:54.207,32.337,2:26.544,15.8,32.2,48.34,-1.1648058065463054,-0.8236208519846878,0,0.3729713648705606,-0.8948357328934908,-0.5888848235188286,58.110894200301686,41.88910579969832,41.04266802855822,0,0,-11.16568260004658,1,0,1,Focus dropped 11 points - consider radio reminder,27.149717782207475,0,146.544,114.729,31.81500000000001,0,Medium,-0.4246686521177307,0,0.50946933,29.740993
GR86-032-015,15,9.0,14.914697393838248,19.67936050147303,83.49952380952381,1.5789473684210529,5.0,180.0,1.7324217933201258,2.163955656882057,0.0,0.0,64.91750178126011,38.62045393113628,2.4827272727272724,99.97,5.435119949118398,75.53022727272727,619.6036741994974,-6.502668704271137,40.51881263598776,129.15380701754387,30.35457699786089,69.1375,185.672,0.0113988416523012,0.3506405966170366,-0.0768175423650312,0.8553499727371591,15,1,9,1:54.035,0,,38.325,0,37.630,0,38.080,0,121.2,20:42.102,14:26:30.925,0:38.325,0:37.630,0:38.080,186.2,,Am,,Toyota Gazoo Racing,GF,38.325,37.63,38.08,15.723,15.723,22.602,38.325,15.754,54.079,21.876,1:15.955,14.256,1:30.211,23.824,1:54.035,15.8,32.2,48.34,0.4073712785064265,0.6043825300487541,0,0.6280688233890103,-0.1899934567315931,0.3485179938993087,80.86987235624082,19.13012764375918,27.149717782207475,0,0,-25.50474309293964,1,0,1,Focus dropped 26 points - consider radio reminder,20.790659887467868,0,114.035,114.729,0.6940000000000026,0,High,-0.3611471118989656,0,0.3042872,24.628641
GR86-032-015,15,10.0,14.871983922899863,21.42980513307836,82.46132034632035,1.4473684210526316,5.0,165.0,1.744682470699363,2.163955656882057,0.0,0.0,66.7206768643458,39.22345688078919,2.440588235294118,99.97857142857144,5.3804013113419975,68.10875,613.3657494929877,-6.400054614502161,40.34863531099951,128.1863859649123,30.789885839564736,70.032,183.5525,0.0138246156912187,0.3476139463012518,-0.0723456844070211,0.8495177466226955,15,1,10,1:54.587,0,,38.646,0,37.775,0,38.166,0,120.6,22:36.689,14:28:25.512,0:38.646,0:37.775,0:38.166,185.2,,Am,,Toyota Gazoo Racing,GF,38.646,37.775,38.166,15.746,15.746,22.9,38.646,15.685,54.331,22.09,1:16.421,14.422,1:30.843,23.744,1:54.587,15.8,32.2,48.34,0.3937342014040857,0.6923743076069081,0,0.1121413791943945,-0.1305323798560869,0.2949818062165032,79.57008009683507,20.42991990316493,20.790659887467868,0,0,-20.25200814109035,1,0,1,Focus dropped 20 points - consider radio reminder,21.15802369308657,0,114.587,114.729,0.1419999999999959,0,High,-0.3547822023503023,0,0.3042872,20.801083
GR86-032-015,15,11.0,15.446166274553953,21.51459863287271,81.42359683794466,1.2280701754385963,5.0,140.0,1.729651720631148,2.163955656882057,0.0,0.0,65.49911676476762,39.58771069725271,2.4947826086956524,99.97428571428571,5.425516941624223,64.00380952380952,618.5089313451614,-6.741468408028312,37.70294653523308,127.46969298245614,30.998043770385674,63.7325,182.575,0.0068208569550305,0.3649213565558347,-0.072522349792277,0.8345447848675054,15,1,11,1:55.170,0,,38.926,0,37.840,0,38.404,0,120.0,24:31.859,14:30:20.682,0:38.926,0:37.840,0:38.404,184.3,,Am,,Toyota Gazoo Racing,GF,38.926,37.84,38.404,15.814,15.814,23.112,38.926,15.854,54.780,21.986,1:16.766,14.554,1:31.320,23.85,1:55.170,15.8,32.2,48.34,0.5770526915264528,0.5845024196495339,0,-0.747737694463298,-0.1020990159061519,0.1968708566102094,77.1880678845205,22.811932115479493,21.15802369308657,0,0,-5.991694089120909,0,0,0,Maintain current pace,21.612723815662672,0,115.17,114.729,0.4410000000000025,0,High,-0.36531759113860474,0,0.3042872,22.070665
GR86-032-015,15,12.0,16.372363160091325,21.607848657552264,94.8302371541502,1.391304347826087,5.0,160.0,1.6843048318501077,2.163955656882057,0.0,0.0,65.31081183053452,38.949009962519206,2.4945454545454546,99.97571428571428,5.794048027863424,103.49285714285712,666.3155232042938,-5.6192635235623,38.14213977116391,126.94348405797102,31.210027930803065,64.7025,181.838,0.0071820210744715,0.3622182730683774,-0.0703526956990433,0.8299815470471164,15,1,12,1:55.571,0,,38.404,0,37.820,0,39.347,0,119.6,26:27.430,14:32:16.253,0:38.404,0:37.820,0:39.347,179.1,,Am,,Toyota Gazoo Racing,GF,38.404,37.82,39.347,15.757,15.757,22.647,38.404,15.655,54.059,22.165,1:16.224,15.338,1:31.562,24.009,1:55.571,15.8,32.2,48.34,0.8727584270364807,0.2590592791805811,0,-0.1076885752885287,-0.0731430075475083,0.3031247608580593,79.76778093938472,20.23221906061528,21.612723815662672,0,0,0.8220639281948046,0,0,0,Maintain current pace,21.543287129629743,0,115.571,114.729,0.8419999999999987,0,High,-0.3695366613817787,0,0.3042872,21.492678
GR86-032-015,15,13.0,14.57210272512642,20.11827083674812,80.36515527950309,1.3716814159292037,5.0,155.0,1.7566331911371238,2.163955656882057,0.0,0.0,65.04643932525615,38.57790976039285,2.491176470588236,99.94521739130434,5.830129512792873,94.76309523809525,658.8046349455947,-6.487758976371946,38.98065302635142,127.7756592920354,30.468638899670363,68.56,185.396,0.0081037531840518,0.3657550783283178,-0.0791228748641051,0.8530119954637376,15,1,13,1:54.663,0,,38.587,0,37.742,0,38.334,0,120.5,28:22.093,14:34:10.916,0:38.587,0:37.742,0:38.334,185.2,,Am,,Toyota Gazoo Racing,GF,38.587,37.742,38.334,15.833,15.833,22.754,38.587,15.73,54.317,22.012,1:16.329,14.45,1:30.779,23.884,1:54.663,15.8,32.2,48.34,0.2979915018356515,0.7781416026667947,0,-0.1846310444573748,-0.1744131540538134,0.2387968791434065,78.20597972910676,21.79402027089324,21.543287129629743,0,0,0.3852634365431804,0,0,0,Maintain current pace,22.536093977116906,0,114.663,114.729,0.0660000000000025,0,High,-0.3637456012498984,0,0.3042872,21.901258
GR86-032-015,15,14.0,14.6561454478045,19.14436227641773,68.74727777777778,1.3716814159292037,5.0,155.0,1.7319428014989398,2.163955656882057,0.0,0.0,66.10490244083394,38.23039491852883,2.490909090909091,99.91227272727274,6.136607030046405,78.7715,693.4365943952438,-6.158814549098743,38.15407294941747,128.95123451327433,30.68119485852441,69.295,186.98,0.0068423137506071,0.3718191924604021,-0.0801488212405029,0.8502872981569487,15,1,14,1:53.871,0,,38.034,2,37.770,0,38.067,0,121.3,30:15.964,14:36:04.787,0:38.034,0:37.770,0:38.067,186.2,,Am,,Toyota Gazoo Racing,GF,38.034,37.77,38.067,15.646,15.646,22.388,38.034,15.778,53.812,21.992,1:15.804,14.315,1:30.119,23.752,1:53.871,15.8,32.2,48.34,0.3248237180867003,0.6009449270127789,0,-0.1846310444573748,-0.1453790408014896,0.2054507864304496,77.39637794261928,22.60362205738072,22.536093977116906,0,0,0.9233701614542298,0,0,0,Maintain current pace,22.666925578096723,0,113.871,114.729,0.8579999999999899,0,High,-0.3628439117787023,0,0.3042872,23.50682
GR86-032-015,15,15.0,14.39485682734828,21.45695933598291,86.83873913043477,1.5350877192982455,5.0,175.0,1.6772331265226614,2.163955656882057,0.0,0.0,67.10460407822212,38.45558319496281,2.49,99.8985,6.267652724922197,99.119,714.5124106411305,-4.277622589528661,37.81705217652934,127.97440789473684,30.83311480850644,68.402,185.136,0.0099663629488981,0.3698987473220848,-0.0680900982870237,0.8469087539896963,15,1,15,1:54.804,0,,38.807,0,37.798,0,38.199,0,120.4,32:10.768,14:37:59.591,0:38.807,0:37.798,0:38.199,184.3,,Am,,Toyota Gazoo Racing,GF,38.807,37.798,38.199,15.625,15.625,23.182,38.807,15.684,54.491,22.114,1:16.605,14.438,1:31.043,23.761,1:54.804,15.8,32.2,48.34,0.2414024230047386,0.2083074403643008,0,0.4560930086574705,-0.1246275123247255,0.1804487870586447,76.78936039692326,23.210639603076743,22.666925578096723,0,0,1.123638448466977,0,0,0,Maintain current pace,22.16083787362484,0,114.804,114.729,0.0750000000000028,0,High,-0.35888730748101216,0,0.3042872,23.437202
GR86-032-015,15,16.0,14.638314838137122,21.032155538105904,93.9809090909091,1.4912280701754386,5.0,170.0,1.7056075947664473,2.163955656882057,0.0,0.0,66.87952965756733,38.32558725883358,2.492857142857143,99.88315789473684,5.758905895077128,75.61699999999999,656.5152720387927,-6.388654314590262,38.2117302655581,128.0482894736842,30.37560436187388,68.686,183.958,0.008627374367594,0.3674487974083437,-0.0738156107346265,0.8499695780511095,15,1,16,1:54.526,0,,38.283,0,37.774,0,38.469,0,120.7,34:05.294,14:39:54.117,0:38.283,0:37.774,0:38.469,183.1,,Am,,Toyota Gazoo Racing,GF,38.283,37.774,38.469,15.761,15.761,22.522,38.283,15.744,54.027,22.03,1:16.057,14.501,1:30.558,23.968,1:54.526,15.8,32.2,48.34,0.3191309613644349,0.4119438154854788,0,0.2841171939259325,-0.1871212207733896,0.2226306992922511,77.81348492616729,22.18651507383271,22.16083787362484,0,0,-0.3752561034920632,0,0,0,Maintain current pace,21.110888912499004,0,114.526,114.729,0.2029999999999887,0,High,-0.35791896658588457,0,0.3042872,23.176588
GR86-032-015,15,17.0,15.132716206934743,21.412961469542672,82.32848484848485,1.4464285714285714,5.0,162.0,1.716572984090375,2.163955656882057,0.0,0.0,67.55285957581644,38.28477695130198,2.4925,99.88136363636364,6.05384154327492,79.10586956521739,678.030252846791,-7.21009747878201,37.9330461459944,128.49472767857142,30.717917520069093,66.5825,182.626,0.004589820162428,0.3750025224044328,-0.0875893506678467,0.8419359624194097,15,1,17,1:54.102,0,,38.377,0,37.507,0,38.218,0,121.1,35:59.396,14:41:48.219,0:38.377,0:37.507,0:38.218,184.3,,Am,,Toyota Gazoo Racing,GF,38.377,37.507,38.218,15.853,15.853,22.524,38.377,15.596,53.973,21.911,1:15.884,14.385,1:30.269,23.833,1:54.102,15.8,32.2,48.34,0.4769778756440512,0.4906396385942033,0,0.1084561831644326,-0.1403629033101515,0.2679854094854159,78.91464105603494,21.085358943965065,21.110888912499004,0,0,-1.5560366655977198,0,0,0,Maintain current pace,19.334727648599088,0,114.102,114.729,0.6269999999999953,0,High,-0.3608920047536803,0,0.3042872,21.59853
GR86-032-015,15,18.0,14.193852776305572,21.498248139259186,89.40539525691699,1.608695652173913,5.0,185.0,1.7173937559752916,2.025326220770068,0.0,0.0,67.5839972161572,38.44995554255945,2.4678260869565216,99.8655,6.217875581248137,76.84065217391304,715.0556918435358,-1.651930733709006,54.2584151450713,125.56264347826088,33.295889805858664,56.2,182.984,0.0068924483837449,0.3765943812522916,-0.0625764851924086,0.8153491345247187,15,1,18,1:56.331,0,,38.146,0,39.363,0,38.822,0,118.8,37:55.727,14:43:44.550,0:38.146,0:39.363,0:38.822,183.1,,Am,,Toyota Gazoo Racing,GF,38.146,39.363,38.822,15.806,15.806,22.34,38.146,15.659,53.805,23.704,1:17.509,14.881,1:32.390,23.941,1:56.331,15.8,32.2,48.34,0.1772281079296092,0.4965301106203149,0,0.7447132890330094,0.2117756098159953,0.3101855143705124,79.93920728030076,20.06079271969924,19.334727648599088,0,0,-2.826110225025751,0,0,0,Maintain current pace,20.06568440972346,0,116.331,114.729,1.602000000000004,0,High,-0.4168611599978817,0,0.3042872,21.993427
GR86-032-015,15,19.0,15.717774516567047,22.258831053758435,90.08797101449274,1.5044247787610618,5.0,170.0,1.7616680547142678,2.163955656882057,0.0,0.0,68.7776897133957,38.13476804221878,2.492,99.865,6.127026301741096,84.96738095238095,692.3539720967439,-5.234143316808993,35.72401338235519,128.73433628318585,30.941876383638533,68.955,185.32,0.0109713306722067,0.3755189995723029,-0.0833114230877396,0.8503514674032072,15,1,19,1:54.038,0,,38.101,0,37.850,0,38.087,0,121.2,39:49.765,14:45:38.588,0:38.101,0:37.850,0:38.087,185.2,,Am,,Toyota Gazoo Racing,GF,38.101,37.85,38.087,15.718,15.718,22.383,38.101,15.909,54.010,21.941,1:15.951,14.4,1:30.351,23.687,1:54.038,15.8,32.2,48.34,0.6637687194349995,0.8142755439012279,0,0.3358621293318818,-0.1097712085687126,0.4421017003487178,83.14196871786703,16.85803128213297,20.06568440972346,0,0,-1.045204502775544,0,0,0,Maintain current pace,20.1915434504774,0,114.038,114.729,0.6910000000000025,0,High,-0.372506846768787,0,0.3042872,20.821873
GR86-032-015,15,20.0,15.745623514384825,21.43738882941922,91.69752964426878,1.2280701754385963,5.0,140.0,1.7066763233313496,2.302585092994045,0.0,0.0,64.96202919334978,38.09466079344146,2.490434782608696,99.86117647058823,5.897867379251818,81.15739130434783,672.3568812347073,-5.8133057779515305,39.50413852165718,127.91792105263158,30.51003088653389,67.628,184.224,0.0106830039822161,0.3609981383129013,-0.0734254729958752,0.8523753057697934,15,1,20,1:54.729,0,,38.140,0,37.838,0,38.751,0,120.4,41:44.494,14:47:33.317,0:38.140,0:37.838,0:38.751,186.2,,Am,,Toyota Gazoo Racing,GF,38.14,37.838,38.751,15.817,15.817,22.323,38.140,15.773,53.913,22.065,1:15.978,14.924,1:30.902,23.827,1:54.729,15.8,32.2,48.34,0.6726600345662797,0.4196138098295249,0,-0.747737694463298,-0.1687592093664309,0.1776648877211273,76.72177077266183,23.278229227338173,20.1915434504774,0,0,0.8568158018783087,0,0,0,Maintain current pace,22.86891810670375,0,114.729,114.729,0.0,0,High,-0.37052491277662625,0,0.3042872,22.145336
GR86-032-015,15,21.0,14.616932268044042,21.34365411997752,86.37181818181818,1.5044247787610618,5.0,170.0,1.7396518983452314,2.163955656882057,0.0,0.0,65.64447677235152,39.2797915877993,2.5013636363636365,99.855,5.84303051615581,79.52931818181818,660.2624483256066,-6.350399269617315,39.33834425133377,128.38019469026548,30.75684244475655,64.24600000000001,182.0925,0.0058534865377967,0.3636441039366864,-0.0761348936752581,0.8520106267617791,15,1,21,1:54.025,0,,38.488,0,37.573,0,37.964,0,121.2,43:38.519,14:49:27.342,0:38.488,0:37.573,0:37.964,184.3,,Am,,Toyota Gazoo Racing,GF,38.488,37.573,37.964,15.783,15.783,22.705,38.488,15.586,54.074,21.987,1:16.061,14.483,1:30.544,23.481,1:54.025,15.8,32.2,48.34,0.3123041746248096,0.65627116339364,0,0.3358621293318818,-0.1350459473527332,0.2946337679003618,79.56163015803895,20.438369841961048,22.86891810670375,0,0,2.803233696980289,0,0,0,Maintain current pace,21.59406948690236,0,114.025,114.729,0.7039999999999935,0,High,-0.3593049871816111,0,0.3042872,22.504488
GR86-032-015,15,22.0,15.078427570728213,22.19539295282494,86.68367391304348,1.238938053097345,4.0,140.0,1.6981481445362103,2.163955656882057,0.0,0.0,67.15274471810947,38.77557486564675,2.4904545454545453,99.85363636363635,6.402887586480806,84.75380952380952,723.526297272331,-4.662727161976672,36.945105062298566,128.12907227138643,30.980116039836016,65.784,182.42,0.0069036301592649,0.3782097971293165,-0.0725534825351414,0.8475451040765515,15,1,22,1:54.193,0,,38.191,0,37.750,0,38.252,0,121.0,45:32.712,14:51:21.535,0:38.191,0:37.750,0:38.252,185.2,,Am,,Toyota Gazoo Racing,GF,38.191,37.75,38.252,15.853,15.853,22.338,38.191,15.7,53.891,22.05,1:15.941,14.437,1:30.378,23.815,1:54.193,15.8,32.2,48.34,0.4596452098254068,0.358409229665885,0,-0.7051242182466332,-0.1045478569640182,0.1112724519306964,75.10984474918797,24.89015525081203,21.59406948690236,0,0,1.402526036424959,0,0,0,Maintain current pace,22.17191930937301,0,114.193,114.729,0.5360000000000014,0,High,-0.4266572313201371,0,0.3042872,22.696304
GR86-032-015,15,23.0,15.599650487516785,22.830452775457736,90.9656304347826,1.5296803652968036,5.0,335.0,1.6987462683271688,2.163955656882057,0.0,0.0,67.95498753793014,38.675191185507565,2.4580952380952383,99.83947368421052,6.263632357337054,103.2504347826087,1371.7354862568147,-7.854026053279762,38.85696269705463,125.92840867579908,31.12070880360648,51.7725,186.8625,0.0097344468508478,0.3678602252465074,-0.107007444534463,0.8233377933142066,15,1,23,1:53.855,2,,38.201,0,37.826,0,37.828,2,121.4,47:26.567,14:53:15.390,0:38.201,0:37.826,0:37.828,186.2,,Am,,Toyota Gazoo Racing,FF,38.201,37.826,37.828,15.799,15.799,22.402,38.201,15.677,53.878,22.149,1:16.027,14.328,1:30.355,23.5,1:53.855,15.8,32.2,48.34,0.6260554065993061,0.3627018126886944,0,0.4348905109508428,-0.0853435671959211,0.3351912950749997,80.54631663206601,19.45368336793399,22.17191930937301,0,0,-0.696998797330739,0,0,0,Maintain current pace,,0,113.855,114.729,0.8740000000000094,0,High,-0.3990796142652876,0,0.3042872,23.371626
GR86-033-046,46,1.0,12.224483890677275,20.67190150932268,94.5561067193676,1.3825665859564165,5.0,571.0,1.1519246320540355,2.163955656882057,0.0,0.0,28.618636534720466,32.053517921825495,2.441666666666667,100.1645,4.1720561478172735,44.26478260869565,1723.059189048534,-3.103687893789008,29.566631598555468,59.3430411622276,46.576792774028654,0.0,131.33,0.0214389066349485,0.2000647657529224,-0.0220165836621389,0.5120474447776967,46,1,1,2:41.685,0,,48.504,0,53.000,0,1:00.181,0,85.5,2:41.685,14:08:30.508,0:48.504,0:53.000,1:00.181,140.1,,Am,,Toyota Gazoo Racing,GF,48.504,53.0,60.181,,,,48.504,21.67,1:10.174,31.33,1:41.504,22.161,2:03.665,38.02,2:41.685,15.8,32.2,48.34,-0.2790006257051854,-2.3815311637670598,0,0.3964740245091654,1.6791961595174745,-0.4516922590251983,61.44175956623651,38.55824043376349,38.26212446810896,0,0,,0,0,0,Maintain current pace,32.235983156952095,0,161.685,112.353,49.332,0,Medium,-0.48553425431948805,0,0.38367262,30.995068
GR86-033-046,46,2.0,12.514998431438132,19.468517337537843,91.85407114624506,0.7453416149068323,5.0,120.0,1.6292514827976867,2.163955656882057,0.0,0.0,26.45426188414965,27.01159681031488,2.367826086956522,100.20045454545452,1.3178800039864718,29.205,212.178680641822,-4.09007455175882,36.40339109949386,91.6049585921325,17.257382601519247,56.846,139.9225,0.0035958622127951,0.1577977084859161,-0.0305616253520157,0.6007376646898335,46,1,2,1:53.959,0,,39.105,0,37.211,0,37.643,0,121.3,4:35.644,14:10:24.467,0:39.105,0:37.211,0:37.643,185.2,,Am,,Toyota Gazoo Racing,GF,39.105,37.211,37.643,16.844,16.844,22.261,39.105,15.524,54.629,21.687,1:16.316,14.207,1:30.523,23.436,1:53.959,15.8,32.2,48.34,-0.1944074202196496,-0.0204286090026904,0,-1.5139142462592008,-1.3678273819760762,-0.4272992534530553,62.03399149754557,37.96600850245443,32.235983156952095,0,0,,0,0,0,Maintain current pace,25.50427631892473,0,113.959,112.353,1.6059999999999943,0,Medium,-0.4503418596585395,0,0.3042872,24.208834
GR86-033-046,46,3.0,14.266774618609556,22.25912298832899,81.785,1.415929203539823,5.0,160.0,1.7509784746247454,2.163955656882057,0.0,0.0,73.87103806658904,37.00131163286608,2.415217391304348,100.1582608695652,6.546130219081932,85.38772727272728,739.7127147562583,-5.878649572179777,38.34582431902947,128.88761061946903,29.506904955793708,65.0175,183.256,0.0211843761919752,0.3581082036988249,-0.0586658035308285,0.8437623483905106,46,1,3,1:52.560,0,,37.723,0,37.209,0,37.628,0,122.8,6:28.204,14:12:17.027,0:37.723,0:37.209,0:37.628,185.2,,Am,,Toyota Gazoo Racing,GF,37.723,37.209,37.628,15.482,15.482,22.241,37.723,15.521,53.244,21.688,1:14.932,14.225,1:29.157,23.403,1:52.560,15.8,32.2,48.34,0.315681894339119,0.5816953044936477,0,0.4964945136756373,-0.0947941672587411,0.3051231547506191,79.81629946536162,20.183700534638376,25.50427631892473,0,0,-12.757848149184223,1,0,1,Focus dropped 13 points - consider radio reminder,18.645221736979163,0,112.56,112.353,0.2069999999999936,0,High,-0.3868722669360344,0,0.3042872,22.782724
GR86-033-046,46,4.0,16.10921353282909,26.31164897261223,88.17227272727274,1.3963963963963963,5.0,155.0,1.67845002859401,2.025326220770068,0.0,0.0,75.06992879204206,37.32418411839189,2.335652173913044,100.15391304347824,8.024290091619896,103.4,890.6962001698085,-5.797784660050107,37.18676469811652,129.72723873873875,30.71108311068045,62.286,184.69,0.0180792067313234,0.3804626375786714,-0.0623183029934746,0.8736159276335645,46,1,4,1:52.969,0,,38.024,0,37.345,0,37.600,0,122.3,8:21.173,14:14:09.996,0:38.024,0:37.345,0:37.600,185.2,,Am,,Toyota Gazoo Racing,GF,38.024,37.345,37.6,15.466,15.466,22.558,38.024,15.657,53.681,21.688,1:15.369,14.202,1:29.571,23.398,1:52.969,15.8,32.2,48.34,0.8521707504801217,0.222932542772901,0,0.4379355315935004,0.0303502051724774,0.3801097110935345,81.6368800803186,18.363119919681395,18.645221736979163,0,0,-13.590761419972932,1,0,1,Focus dropped 14 points - consider radio reminder,32.235494248328585,0,112.969,112.353,0.6159999999999854,0,High,-0.433018821435843,0,0.3042872,26.786613
GR86-033-046,46,5.0,15.396178408418704,24.27976843642835,95.18415217391303,1.4285714285714286,5.0,160.0,1.747258768472287,2.302585092994045,0.0,0.0,74.26554278726,37.522342984740526,2.3782608695652177,100.13909090909092,7.78669507743809,106.98608695652172,872.109848673066,-6.673105357443581,37.46687917251169,129.51704910714287,30.9859180233872,64.928,184.998,0.0205362185726173,0.3763944460056142,-0.0592124370514796,0.8574469419712162,46,1,5,2:04.695,0,,37.846,0,39.056,0,47.793,0,110.8,10:25.868,14:16:14.691,0:37.846,0:39.056,0:47.793,180.0,,Am,,Toyota Gazoo Racing,FCY,37.846,39.056,47.793,15.470,15.470,22.376,37.846,15.345,53.191,23.711,1:16.902,18.187,1:35.089,29.606,2:04.695,15.8,32.2,48.34,0.6445462830793505,0.5632957368056793,0,0.5343956624285074,0.0589124594645838,0.4202384144359595,82.61115524338229,17.388844756617715,32.235494248328585,0,0,6.731217929403851,0,0,0,Maintain current pace,45.853958580041486,0,124.695,112.353,12.341999999999985,0,High,-0.4012649525285376,0,0.3042872,38.815216
GR86-033-046,46,6.0,5.603362012991802,14.25280144933696,88.61158102766797,0.9310344827586208,5.0,270.0,0.9157456180296945,2.163955656882057,0.0,0.0,23.4698756056432,31.479845276903408,2.437619047619048,100.09,3.0734550015576625,116.2656818181818,891.3019504517222,-15.030238720164364,63.942748458016034,51.235160300925926,61.110713807560366,0.0,182.2425,0.0054683002878812,0.1858787204541474,-0.0055423951132404,0.5082155275409063,46,1,6,2:55.289,0,,1:04.297,0,58.125,0,52.867,0,78.8,13:21.157,14:19:09.980,1:04.297,0:58.125,0:52.867,124.1,,Am,,Toyota Gazoo Racing,FCY,64.297,58.125,52.867,23.878,23.878,40.419,1:04.297,27.075,1:31.372,31.05,2:02.422,20.104,2:22.526,32.763,2:55.289,15.8,32.2,48.34,-2.2069658217911337,-3.549793272897986,0,-0.9572105814215068,3.189635806113854,-1.3741560713636771,39.04548193131337,60.95451806868663,45.853958580041486,0,0,27.20873684306232,0,0,0,Maintain current pace,56.92115850688521,0,175.289,112.353,62.93599999999998,1,Medium,-0.523182844481011,0,0.36647838,55.251404
GR86-033-046,46,7.0,5.340798859228395,8.34012872720654,54.3269358178054,0.5459770114942529,5.0,95.0,1.5250067707987724,2.163955656882057,0.0,0.0,15.272753066648493,13.386439695887535,2.379565217391304,97.00217391304348,0.4103427398854685,10.256739130434784,71.39963674007153,-3.8577148763280698,33.13002795391839,84.09516954022988,14.362567883950629,42.104,118.106,-0.0050811175040185,0.1120734168294289,-0.0323454361563806,0.4614931084679741,46,1,7,2:47.360,0,,55.200,0,1:00.493,0,51.667,0,82.6,16:08.517,14:21:57.340,0:55.200,1:00.493,0:51.667,123.0,,Am,,Toyota Gazoo Racing,FCY,55.2,60.493,51.667,22.426,22.426,32.774,55.200,26.441,1:21.641,34.052,1:55.693,19.681,2:15.374,31.986,2:47.360,15.8,32.2,48.34,-2.283420028733986,-0.5360762316701569,0,-2.1116055127179703,-1.6686713805693345,-1.302653031502364,40.78148708517988,59.21851291482012,56.92115850688521,0,0,24.685664258556628,0,0,0,Maintain current pace,55.563929562131534,0,167.36,112.353,55.007000000000005,1,Medium,-0.5555398364555304,1,0.5351688,44.561237
GR86-033-046,46,8.0,7.252781267801109,14.436946374608992,88.30513457556937,0.7485029940119761,4.0,125.0,1.5969018934948256,2.163955656882057,0.0,0.0,20.266446904328863,22.79193529860257,2.430952380952381,100.0308695652174,1.1010149520270582,30.00325,183.8694969885188,-4.009701957841418,36.50321360861391,88.32214071856288,15.16801908174284,58.534000000000006,134.8,-0.0022154212743745,0.1511689479461795,-0.0375085887815337,0.5385455870221493,46,1,8,2:31.063,0,,49.143,0,49.287,0,52.633,0,91.5,18:39.580,14:24:28.403,0:49.143,0:49.287,0:52.633,135.0,,Am,,Toyota Gazoo Racing,GF,49.143,49.287,52.633,21.359,21.359,27.784,49.143,21.351,1:10.494,27.936,1:38.430,19.933,1:58.363,32.7,2:31.063,15.8,32.2,48.34,-1.7266812150776267,-0.1804462108400189,0,-1.5044364921906948,-1.5849647593666274,-0.9472778669985598,49.40955546285111,50.59044453714889,55.563929562131534,0,0,9.709970982090049,0,0,0,Maintain current pace,41.97107607869139,0,151.063,112.353,38.70999999999998,0,Medium,-0.5137853860521346,0,0.5738834,39.321266
GR86-033-046,46,9.0,6.5726646610899415,11.07933635665322,61.26782608695652,0.3642384105960264,4.0,55.0,1.553251134292246,2.163955656882057,0.0,0.0,26.127076021205017,26.30034236416082,2.338695652173913,100.01772727272729,0.5896628861109138,29.53386363636364,89.03909580274798,-4.366288511373452,35.673195256099895,97.63,17.76812819798417,57.5625,164.6975,0.0129896540785253,0.1497444889599976,-0.0429321719934734,0.6264454846750305,46,1,9,1:52.086,0,,37.526,0,37.060,0,37.500,0,123.3,20:31.666,14:26:20.489,0:37.526,0:37.060,0:37.500,186.2,,Am,,Toyota Gazoo Racing,GF,37.526,37.06,37.5,15.474,15.474,22.052,37.526,15.379,52.905,21.681,1:14.586,14.099,1:28.685,23.401,1:52.086,15.8,32.2,48.34,-1.9247203346169235,-0.3963651747743686,0,-2.656454360888437,-1.3147480789823904,-1.2064503561101738,43.1171687655744,56.8828312344256,41.97107607869139,0,0,-14.950082428193824,1,0,1,Focus dropped 15 points - consider radio reminder,32.64933641092778,0,112.086,112.353,0.2670000000000101,0,Medium,-0.5264407284123702,0,0.53530794,34.41432
GR86-033-046,46,10.0,14.99449261797088,21.550990248382,81.56478260869565,1.4414414414414414,5.0,160.0,1.7384789867903474,2.163955656882057,0.0,0.0,73.68854038114908,36.599907284566,2.405,100.04954545454548,6.536400241291545,81.09363636363636,725.5404267833616,-5.269819133080003,36.03273458998955,130.4147882882883,30.684331882052643,65.00399999999999,187.25,0.0211257613909787,0.3697009974384511,-0.0557571089440654,0.8729544691112896,46,1,10,1:52.634,0,,37.758,0,37.293,0,37.583,0,122.7,22:24.300,14:28:13.123,0:37.758,0:37.293,0:37.583,187.2,,Am,,Toyota Gazoo Racing,GF,37.758,37.293,37.583,15.453,15.453,22.305,37.758,15.492,53.250,21.801,1:15.051,14.243,1:29.294,23.34,1:52.634,15.8,32.2,48.34,0.5275817809825556,0.5198664494584361,0,0.5729797147625098,0.0275700802343148,0.3769451118971836,81.56004753550033,18.43995246449967,32.64933641092778,0,0,-22.914593151203757,1,0,1,Focus dropped 23 points - consider radio reminder,19.746920477518472,0,112.634,112.353,0.2809999999999917,0,High,-0.3938337163864326,0,0.3042872,25.38794
GR86-033-046,46,11.0,13.804169672916853,22.427263310211504,88.26167984189723,1.290909090909091,5.0,142.0,1.734583806276052,2.302585092994045,0.0,0.0,73.61957987959107,37.29381520271231,2.4504545454545457,100.07181818181816,7.463945639340896,105.7568181818182,821.0340203274986,-6.106938101579115,35.877047768524555,129.8378818181818,31.07958200233771,63.73,185.09,0.0232115098421689,0.3754076281042455,-0.0748211203575932,0.86495113669497,46,1,11,1:52.340,0,,37.563,0,37.238,0,37.539,0,123.0,24:16.640,14:30:05.463,0:37.563,0:37.238,0:37.539,186.2,,Am,,Toyota Gazoo Racing,GF,37.563,37.238,37.539,15.424,15.424,22.139,37.563,15.496,53.059,21.742,1:14.801,14.112,1:28.913,23.427,1:52.340,15.8,32.2,48.34,0.1809787048632387,0.500598895895834,0,0.1216866080995297,0.0686465007421179,0.2045609767220713,77.37477446614191,22.625225533858085,19.746920477518472,0,0,-22.22415560117292,1,0,1,Focus dropped 22 points - consider radio reminder,19.39375492946381,0,112.34,112.353,0.0130000000000052,0,High,-0.3773076994204487,0,0.3042872,20.695843
GR86-033-046,46,12.0,15.012368954689563,23.50589726084234,85.67233695652173,1.4285714285714286,5.0,160.0,1.7475941329403737,2.302585092994045,0.0,0.0,74.36365235170112,36.85719267578323,2.3854545454545453,100.06318181818182,7.569848370293441,120.30826086956522,847.8230174728653,-4.734901773655859,36.457159011730525,130.2198526785714,31.054105318371303,64.554,187.6475,0.0203784581751881,0.3746812487398361,-0.056651827435628,0.8632527538274781,46,1,12,1:52.353,0,,37.667,0,37.151,0,37.535,0,123.0,26:08.993,14:31:57.816,0:37.667,0:37.151,0:37.535,186.2,,Am,,Toyota Gazoo Racing,GF,37.667,37.151,37.535,15.492,15.492,22.175,37.667,15.48,53.147,21.671,1:14.818,14.191,1:29.009,23.344,1:52.353,15.8,32.2,48.34,0.5327870854103879,0.5649546208620514,0,0.5343956624285074,0.0659988330247905,0.3878340135053844,81.82441656580234,18.175583434197662,19.39375492946381,0,0,-13.255581481463969,1,0,1,Focus dropped 13 points - consider radio reminder,17.96286011252737,0,112.353,112.353,0.0,0,High,-0.39751248514808346,0,0.3042872,19.821259
GR86-033-046,46,13.0,15.362210696015046,22.337835099916205,84.00911067193677,1.4864864864864864,5.0,165.0,1.7297422739469055,2.163955656882057,0.0,0.0,74.42775045358741,36.36161059960127,2.3868181818181817,100.0559090909091,7.6907331800674195,124.21113636363636,853.6713829874835,-7.694942674181805,37.02822528742682,130.09462162162163,30.882952644123336,66.19800000000001,186.235,0.0202942281637933,0.3888635867979049,-0.0600013587910327,0.8764037519061784,46,1,13,1:52.214,0,,37.701,0,36.931,0,37.582,0,123.1,28:01.207,14:33:50.030,0:37.701,0:36.931,0:37.582,187.2,,Am,,Toyota Gazoo Racing,GF,37.701,36.931,37.582,15.520,15.520,22.181,37.701,15.363,53.064,21.568,1:14.632,14.29,1:28.922,23.292,1:52.214,15.8,32.2,48.34,0.6346554264368198,0.4766502025979136,0,0.7080238979315192,0.0482117689414854,0.4205839401644007,82.6195441796643,17.380455820335698,17.96286011252737,0,0,-1.7840603649911024,0,0,0,Maintain current pace,18.239316631829052,0,112.214,112.353,0.13900000000001,0,High,-0.40855256355036995,0,0.3042872,20.337095
GR86-033-046,46,14.0,16.346563486634427,24.358836895478188,91.44882608695652,1.3063063063063065,5.0,145.0,1.6910259449426566,2.163955656882057,0.0,0.0,73.57940976553063,36.65142561893088,2.4413636363636364,100.03956521739131,7.786607270031183,110.0608695652174,864.3134069734614,-6.342264355690457,38.01059251559112,129.99153153153154,31.23908430594592,62.8475,186.386,0.01915762892958,0.3810989098024678,-0.058605907362917,0.8704826752160658,46,1,14,1:52.190,0,,37.697,0,36.927,0,37.566,0,123.2,29:53.397,14:35:42.220,0:37.697,0:36.927,0:37.566,187.2,,Am,,Toyota Gazoo Racing,GF,37.697,36.927,37.566,15.613,15.613,22.084,37.697,15.355,53.052,21.572,1:14.624,14.175,1:28.799,23.391,1:52.190,15.8,32.2,48.34,0.921283275318474,0.2851394523004754,0,0.1678471652554823,0.0852227985310946,0.3813692003120928,81.66745891695125,18.332541083048756,18.239316631829052,0,0,-1.1544382976347585,0,0,0,Maintain current pace,18.95698256822945,0,112.19,112.353,0.1630000000000109,0,High,-0.4043452848253089,0,0.3042872,20.51282
GR86-033-046,46,15.0,14.762687943731422,23.47676810199625,95.11272727272728,1.4414414414414414,5.0,160.0,1.733561823808271,2.163955656882057,0.0,0.0,74.87964012968361,36.45668368881658,2.4366666666666665,100.02863636363637,7.225579269274922,87.79568181818182,802.0392988895163,-6.730560899691334,37.19231231733843,130.07828378378375,30.97864542196928,65.39750000000001,185.26,0.0213875427658036,0.3749805431217364,-0.0571432156606069,0.8767788125830919,46,1,15,1:52.322,0,,37.677,0,36.977,0,37.668,0,123.0,31:45.719,14:37:34.542,0:37.677,0:36.977,0:37.668,187.2,,Am,,Toyota Gazoo Racing,GF,37.677,36.977,37.668,15.520,15.520,22.157,37.677,15.345,53.022,21.632,1:14.654,14.214,1:28.868,23.454,1:52.322,15.8,32.2,48.34,0.4600839532005448,0.4955436482980036,0,0.5729797147625098,0.0581566534098945,0.3536737205900302,80.99504700789728,19.00495299210272,18.95698256822945,0,0,0.9941224557020796,0,0,0,Maintain current pace,19.289106181096614,0,112.322,112.353,0.0310000000000059,0,High,-0.39020346941631523,0,0.3042872,20.212696
GR86-033-046,46,16.0,14.77586467456756,22.583949168880466,95.84733333333334,1.5178571428571428,5.0,170.0,1.686908289811026,2.163955656882057,0.0,0.0,73.79425510389822,36.91298350076654,2.4495652173913043,100.03565217391304,7.467147705846172,128.7095,836.3205430547713,-6.278362177588947,36.72116033335048,130.3471130952381,31.018102065025243,65.27250000000001,183.6,0.0208418479764487,0.3717213880414927,-0.0541296078812219,0.8734386394222255,46,1,16,1:52.092,0,,37.534,0,37.016,0,37.542,0,123.3,33:37.811,14:39:26.634,0:37.534,0:37.016,0:37.542,187.2,,Am,,Toyota Gazoo Racing,GF,37.534,37.016,37.542,15.481,15.481,22.053,37.534,15.302,52.836,21.714,1:14.550,14.16,1:28.710,23.382,1:52.092,15.8,32.2,48.34,0.4639208072744569,0.264771425578775,0,0.8020725254956508,0.0622571902062505,0.3319056964220035,80.46654637046312,19.53345362953688,19.289106181096614,0,0,1.0497895492675582,0,0,0,Maintain current pace,20.389201919530183,0,112.092,112.353,0.2610000000000099,0,High,-0.41033803629340077,0,0.3042872,20.152458
GR86-033-046,46,17.0,14.401222625787844,22.73878580252327,88.7505928853755,1.5315315315315314,5.0,170.0,1.7157303587079478,2.163955656882057,0.0,0.0,74.17309522157377,37.09578838917349,2.4109090909090907,100.0186956521739,7.323810977514782,119.56545454545454,812.9430185041408,-5.2369754996757285,34.047451876721574,130.27393393393393,30.95653394714673,65.668,187.1325,0.0209655407524972,0.3770050823234457,-0.0591199113973999,0.8767964974052335,46,1,17,1:52.196,0,,37.644,0,37.008,0,37.544,0,123.2,35:30.007,14:41:18.830,0:37.644,0:37.008,0:37.544,187.2,,Am,,Toyota Gazoo Racing,GF,37.644,37.008,37.544,15.560,15.560,22.084,37.644,15.326,52.970,21.682,1:14.652,14.197,1:28.849,23.347,1:52.196,15.8,32.2,48.34,0.3548310118620036,0.4073401086522193,0,0.8430680811005286,0.0558587154935097,0.3403304144360861,80.67108807834975,19.32891192165025,20.389201919530183,0,0,1.4322193513007342,0,0,0,Maintain current pace,20.703175564024797,0,112.196,112.353,0.1570000000000107,0,High,-0.4026768799260919,0,0.3042872,20.337095
GR86-033-046,46,18.0,13.938483038954434,22.75493252995684,82.66741106719368,1.3963963963963963,5.0,155.0,1.6966120343613131,2.163955656882057,0.0,0.0,74.1406984798106,36.85924166793064,2.418260869565217,100.01391304347828,7.307380927169257,115.40152173913044,811.1192829157875,-6.761834095083524,36.88920320640052,129.98048648648648,31.17256006799887,64.4525,186.524,0.0201513684596064,0.3845998603471679,-0.0582205973128169,0.8756332198810362,46,1,18,1:52.075,0,,37.525,2,37.046,0,37.504,0,123.3,37:22.082,14:43:10.905,0:37.525,0:37.046,0:37.504,187.2,,Am,,Toyota Gazoo Racing,GF,37.525,37.046,37.504,15.447,15.447,22.078,37.525,15.416,52.941,21.63,1:14.571,14.128,1:28.699,23.376,1:52.075,15.8,32.2,48.34,0.2200886170311944,0.3127711054894462,0,0.4379355315935004,0.0783092583912374,0.2177406170598687,77.69475979259657,22.30524020740343,20.703175564024797,0,0,1.4140693829281794,0,0,0,Maintain current pace,20.09486750999648,0,112.075,112.353,0.2780000000000058,0,High,-0.4014086871159322,0,0.3042872,21.164833
GR86-033-046,46,19.0,14.79329060285582,22.655962134791142,79.39731225296444,1.4864864864864864,5.0,165.0,1.6646579002697424,2.025326220770068,0.0,0.0,74.99010884119579,35.9692968676509,2.497391304347826,100.01,7.865586094281746,110.3641304347826,873.0800564652739,-4.955306379219423,35.87883572030487,130.41394594594595,31.143616378900862,62.42,186.488,0.0210408367147497,0.3807496600611793,-0.0595227658488528,0.8722897351709669,46,1,19,1:52.073,2,,37.536,0,37.008,0,37.529,0,123.3,39:14.155,14:45:02.978,0:37.536,0:37.008,0:37.529,187.2,,Am,,Toyota Gazoo Racing,GF,37.536,37.008,37.529,15.486,15.486,22.05,37.536,15.346,52.882,21.662,1:14.544,14.21,1:28.754,23.319,1:52.073,15.8,32.2,48.34,0.4689949599437322,0.1547096272353979,0,0.7080238979315192,0.0753012817116114,0.2931096076528582,79.52462543697929,20.475374563020708,20.09486750999648,0,0,-0.2943344095337039,0,0,0,Maintain current pace,18.867512588786976,0,112.073,112.353,0.2800000000000011,0,High,-0.4389097603183414,0,0.3042872,20.754276
GR86-033-046,46,20.0,15.78117077947513,24.12246648735999,96.43132411067194,1.4414414414414414,5.0,160.0,1.711016851951073,2.025326220770068,0.0,0.0,73.51136003290351,36.85297959020991,2.463913043478261,100.005,7.922411224041659,119.8925,879.3876458686242,-6.33314263553394,36.80024724643104,130.25606156156158,31.04909030296836,63.638,186.1725,0.0197772454207236,0.3827970564285972,-0.0564035371731023,0.8732898856368632,46,1,20,1:52.133,0,,37.562,0,37.032,0,37.539,0,123.2,41:06.288,14:46:55.111,0:37.562,0:37.032,0:37.539,186.2,,Am,,Toyota Gazoo Racing,GF,37.562,37.032,37.539,15.479,15.479,22.083,37.562,15.369,52.931,21.663,1:14.594,14.241,1:28.835,23.298,1:52.133,15.8,32.2,48.34,0.7566499274265319,0.3840246952657361,0,0.5729797147625098,0.0654776468923339,0.4154958739480034,82.4960122404347,17.503987759565305,18.867512588786976,0,0,-1.8356629752378169,0,0,0,Maintain current pace,19.06763754335317,0,112.133,112.353,0.2199999999999988,0,High,-0.4557357802951618,0,0.3042872,20.43769
GR86-033-046,46,21.0,15.221170729614666,24.2397205591484,93.28606719367588,1.351351351351351,5.0,150.0,1.7438213135022034,2.163955656882057,0.0,0.0,73.77090801196866,37.18161192086507,2.505217391304348,99.9947619047619,7.743566498457802,92.44090909090907,859.5358813288161,-6.673592586315698,37.91209183029746,130.06711261261262,31.3154239402512,60.95,185.596,0.018327373139158,0.3790096150352304,-0.059514429200928,0.8728251023520743,46,1,21,1:52.982,0,,37.580,0,37.002,0,38.400,0,122.3,42:59.270,14:48:48.093,0:37.580,0:37.002,0:38.400,187.2,,Am,,Toyota Gazoo Racing,GF,37.58,37.002,38.4,15.426,15.426,22.154,37.580,15.361,52.941,21.641,1:14.582,14.317,1:28.899,24.083,1:52.982,15.8,32.2,48.34,0.5935868354185078,0.5462923277179503,0,0.3028913484244904,0.0931564050227865,0.3693984753209921,81.37682455622509,18.62317544377491,19.06763754335317,0,0,-1.0272299666433078,0,0,0,Maintain current pace,20.465828457983992,0,112.982,112.353,0.6289999999999907,0,High,-0.4080801049877438,0,0.3042872,21.570816
GR86-033-046,46,22.0,13.855900805532324,21.371078606175896,88.47363636363636,1.3839285714285714,5.0,155.0,1.7409649095896569,2.163955656882057,0.0,0.0,71.99017743597595,37.10584819094552,2.433913043478261,99.98782608695652,7.381826508345433,92.74804347826088,826.7645689346884,-7.025880721619832,39.35592919147358,129.34037946428572,32.00136141848095,60.276,185.0525,0.0194408363158036,0.3707252864706302,-0.0526656037503414,0.8610460626008495,46,1,22,1:52.651,0,,38.308,0,36.916,2,37.427,2,122.7,44:51.921,14:50:40.744,0:38.308,0:36.916,0:37.427,188.2,,Am,,Toyota Gazoo Racing,GF,38.308,36.916,37.427,15.788,15.788,22.52,38.308,15.369,53.677,21.547,1:15.224,14.112,1:29.336,23.315,1:52.651,15.8,32.2,48.34,0.1960419864459059,0.5321630941228881,0,0.4005572308949354,0.1644425472698927,0.2683812088257234,78.9242505732807,21.075749426719295,20.465828457983992,0,0,1.598315869197016,0,0,0,Maintain current pace,21.38715496508853,0,112.651,112.353,0.2980000000000018,0,High,-0.39932497214068624,0,0.3042872,21.416492
GR86-033-046,46,23.0,14.869933486932322,21.456873030415625,79.98727272727274,1.2946428571428572,5.0,145.0,1.6843044342910092,2.163955656882057,0.0,0.0,73.03778420197044,36.53108313902612,2.4066666666666667,99.9835,7.957911031342709,124.04695652173912,891.2860355103834,-6.880904236139711,35.74819210531409,129.70883482142855,31.61511134700828,64.104,187.5075,0.0235336461934645,0.3872451394153784,-0.0482266477175434,0.8672462722186387,46,1,23,1:52.277,0,,37.619,0,37.013,0,37.645,0,123.1,46:44.198,14:52:33.021,0:37.619,0:37.013,0:37.645,188.2,,Am,,Toyota Gazoo Racing,FF,37.619,37.013,37.645,15.432,15.432,22.187,37.619,15.398,53.017,21.615,1:14.632,14.225,1:28.857,23.42,1:52.277,15.8,32.2,48.34,0.4913121466315567,0.2518914254049516,0,0.132880367827792,0.1243014580134559,0.2427287013162193,78.30143949654223,21.69856050345777,21.38715496508853,0,0,2.3195174217353625,0,0,0,Maintain current pace,,0,112.277,112.353,0.0760000000000076,0,High,-0.4334830907791428,0,0.3042872,21.382496
GR86-035-011,11,1.0,14.862938131467276,18.921574371954254,86.35501035196685,1.2647058823529411,5.0,301.0,1.516470345133188,2.302585092994045,0.0,0.0,38.93328626730757,35.511728454878714,2.4672222222222224,100.14739130434782,2.940126830935724,55.03523809523809,699.7501857627022,-4.351319002218173,35.6224895528424,95.7517324929972,29.57663380581092,44.186,159.808,0.006299983700399,0.2404240477340863,-0.0668991147278433,0.5817137904713194,11,1,1,2:44.586,0,,1:05.254,0,49.264,0,50.068,0,84.0,2:44.586,14:08:33.409,1:05.254,0:49.264,0:50.068,162.2,,Am,,Toyota Gazoo Racing,GF,65.254,49.264,50.068,,,,1:05.254,22.08,1:27.334,27.184,1:54.518,21.09,2:15.608,28.978,2:44.586,15.8,32.2,48.34,-0.1395832402172077,-0.4863076618563747,0,-0.5620457561521184,-0.2551981889981169,-0.2732785698518854,65.77342273085095,34.22657726914905,32.00917398335744,0,0,,0,0,0,Maintain current pace,26.403067372738537,0,164.586,115.97,48.616000000000014,0,Medium,-0.3864312273119794,0,0.3042872,25.289484
GR86-035-011,11,2.0,15.161141734626236,18.26584295503909,74.38350114416477,1.6783216783216783,5.0,240.0,1.543106442623549,2.163955656882057,0.0,0.0,35.4537075645692,35.31595907979396,2.481428571428572,100.15869565217392,2.876034497013746,39.85659090909091,411.27293307296566,-3.803425904069512,38.02450057595311,101.87406177156176,25.96979545761197,55.742,163.27,-0.019367486076878,0.2477209757474279,-0.0933864452160595,0.6214100304103817,11,1,2,2:15.574,0,,43.151,0,39.654,0,52.769,0,101.9,5:00.160,14:10:48.983,0:43.151,0:39.654,0:52.769,179.1,,Am,,Toyota Gazoo Racing,GF,43.151,39.654,52.769,18.348,18.348,24.803,43.151,16.515,59.666,23.139,1:22.805,27.475,1:50.280,25.294,2:15.574,15.8,32.2,48.34,-0.0546653850723421,-0.3935790190621421,0,1.1850942569028518,-1.5358635097471205,-0.0906165827265224,70.20822930243416,29.79177069756584,26.403067372738537,0,0,,0,0,0,Maintain current pace,24.077505796108458,0,135.574,115.97,19.604000000000013,0,High,-0.40613643520786347,0,0.3042872,23.73294
GR86-035-011,11,3.0,16.19704700746043,21.43924113378481,92.37027667984192,1.6666666666666667,5.0,225.0,1.5106100301505214,2.025326220770068,0.0,0.0,58.79912561147359,39.96086453600605,2.4268181818181818,100.20217391304348,4.872261689210584,68.02568181818182,657.7553280434288,31.898995371081817,124.16428860356554,109.55663703703704,41.4192353387004,0.0,180.24,0.0009804853886496,0.317807734465159,-0.0913774243700381,0.6961138505808968,11,1,3,1:57.223,0,,39.872,0,38.947,0,38.404,0,117.9,6:57.383,14:12:46.206,0:39.872,0:38.947,0:38.404,177.0,,Am,,Toyota Gazoo Racing,GF,39.872,38.947,38.404,16.775,16.775,23.097,39.872,16.398,56.270,22.549,1:18.819,14.634,1:33.453,23.77,1:57.223,15.8,32.2,48.34,0.2403238537244977,-0.5067092636633223,0,1.1358627299313049,3.949705836765556,0.51076983336777,84.80914584849927,15.19085415150073,24.077505796108458,1,0,-7.931668187248984,0,0,1,High error bursts detected - suggest 1-lap cool down,22.61661199418239,0,117.223,115.97,1.253,0,High,-0.5081490424004824,0,0.3042872,22.963177
GR86-035-011,11,4.0,15.965725551640904,24.08538426944341,82.06924242424242,1.293103448275862,5.0,150.0,1.754031494407592,2.163955656882057,0.0,0.0,62.38666767189572,40.73223118123691,2.4918181818181817,100.2108695652174,4.650263330185557,70.03761904761905,539.4305463015246,0.997085047594965,43.17252513613437,125.06060775862068,28.68659615568143,63.055,177.398,-0.0116624923557957,0.3392661917589028,-0.0987348059661642,0.7994011989947111,11,1,4,1:55.673,0,,39.143,0,38.131,0,38.399,0,119.5,8:53.056,14:14:41.879,0:39.143,0:38.131,0:38.399,180.0,,Am,,Toyota Gazoo Racing,GF,39.143,38.131,38.399,16.213,16.213,22.93,39.143,15.911,55.054,22.22,1:17.274,14.722,1:31.996,23.677,1:55.673,15.8,32.2,48.34,0.1744516722045754,0.3407175043048951,0,-0.4420925914498408,-0.5712202123446701,0.0140789677856532,72.75010746074119,27.24989253925881,22.61661199418239,0,0,-3.786455378556148,0,0,0,Maintain current pace,25.847676472810715,0,115.673,115.97,0.296999999999997,0,High,-0.41957013425470413,0,0.3042872,27.676306
GR86-035-011,11,5.0,16.10006427221172,25.06854675805576,92.11337662337662,1.3043478260869563,5.0,150.0,1.7538826122024278,2.163955656882057,0.0,0.0,66.62975340641516,40.796301582674936,2.4930434782608697,100.1709090909091,5.546912278332884,83.07326086956522,637.8949120082816,0.9008898922852756,43.38870052666032,126.88607826086955,30.301734154864256,65.13,179.99200000000002,-0.0088430474278151,0.361200240863791,-0.0961092251293296,0.8108669560421387,11,1,5,1:59.512,0,,40.549,0,39.904,0,39.059,0,115.6,10:52.568,14:16:41.391,0:40.549,0:39.904,0:39.059,178.2,,Am,,Toyota Gazoo Racing,FCY,40.549,39.904,39.059,16.579,16.579,23.97,40.549,16.878,57.427,23.026,1:20.453,15.003,1:35.456,24.056,1:59.512,15.8,32.2,48.34,0.2127065956626873,0.340199198467259,0,-0.3945956085320147,0.0022602223441335,0.0898984592702321,74.59091070821238,25.409089291787623,25.847676472810715,0,0,1.7701706767022571,0,0,0,Maintain current pace,50.09771229305778,0,119.512,115.97,3.5420000000000016,0,High,-0.39571301368373846,0,0.3042872,39.009136
GR86-035-011,11,6.0,16.874238070136823,24.938857626707662,87.72454545454546,1.3559322033898304,5.0,160.0,1.696256448851258,2.163955656882057,0.0,0.0,59.54746858659511,42.01557346792429,2.477727272727273,100.24238095238096,4.161991504750857,41.428333333333335,491.1149975606011,1.7314143128135877,41.88797264971167,122.587906779661,29.54012033462961,65.51,180.4625,-0.016119318418979,0.3272502183230123,-0.0929136539932936,0.77195941827837,11,1,6,2:49.448,0,,58.422,0,1:01.659,0,49.367,0,81.5,13:42.016,14:19:30.839,0:58.422,1:01.659,0:49.367,175.0,,Am,,Toyota Gazoo Racing,FCY,58.422,61.659,49.367,19.153,19.153,39.269,58.422,31.618,1:30.040,30.041,2:00.081,16.36,2:16.441,33.007,2:49.448,15.8,32.2,48.34,0.4331639534301261,0.1395843779618732,0,-0.176699845089779,-0.2681628776721795,0.1115240159888213,75.11595241261429,24.88404758738571,50.09771229305778,0,0,27.481100298875397,0,0,0,Maintain current pace,55.5332971464581,0,169.448,115.97,53.47800000000001,1,High,-0.45465692023273896,0,0.44939083,54.10356
GR86-035-011,11,7.0,1.0805194980204498,5.078221922077335,86.49348484848484,0.4389517569982132,5.0,737.0,0.3959169622500304,2.302585092994045,0.0,0.0,8.629653663866872,9.239333401591583,2.318695652173913,100.06391304347824,1.7594521823658276,117.555,2954.1202141922245,-67.68388302838815,117.6144593767594,11.308058599237407,28.641211500136023,0.0,177.48000000000002,-0.0111102688338779,0.0705951324298883,-0.0250505427597782,0.1746214802390518,11,1,7,2:47.542,0,,56.348,0,59.739,0,51.455,0,82.5,16:29.558,14:22:18.381,0:56.348,0:59.739,0:51.455,146.1,,Am,,Toyota Gazoo Racing,FCY,56.348,59.739,51.455,22.222,22.222,34.126,56.348,29.383,1:25.731,30.356,1:56.087,21.111,2:17.198,30.344,2:47.542,15.8,32.2,48.34,-4.064329342084581,-4.387306838287644,0,-4.05008486736029,-0.5873347561195976,-2.9823717179132885,0.0,100.0,55.5332971464581,0,0,29.68562067364739,0,0,0,Maintain current pace,58.77083094624408,0,167.542,115.97,51.572,1,,-0.6952992840672705,1,0.53467625,55.72089
GR86-035-011,11,8.0,10.14085414008854,14.11623731497369,64.76181818181819,1.2409638554216869,5.0,206.0,1.6983761420841437,2.163955656882057,0.0,0.0,27.709039973320127,32.24717176485976,2.461428571428572,100.16545454545454,1.8173127849744843,23.217045454545453,301.6739223057644,2.815285954958352,38.25556500462434,88.01353614457831,28.21520411326544,33.918,148.075,-0.0142515231689634,0.1831451364172802,-0.0606502624364139,0.5644880127759986,11,1,8,2:23.630,0,,48.515,0,49.600,0,45.515,0,96.2,18:53.188,14:24:42.011,0:48.515,0:49.600,0:45.515,174.2,,Am,,Toyota Gazoo Racing,GF,48.515,49.6,45.515,22.440,22.440,26.075,48.515,23.576,1:12.091,26.024,1:38.115,15.313,1:53.428,30.202,2:23.630,15.8,32.2,48.34,-1.48426600096855,0.1469636975749187,0,-0.6623336214776445,-0.7385954542932471,-0.5817484645478067,58.28415614801139,41.71584385198861,58.77083094624408,0,0,8.673118653186293,0,0,0,Maintain current pace,31.108083907935598,1,143.63,115.97,27.66,0,Medium,-0.4580977682137433,0,0.67983884,31.567924
GR86-035-011,11,9.0,13.67995463570844,18.500904980182444,86.58590909090908,1.3636363636363635,5.0,195.0,1.6810730142121817,2.302585092994045,0.0,0.0,36.48353996328361,36.18918105042712,2.460454545454545,100.1809090909091,2.48986607261056,47.86717391304347,356.05084838331004,2.462646344159885,39.47640831295292,102.68276223776223,26.193521489291435,64.2075,175.68,-0.0109588404689531,0.2444441866671382,-0.0870471328622021,0.654740281140889,11,1,9,1:55.891,0,,39.668,0,38.006,0,38.217,0,119.2,20:49.079,14:26:37.902,0:39.668,0:38.006,0:38.217,181.2,,Am,,Toyota Gazoo Racing,GF,39.668,38.006,38.217,16.769,16.769,22.899,39.668,15.735,55.403,22.271,1:17.674,14.566,1:32.240,23.651,1:55.891,15.8,32.2,48.34,-0.4764551628480902,0.0867260608774737,0,-0.1441569713289258,-1.4564260239324995,-0.2885211817276475,65.40335101325637,34.59664898674363,31.108083907935598,0,0,-24.42521323852251,1,0,1,Focus dropped 24 points - consider radio reminder,23.592647849836528,0,115.891,115.97,0.0790000000000077,0,Medium,-0.3873395961336109,0,0.3042872,27.469482
GR86-035-011,11,10.0,18.58638201621945,24.830158253900265,90.17541501976284,1.565217391304348,5.0,180.0,1.7323958087568925,2.163955656882057,0.0,0.0,65.00322293963126,39.63001522752104,2.4782608695652173,100.24636363636364,5.55492474979337,70.93304347826087,638.8163462262376,1.1164847502843722,41.96901523151269,126.16813913043478,29.93216621998522,61.366,180.4225,-0.0090430731839049,0.3564516917558664,-0.0958871275542353,0.8084476503467907,11,1,10,1:56.375,0,,39.971,0,38.154,0,38.250,0,118.7,22:45.454,14:28:34.277,0:39.971,0:38.154,0:38.250,180.0,,Am,,Toyota Gazoo Racing,GF,39.971,38.154,38.25,16.077,16.077,23.894,39.971,15.916,55.887,22.238,1:18.125,14.564,1:32.689,23.686,1:56.375,15.8,32.2,48.34,0.9207220850570628,0.2653968697022456,0,0.7073343951615756,-0.1289607507545759,0.4357699271414589,82.98824111492546,17.011758885074542,23.592647849836528,0,0,-35.17818309640755,1,0,1,Focus dropped 35 points - consider radio reminder,19.17465644212342,0,116.375,115.97,0.4050000000000011,0,High,-0.4177569647151262,0,0.3042872,22.512758
GR86-035-011,11,11.0,17.296228104157972,23.212839178345185,82.4273320158103,1.5217391304347827,5.0,175.0,1.780557061544334,2.163955656882057,0.0,0.0,64.08159598137522,40.155189571640456,2.4823809523809524,100.16739130434782,5.5015615144150125,84.14869565217391,632.6795741577264,0.6257413080734144,43.981412300440944,125.77805652173912,30.12858407825321,62.014,181.665,-0.0130114823921808,0.3551958620435243,-0.091027927193248,0.8189246888759937,11,1,11,1:56.216,0,,39.573,0,38.298,0,38.345,0,118.9,24:41.670,14:30:30.493,0:39.573,0:38.298,0:38.345,179.1,,Am,,Toyota Gazoo Racing,GF,39.573,38.298,38.345,16.849,16.849,22.724,39.573,15.838,55.411,22.46,1:17.871,14.696,1:32.567,23.649,1:56.216,15.8,32.2,48.34,0.5533318125772974,0.43306135613332,0,0.5236793945459775,-0.0592194662345147,0.3468948453649644,80.83046432230859,19.16953567769141,19.17465644212342,0,0,-11.933427465812173,1,0,1,Focus dropped 12 points - consider radio reminder,20.830082754673047,0,116.216,115.97,0.2460000000000093,0,High,-0.3771218171894502,0,0.3042872,21.71179
GR86-035-011,11,12.0,16.324504285420023,22.8540441867768,86.76181818181817,1.4649122807017545,5.0,167.0,1.798040118123124,2.302585092994045,0.0,0.0,65.34710758575356,39.99170572985496,2.3868181818181817,100.13869565217392,5.73531767907912,82.02071428571428,653.8262154150198,1.9883687089983004,42.813370864034695,126.51451769911505,30.531213558680488,64.08,180.10750000000002,-0.0154684490578896,0.3662332480862655,-0.0836208237667649,0.8165694801420301,11,1,12,1:56.467,0,,39.951,0,38.217,0,38.299,0,118.6,26:38.137,14:32:26.960,0:39.951,0:38.217,0:38.299,181.2,,Am,,Toyota Gazoo Racing,GF,39.951,38.217,38.299,16.274,16.274,23.677,39.951,16.099,56.050,22.118,1:18.168,14.649,1:32.817,23.65,1:56.467,15.8,32.2,48.34,0.2766191853444918,0.4939253813169132,0,0.283639086723836,0.0837405344408358,0.2573870173852348,78.65732523639569,21.342674763604307,20.830082754673047,0,1,-2.762565095163481,0,0,1,Steering indecision - check driver fatigue or track confidence,22.570744279214647,0,116.467,115.97,0.4969999999999999,0,High,-0.37529652504879285,0,0.3042872,22.569437
GR86-035-011,11,13.0,16.841637551695786,22.85551235590784,88.24339826839827,1.4655172413793105,5.0,170.0,1.729427610988757,2.163955656882057,0.0,0.0,59.81167344296922,40.44726431997256,2.4860869565217394,100.23181818181818,5.071636628925797,97.105,588.3098489553925,1.0516283779675444,41.49214479627965,125.96678448275864,30.220967979866323,65.574,180.356,-0.0098933265808995,0.3377338853896609,-0.0911051280451708,0.8044381070574843,11,1,13,1:55.734,0,,39.455,0,38.019,0,38.260,0,119.4,28:33.871,14:34:22.694,0:39.455,0:38.019,0:38.260,180.0,,Am,,Toyota Gazoo Racing,GF,39.455,38.019,38.26,16.178,16.178,23.277,39.455,15.906,55.361,22.113,1:17.474,14.652,1:32.126,23.608,1:55.734,15.8,32.2,48.34,0.4238804770626466,0.2550636386167355,0,0.2861944799568421,-0.0264170926403451,0.2312175155024696,78.02196217727658,21.978037822723422,22.570744279214647,0,0,3.396087837091226,0,0,0,Maintain current pace,21.899624624488567,0,115.734,115.97,0.23599999999999,0,High,-0.37665797632215314,0,0.3042872,23.054922
GR86-035-011,11,14.0,16.047446658319625,24.68268688111693,93.29658385093168,1.434782608695652,5.0,165.0,1.70081022006551,2.163955656882057,0.0,0.0,65.86053544764856,41.24254853143663,2.49,100.2104347826087,5.458554694852456,77.87021739130435,627.7337899080325,1.4065749383107862,41.0142171424224,126.64307971014492,30.582039059945124,64.26,180.954,-0.0088248170636778,0.3581251933768549,-0.0915801785161411,0.8127344032388872,11,1,14,1:54.827,0,,39.151,0,37.735,0,37.941,2,120.3,30:28.698,14:36:17.521,0:39.151,0:37.735,0:37.941,184.3,,Am,,Toyota Gazoo Racing,GF,39.151,37.735,37.941,16.200,16.200,22.951,39.151,15.784,54.935,21.951,1:16.886,14.411,1:31.297,23.53,1:54.827,15.8,32.2,48.34,0.1977229574127643,0.1554374894939152,0,0.1563693933147804,0.1017869370227001,0.1318103622967951,75.60847974868379,24.39152025131621,21.899624624488567,0,0,1.06954186981552,0,0,0,Maintain current pace,22.470673110726317,0,114.827,115.97,1.143000000000001,0,High,-0.37236389192731634,0,0.3042872,22.563871
GR86-035-011,11,15.0,16.73863822104669,24.844860191689584,91.36614624505928,1.4912280701754386,5.0,170.0,1.8256404885169344,2.163955656882057,0.0,0.0,67.22718141411362,40.588235870567296,2.464,100.21304347826089,6.298021784946556,91.71739130434784,717.9744834839074,-0.0281770619079417,44.09623254465981,127.53449122807018,30.724197736019832,63.614,182.81,-0.010047964317388,0.3670719230997534,-0.0943216780683419,0.8266661626360815,11,1,15,1:54.731,0,,38.900,0,37.831,0,38.000,0,120.4,32:23.429,14:38:12.252,0:38.900,0:37.831,0:38.000,183.1,,Am,,Toyota Gazoo Racing,GF,38.9,37.831,38.0,16.270,16.270,22.63,38.900,15.774,54.674,22.057,1:16.731,14.398,1:31.129,23.602,1:54.731,15.8,32.2,48.34,0.3945499051063587,0.5900109617275693,0,0.3947986923595922,0.1522626359359542,0.3403137794113341,80.67068420057393,19.32931579942607,22.470673110726317,0,1,-0.1000711684883342,0,0,1,Steering indecision - check driver fatigue or track confidence,21.248655239754555,0,114.731,115.97,1.2390000000000043,0,High,-0.40727913320638676,0,0.3042872,22.974194
GR86-035-011,11,16.0,16.05886762334378,22.08061705913806,90.32815734989649,1.4035087719298245,5.0,160.0,1.7542316917727383,2.025326220770068,0.0,0.0,65.67508201650544,39.59493191045738,2.5031818181818184,100.20238095238096,5.740234161655787,79.59642857142858,654.3866944287597,1.36941315348909,42.1264035162877,127.66994736842103,30.6155862125617,65.1,183.47,-0.0083928743744111,0.3633259404524255,-0.0926926342014804,0.8318121663823277,11,1,16,1:55.970,0,,39.868,0,37.973,0,38.129,0,119.1,34:19.399,14:40:08.222,0:39.868,0:37.973,0:38.129,183.1,,Am,,Toyota Gazoo Racing,GF,39.868,37.973,38.129,16.136,16.136,23.732,39.868,15.876,55.744,22.097,1:17.841,14.566,1:32.407,23.563,1:55.970,15.8,32.2,48.34,0.2009752449212379,0.3414144543730388,0,0.024266673573736,0.113698387112326,0.160656026816924,76.30881671856334,23.691183281436665,21.248655239754555,0,0,-0.6509693847340117,0,0,0,Maintain current pace,22.593880823586108,0,115.97,115.97,0.0,0,High,-0.3872704966246313,0,0.3042872,22.03726
GR86-035-011,11,17.0,16.74088479059825,23.50967461268226,86.70281573498964,1.4782608695652173,5.0,170.0,1.765027349005619,2.1639556568820564,0.0,0.0,64.67091745543615,40.33502841092555,2.500909090909091,100.21181818181816,5.8172559674376405,106.38565217391304,668.9844362553287,1.0620630866276075,43.5764450918998,126.42318260869564,30.816365063969428,64.626,183.592,-0.010887245564217,0.3613109267409144,-0.0914842543188468,0.819294307496078,11,1,17,1:55.159,0,,39.161,0,37.997,0,38.001,0,120.0,36:14.558,14:42:03.381,0:39.161,0:37.997,0:38.001,181.2,,Am,,Toyota Gazoo Racing,GF,39.161,37.997,38.001,16.090,16.090,23.071,39.161,15.923,55.084,22.074,1:17.158,14.485,1:31.643,23.516,1:55.159,15.8,32.2,48.34,0.3951896487772317,0.3789975366409659,0,0.3400243939303785,0.1849881116063814,0.2828087490436058,79.27453336159907,20.72546663840093,22.593880823586108,0,0,0.123207712859795,0,0,0,Maintain current pace,20.89611604697493,0,115.159,115.97,0.811000000000007,0,High,-0.37819623684115394,0,0.3042872,22.954195
GR86-035-011,11,18.0,16.492774730582088,20.92656927331044,81.46814229249011,1.4473684210526316,5.0,165.0,1.7188605739260474,2.163955656882057,0.0,0.0,62.17185177930785,39.5059685203846,2.4895652173913048,100.1790476190476,5.116572128022192,69.05785714285715,583.2892225945299,1.7508541623978815,41.89602029877719,127.33928947368422,30.03432517343161,65.636,181.358,-0.0080104525711685,0.3500122951488505,-0.0994356731663428,0.8267794910046853,11,1,18,1:56.693,0,,39.093,0,37.696,0,39.904,0,118.4,38:11.251,14:44:00.074,0:39.093,0:37.696,0:39.904,180.0,,Am,,Toyota Gazoo Racing,GF,39.093,37.696,39.904,16.271,16.271,22.822,39.093,15.699,54.792,21.997,1:16.789,16.118,1:32.907,23.786,1:56.693,15.8,32.2,48.34,0.324536665670232,0.2182764551512896,0,0.2095326829666646,-0.0926875895389824,0.1740912569799934,76.63500744907927,23.36499255092073,20.89611604697493,0,0,-0.35253919277962,0,0,0,Maintain current pace,21.98250848804402,0,116.693,115.97,0.722999999999999,0,High,-0.38564556447960663,0,0.3042872,22.387388
GR86-035-011,11,19.0,17.230561331347314,25.37385652937145,88.38272727272728,1.4655172413793105,5.0,170.0,1.7800404428594272,2.302585092994045,0.0,0.0,65.79134421242046,40.603413077306094,2.5056521739130435,100.18130434782609,5.803471941788845,63.70659090909091,673.2027452475061,1.2210051211578086,44.71912070254009,125.92750431034484,31.965633890197697,60.604,180.8975,-0.0134651607637739,0.3611209347759598,-0.0942226104181333,0.8165580300505852,11,1,19,1:55.132,0,,39.037,0,38.067,0,38.028,0,120.0,40:06.383,14:45:55.206,0:39.037,0:38.067,0:38.028,181.2,,Am,,Toyota Gazoo Racing,GF,39.037,38.067,38.028,16.296,16.296,22.741,39.037,15.719,54.756,22.348,1:17.104,14.514,1:31.618,23.514,1:55.132,15.8,32.2,48.34,0.5346322346973018,0.4312628438133044,0,0.2861944799568421,0.5930542869877664,0.3704399820548196,81.40211104839686,18.59788895160314,21.98250848804402,0,0,-0.6113723355420895,0,0,0,Maintain current pace,21.385915783189414,0,115.132,115.97,0.8379999999999939,0,High,-0.4205636796697852,0,0.3042872,22.695166
GR86-035-011,11,20.0,15.829220250031993,22.91536776600821,90.68487414187643,1.4473684210526316,5.0,165.0,1.7286993276837712,2.163955656882057,0.0,0.0,64.97510071587494,39.90901181001711,2.495652173913044,100.21136363636364,5.770872106106156,75.07863636363636,657.8794200961017,1.145435764512339,41.99109827609983,127.0669634502924,30.67087597091713,63.255,181.53,-0.0103918578880499,0.3658223550329903,-0.0936238904427496,0.8275837523545759,11,1,20,1:54.622,0,,38.634,2,37.938,0,38.050,0,120.6,42:01.005,14:47:49.828,0:38.634,0:37.938,0:38.050,184.3,,Am,,Toyota Gazoo Racing,GF,38.634,37.938,38.05,16.014,16.014,22.62,38.634,15.854,54.488,22.084,1:16.572,14.45,1:31.022,23.6,1:54.622,15.8,32.2,48.34,0.1355797829794386,0.252528255103236,0,0.2095326829666646,0.1333298951763765,0.1485688906322779,76.01535603839181,23.984643961608185,21.385915783189414,0,0,0.4897997362144828,0,0,0,Maintain current pace,23.33447570565942,0,114.622,115.97,1.347999999999999,0,High,-0.36212589971600584,0,0.3042872,22.166628
GR86-035-011,11,21.0,16.995242771567295,24.608642709179733,85.54132411067192,1.4912280701754386,5.0,170.0,1.6951302227446132,2.163955656882057,0.0,0.0,67.51307431210445,40.07731095867895,2.4842857142857144,100.18136363636364,6.463532223462233,88.27909090909091,736.8426734746946,0.0168720755270799,42.23919884091818,127.92335818713453,30.70055680191336,65.022,181.9075,-0.009632045077649,0.3713640144077006,-0.1010197939764813,0.8219963265508553,11,1,21,1:54.601,0,,38.750,0,37.772,0,38.079,0,120.6,43:55.606,14:49:44.429,0:38.750,0:37.772,0:38.079,181.2,,Am,,Toyota Gazoo Racing,GF,38.75,37.772,38.079,16.150,16.150,22.6,38.750,15.791,54.541,21.981,1:16.522,14.558,1:31.080,23.521,1:54.601,15.8,32.2,48.34,0.4676218191268163,0.1356636302477462,0,0.3947986923595922,0.1438685462825069,0.2478091117821709,78.42478556364307,21.57521443635693,23.33447570565942,0,0,1.3519672176153996,0,0,0,Maintain current pace,22.65254757540738,0,114.601,115.97,1.3689999999999998,0,High,-0.40225447259726965,0,0.3042872,23.686247
GR86-035-011,11,22.0,14.767133062256752,21.61739452959115,92.19698412698412,1.4957264957264955,5.0,175.0,1.7890386937358769,2.163955656882057,0.0,0.0,66.07039266605362,40.11139655364512,2.4985714285714287,100.1717391304348,5.604520620013373,78.60363636363637,655.7289125415647,1.1884760016377105,41.34792002419288,128.4725,30.35194733647874,63.215,180.706,-0.0037607045312232,0.3612580876057379,-0.0865621442489482,0.8179344377937141,11,1,22,1:54.517,2,,38.831,0,37.686,2,38.000,0,120.7,45:50.123,14:51:38.946,0:38.831,0:37.686,0:38.000,184.3,,Am,,Toyota Gazoo Racing,GF,38.831,37.686,38.0,16.038,16.038,22.793,38.831,15.65,54.481,22.036,1:16.517,14.376,1:30.893,23.624,1:54.517,15.8,32.2,48.34,-0.1668651405805187,0.462588588569913,0,0.4138003343486097,0.0200892110955293,0.129666576230167,75.55643128098686,24.443568719013143,22.65254757540738,0,1,1.2666317922179609,0,0,1,Steering indecision - check driver fatigue or track confidence,23.1912141449326,0,114.517,115.97,1.453000000000003,0,High,-0.37472474045069837,0,0.3042872,23.757864
GR86-035-011,11,23.0,17.109493451492625,23.329497200605697,86.18267942583732,1.3695652173913044,5.0,315.0,1.7440832356001403,2.163955656882057,0.0,0.0,64.05846149214761,40.07893768155552,2.489090909090909,100.1595652173913,5.809493484807568,98.97695652173913,1336.1835015057409,-2.917521526147384,42.42394475955921,126.72608985507246,30.974964369546985,65.125,182.5725,-0.0083016969839101,0.3519521574336519,-0.0936101313043736,0.8241121442800173,11,1,23,1:55.066,0,,38.942,0,37.800,0,38.324,0,120.1,47:45.189,14:53:34.012,0:38.942,0:37.800,0:38.324,180.0,,Am,,Toyota Gazoo Racing,FF,38.942,37.8,38.324,16.072,16.072,22.87,38.942,15.706,54.648,22.094,1:16.742,14.519,1:31.261,23.805,1:55.066,15.8,32.2,48.34,0.5001563780165353,0.3060844827928436,0,-0.1191131076086162,0.2413013175058013,0.2328311997124592,78.06114042914794,21.93885957085206,23.1912141449326,0,0,-0.1432615607268168,0,0,0,Maintain current pace,,0,115.066,115.97,0.9039999999999964,0,High,-0.3802506117618754,0,0.3042872,23.20471
GR86-036-098,98,1.0,13.34954721888044,21.079843083915787,85.55780632411069,2.1739130434782608,5.0,600.0,1.0020624372271123,2.302585092994045,0.0,0.0,22.323427277847934,31.035083349070668,2.4633333333333334,100.13272727272728,5.178379998203564,49.45636363636363,1429.2328795041835,-5.238032292903172,39.43146915954147,54.991105616605616,48.66815668105959,0.0,134.422,0.0026405288065354,0.1719317931484808,-0.0353804161745549,0.4681474093769769,98,1,1,2:42.850,0,,54.446,0,51.178,0,57.226,0,84.8,2:42.850,14:08:31.673,0:54.446,0:51.178,0:57.226,134.2,,Am,,Toyota Gazoo Racing,GF,54.446,51.178,57.226,,,,54.446,22.267,1:16.713,28.911,1:45.624,20.921,2:06.545,36.305,2:42.850,15.8,32.2,48.34,-0.1964300139166778,-3.350480538058896,0,2.8130602506251168,2.797411444820613,-0.1948489566138984,67.67759649830178,32.32240350169822,27.776612302422613,0,0,,0,0,0,Maintain current pace,26.345949232085303,0,162.85,112.908,49.94199999999999,0,High,-0.4854835478115462,0,0.3042872,26.07135
GR86-036-098,98,2.0,15.407224199357035,22.30600136467984,93.529875,1.412280701754386,5.0,161.0,1.7802040500170613,2.163955656882057,0.0,0.0,71.37666689930874,37.59899616871296,2.4766666666666666,100.17304347826088,6.43518551861728,72.0425,733.61114912237,-8.936883624304786,42.77507994689368,126.01938596491227,30.00691301928704,67.61,188.016,0.0163676283698168,0.3743605673085084,-0.1086101768426206,0.7946344717430336,98,1,2,1:56.537,0,,41.100,0,37.666,0,37.771,0,118.6,4:39.387,14:10:28.210,0:41.100,0:37.666,0:37.771,187.2,,Am,,Toyota Gazoo Racing,GF,41.1,37.666,37.771,17.460,17.460,23.64,41.100,15.803,56.903,21.863,1:18.766,14.215,1:32.981,23.556,1:56.537,15.8,32.2,48.34,0.6456810933208437,0.4594168391150352,0,-0.6919205307485852,-0.2515291207175206,0.179617546090972,76.76917889685299,23.230821103147008,26.345949232085303,0,0,,0,0,0,Maintain current pace,22.473882212651915,0,116.537,112.908,3.629000000000005,0,High,-0.3972469856648574,0,0.3042872,25.130823
GR86-036-098,98,3.0,14.530659685749663,20.772957574471675,74.18904761904763,1.5044247787610618,5.0,170.0,1.79136724068663,2.302585092994045,0.0,0.0,68.94699616597183,38.44126552617247,2.4712500000000004,100.17809523809522,5.949984603251894,61.19909090909091,672.3482601674641,-6.197666715005531,42.63766492759902,128.9191150442478,31.22472987873618,67.304,186.0075,0.0142756985146429,0.3550577138919015,-0.0790845913806696,0.8590321944735325,98,1,3,1:53.887,0,,38.352,0,37.635,0,37.900,0,121.3,6:33.274,14:12:22.097,0:38.352,0:37.635,0:37.900,188.2,,Am,,Toyota Gazoo Racing,GF,38.352,37.635,37.9,15.790,15.790,22.562,38.352,15.677,54.029,21.958,1:15.987,14.281,1:30.268,23.619,1:53.887,15.8,32.2,48.34,0.2869441680780627,0.5140734853524632,0,-0.2678796893436309,-0.052557857522619,0.1691638826077281,76.51537690858932,23.484623091410683,22.473882212651915,0,1,-5.302730089770698,0,0,1,Steering indecision - check driver fatigue or track confidence,22.09517971492553,0,113.887,112.908,0.9789999999999992,0,High,-0.3824904205569533,0,0.3042872,24.104366
GR86-036-098,98,4.0,14.501963415325909,21.133524463852268,88.36694235588973,1.6071428571428572,5.0,180.0,1.8263926008322808,2.302585092994045,0.0,0.0,68.7464607899059,38.28968732385379,2.573157894736842,100.15478260869564,6.439491540955367,80.60195652173913,721.2230525870011,-6.254916294949608,43.72918577942576,129.10687053571428,31.480810651683388,65.47,188.642,0.0136326570183669,0.375430793574258,-0.0776623460495164,0.8629765722877362,98,1,4,1:53.377,0,,38.295,0,37.172,0,37.910,0,121.9,8:26.651,14:14:15.474,0:38.295,0:37.172,0:37.910,189.1,,Am,,Toyota Gazoo Racing,GF,38.295,37.172,37.91,15.614,15.614,22.681,38.295,15.46,53.755,21.712,1:15.467,14.335,1:29.802,23.575,1:53.377,15.8,32.2,48.34,0.2752001245331239,0.6855628718087937,0,0.2048219947956635,-0.0107184672416532,0.2836022078073198,79.29379755660194,20.706202443398052,22.09517971492553,0,1,-4.250769517159771,0,0,1,Steering indecision - check driver fatigue or track confidence,35.14950243368164,0,113.377,112.908,0.4690000000000083,0,High,-0.3764729518258966,0,0.3042872,29.857561
GR86-036-098,98,5.0,14.571196093052556,18.051332369098244,85.06695652173912,1.879032258064516,5.0,233.0,1.6578722205911285,2.163955656882057,0.0,0.0,41.45548067515681,37.18544963723723,2.43,100.09,3.6671731883738414,63.377500000000005,454.7294753583564,-7.286188708521698,40.94537641219174,117.70558602150538,28.598161089187965,60.552,182.854,-0.0038510449577447,0.2531468954837284,-0.0557613778592002,0.7780168144047983,98,1,5,2:04.997,0,,38.112,0,39.188,0,47.697,0,110.5,10:31.648,14:16:20.471,0:38.112,0:39.188,0:47.697,180.0,,Am,,Toyota Gazoo Racing,FCY,38.112,39.188,47.697,15.628,15.628,22.484,38.112,15.969,54.081,23.219,1:17.300,17.24,1:34.540,30.457,2:04.997,15.8,32.2,48.34,0.3035338267859926,-0.1395380405805725,0,1.4560387206146883,-0.4816960369374673,0.2264118422891111,77.90528639003215,22.09471360996785,35.14950243368164,0,0,12.675620221029725,0,0,0,Maintain current pace,41.57184391727906,0,124.997,112.908,12.089,0,High,-0.39726141440723794,0,0.59724104,37.02046
GR86-036-098,98,6.0,6.920922969073272,9.292271884194452,75.50588744588744,1.3966244725738397,5.0,331.0,1.212432130101308,2.302585092994045,0.0,0.0,12.981312181215856,13.57394734124778,2.4185000000000003,93.08913043478262,1.018761074708481,29.47525,241.44637470591,-12.893142117755254,40.072373600664505,64.53668447293448,37.60786230494407,0.0,134.6375,-0.0032185504813896,0.1274113347309359,-0.0407482154466366,0.4148964238312809,98,1,6,2:55.378,0,,1:03.653,0,57.827,0,53.898,0,78.8,13:27.026,14:19:15.849,1:03.653,0:57.827,0:53.898,134.2,,Am,,Toyota Gazoo Racing,FCY,63.653,57.827,53.898,23.185,23.185,40.468,1:03.653,28.34,1:31.993,29.487,2:01.480,20.464,2:21.944,33.434,2:55.378,15.8,32.2,48.34,-2.8273657421111023,-2.32047915020787,0,-0.763969443827031,0.9903410908113792,-1.4438908176782148,37.35240875232101,62.647591247679,41.57184391727906,0,0,19.47666420235353,0,0,0,Maintain current pace,34.863313921930306,0,175.378,112.908,62.46999999999999,1,Medium,-0.5306860214917065,0,0.3524453,41.538162
GR86-036-098,98,7.0,13.951037710778758,16.430113548895164,76.90280632411067,1.2710843373493976,5.0,211.0,1.6220521357285194,2.163955656882057,0.0,0.0,19.41356309392564,19.5746446368757,2.42,100.02454545454545,1.5258366461351494,30.815952380952385,253.2888832584348,-6.23128673504202,37.17234132212,88.1723765060241,16.556622971747473,50.620000000000005,134.87,-0.010453528737533,0.1736165615491341,-0.0513595428881218,0.5676484918049441,98,1,7,2:47.364,0,,54.879,0,1:00.534,0,51.951,0,82.6,16:14.390,14:22:03.213,0:54.879,1:00.534,0:51.951,133.0,,Am,,Toyota Gazoo Racing,FCY,54.879,60.534,51.951,22.438,22.438,32.441,54.879,27.195,1:22.074,33.339,1:55.413,18.985,2:14.398,32.966,2:47.364,15.8,32.2,48.34,0.0497319585072029,-0.3149185177650525,0,-1.3416966977101783,-2.4490854941013693,-0.509973095955766,60.02677310580967,39.97322689419033,34.863313921930306,0,0,-0.2861885117513338,0,0,0,Maintain current pace,22.06966294729372,0,167.364,112.908,54.456,1,Medium,-0.4306883156500059,0,0.59724104,28.503155
GR86-036-098,98,8.0,21.74108679392256,23.285505842238862,88.01492753623188,2.1156462585034013,5.0,311.0,1.612919498204478,2.302585092994045,0.0,0.0,35.759280007068554,34.76220453958668,2.438823529411765,100.0208695652174,1.7771589105327543,38.90675,261.2423598483149,-6.632328877568905,37.8731734814528,99.32305782312925,18.82601789744868,64.2,161.882,0.0109203595424717,0.1993016938568193,-0.0679119350958904,0.638143530406968,98,1,8,2:28.060,0,,47.389,0,48.395,0,52.276,0,93.3,18:42.450,14:24:31.273,0:47.389,0:48.395,0:52.276,135.0,,Am,,Toyota Gazoo Racing,GF,47.389,48.395,52.276,21.559,21.559,25.83,47.389,22.194,1:09.583,26.201,1:35.784,19.99,1:55.774,32.286,2:28.060,15.8,32.2,48.34,3.237835300811898,-0.3596332729942108,0,2.544920427325233,-2.0783036548196256,1.055349970611839,98.03087637607842,1.9691236239215757,22.06966294729372,1,0,-19.502180969985343,1,0,2,High error bursts detected - suggest 1-lap cool down | Focus dropped 20 points - consider radio reminder,17.30859265098627,0,148.06,112.908,35.152,0,High,-0.4656472707330281,0,0.3042872,19.708002
GR86-036-098,98,9.0,13.77123757541294,20.72550195315124,92.5939523809524,1.6071428571428572,5.0,180.0,1.781443744930758,2.163955656882057,0.0,0.0,70.26730007784288,38.33577527835809,2.4566666666666666,100.049,6.590313509185572,73.80125000000001,738.1151130287841,-7.673047039840831,43.07258852620562,129.9813779761905,31.36369296943797,68.32,187.895,0.0112529078010529,0.3813651717240853,-0.0755111443880868,0.8706374578372554,98,1,9,1:52.908,0,,38.110,0,37.140,0,37.658,0,122.4,20:35.358,14:26:24.181,0:38.110,0:37.140,0:37.658,188.2,,Am,,Toyota Gazoo Racing,GF,38.11,37.14,37.658,15.764,15.764,22.346,38.110,15.416,53.526,21.724,1:15.250,14.186,1:29.436,23.472,1:52.908,15.8,32.2,48.34,-0.0238518413364906,0.4654865702829328,0,0.2048219947956635,-0.0298535719973639,0.1369540321893991,75.73336167623076,24.266638323769243,17.30859265098627,0,0,-17.554721270944036,1,0,1,Focus dropped 18 points - consider radio reminder,24.461516264079098,0,112.908,112.908,0.0,0,High,-0.3684072192766833,0,0.3042872,23.031647
GR86-036-098,98,10.0,13.091146269815225,21.828127371531608,90.34759090909093,1.5625,5.0,175.0,1.8249962400312192,2.163955656882057,0.0,0.0,70.90749588704232,39.08162059405077,2.447222222222222,100.07454545454544,6.39601622401483,83.73619047619047,716.353817089661,-7.86980681121176,41.99439772911096,129.56982886904763,31.509305150301,65.962,189.32,0.0131043444780658,0.3847787395777642,-0.0763512795936452,0.8641588690094842,98,1,10,1:53.016,0,,37.877,0,37.504,0,37.635,0,122.3,22:28.374,14:28:17.197,0:37.877,0:37.504,0:37.635,189.1,,Am,,Toyota Gazoo Racing,GF,37.877,37.504,37.635,15.578,15.578,22.299,37.877,15.754,53.631,21.75,1:15.381,14.199,1:29.580,23.436,1:53.016,15.8,32.2,48.34,-0.3021814566324993,0.6787260810934393,0,-0.0006214294648759,-0.0060629344001912,0.0783275754238595,74.30998399473201,25.690016005267992,24.461516264079098,0,1,2.3918533167853795,0,0,1,Steering indecision - check driver fatigue or track confidence,24.27060491127808,0,113.016,112.908,0.1079999999999898,0,High,-0.37120441642133234,0,0.3042872,25.254436
GR86-036-098,98,11.0,14.30500058319736,21.24691611444172,92.48272727272727,1.5625,5.0,175.0,1.7820639355403205,2.163955656882057,0.0,0.0,69.1250689471818,38.37914147668663,2.4905263157894737,100.07260869565218,6.432360426957604,83.33795454545454,720.4243678192516,-6.31954785307395,41.64173026898782,130.09319345238094,31.30680222350629,64.06,185.31,0.0139795418097462,0.3692188595336064,-0.0741675266605454,0.867582599582765,98,1,11,1:52.631,0,,37.721,0,37.174,0,37.736,0,122.7,24:21.005,14:30:09.828,0:37.721,0:37.174,0:37.736,185.2,,Am,,Toyota Gazoo Racing,GF,37.721,37.174,37.736,15.539,15.539,22.182,37.721,15.455,53.176,21.719,1:14.895,14.276,1:29.171,23.46,1:52.631,15.8,32.2,48.34,0.1945924342969272,0.4685231159937424,0,-0.0006214294648759,-0.0391485850317921,0.1715004363646031,76.57210553679994,23.42789446320006,24.27060491127808,0,0,6.962012260291811,0,0,0,Maintain current pace,24.503327539803426,0,112.631,112.908,0.277000000000001,0,High,-0.36642382246475774,0,0.3042872,23.978981
GR86-036-098,98,12.0,14.71392475376705,23.655122187603663,95.34543859649122,1.3839285714285714,5.0,155.0,1.8242040431077304,2.302585092994045,0.0,0.0,71.09637172727597,38.54751088514472,2.834090909090909,100.06727272727272,7.017120875286527,87.64690476190476,785.917538032091,-6.429748389326954,42.38309738472316,129.85269196428573,31.9508351099988,67.15,186.835,0.0125173528308938,0.3739381328070921,-0.0724622918969439,0.8579500873433022,98,1,12,1:52.918,0,,38.177,0,37.171,0,37.570,0,122.4,26:13.923,14:32:02.746,0:38.177,0:37.171,0:37.570,189.1,,Am,,Toyota Gazoo Racing,GF,38.177,37.171,37.57,15.528,15.528,22.649,38.177,15.415,53.592,21.756,1:15.348,14.24,1:29.588,23.33,1:52.918,15.8,32.2,48.34,0.3619460030649784,0.6748473668190752,0,-0.8223951265070328,0.0660758056228393,0.1605439542104913,76.30609573463381,23.693904265366186,24.503327539803426,0,1,0.0418112757243243,0,0,1,Steering indecision - check driver fatigue or track confidence,25.05111442244177,0,112.918,112.908,0.0100000000000051,0,High,-0.36836904580174,0,0.3042872,24.62463
GR86-036-098,98,13.0,13.5641102016135,20.398828801117016,91.24388095238096,1.576576576576577,5.0,175.0,1.7471428912889635,2.302585092994045,0.0,0.0,68.68116620432987,38.24900521327173,2.4861538461538464,100.04227272727272,6.268944325190488,81.41976190476191,695.8528200961442,-7.136644480508055,43.46110277544417,129.85265765765766,31.433014925882105,66.8675,188.956,0.0147682984827132,0.3687459196821537,-0.0830959774024503,0.8727131270974051,98,1,13,1:52.524,0,,37.708,0,37.129,0,37.687,0,122.8,28:06.447,14:33:55.270,0:37.708,0:37.129,0:37.687,188.2,,Am,,Toyota Gazoo Racing,GF,37.708,37.129,37.687,15.502,15.502,22.206,37.708,15.379,53.087,21.75,1:14.837,14.261,1:29.098,23.426,1:52.524,15.8,32.2,48.34,-0.1086194038569431,0.2975444757120614,0,0.0641580286352955,-0.018527503439674,0.0495712517222593,73.61181610915598,26.38818389084402,25.05111442244177,0,0,0.7805095111636895,0,0,0,Maintain current pace,25.93702970604158,0,112.524,112.908,0.3840000000000003,0,High,-0.36647601339137753,0,0.3042872,25.276537
GR86-036-098,98,14.0,13.850919257090707,20.562450357963844,89.113125,1.5178571428571428,5.0,170.0,1.794562118582703,2.163955656882057,0.0,0.0,68.20081362969157,38.29241257772224,2.5058333333333334,100.03190476190476,6.943626679558517,81.14704545454546,777.6861881105539,-7.587393537950945,41.64324772214319,130.02119940476192,31.52600317888956,65.59400000000001,188.72,0.0135542506456547,0.3764763813348821,-0.0775845004350294,0.8696145259153004,98,1,14,1:52.620,0,,37.917,0,37.067,0,37.636,0,122.7,29:59.067,14:35:47.890,0:37.917,0:37.067,0:37.636,189.1,,Am,,Toyota Gazoo Racing,GF,37.917,37.067,37.636,15.629,15.629,22.288,37.917,15.415,53.332,21.652,1:14.984,14.268,1:29.252,23.368,1:52.620,15.8,32.2,48.34,0.008758150329291,0.5297160839702107,0,-0.2060648537254154,-0.0033347509173042,0.1038132629407972,74.92874488888489,25.071255111115107,25.93702970604158,0,1,1.4337021662381595,0,0,1,Steering indecision - check driver fatigue or track confidence,25.962857806928582,0,112.62,112.908,0.2879999999999967,0,High,-0.3540570255542104,0,0.3042872,25.65913
GR86-036-098,98,15.0,13.690566603949696,21.34244008655901,82.011341991342,1.5315315315315314,5.0,170.0,1.7602198621823184,2.302585092994045,0.0,0.0,70.64719281172532,38.26351530859015,2.4842857142857144,100.0329411764706,7.039021770440535,83.51904761904763,781.3314165188993,-6.951657303367494,41.59113130487023,130.2043918918919,31.498284191538648,65.7575,187.546,0.0127689124947706,0.3852222428345879,-0.0789603929778986,0.8694006403656068,98,1,15,1:52.340,0,,37.992,0,36.959,0,37.389,2,123.0,31:51.407,14:37:40.230,0:37.992,0:36.959,0:37.389,189.1,,Am,,Toyota Gazoo Racing,GF,37.992,36.959,37.389,15.589,15.589,22.403,37.992,15.387,53.379,21.572,1:14.951,14.113,1:29.064,23.276,1:52.340,15.8,32.2,48.34,-0.0568667031177133,0.3615712753190651,0,-0.1431362372852504,-0.0078635779612895,0.0510760145055357,73.64834988383438,26.35165011616561,25.962857806928582,0,0,0.9117433844868116,0,0,0,Maintain current pace,26.63459510341998,0,112.34,112.908,0.5679999999999978,0,High,-0.36545106395123333,0,0.3042872,26.531511
GR86-036-098,98,16.0,13.819528784716296,22.389074685399088,93.584,1.4864864864864864,5.0,165.0,1.7685204837232558,2.302585092994045,0.0,0.0,70.0168578397099,39.21593913531711,2.5585714285714287,100.02368421052633,6.394473915127873,71.50975,709.7866045791939,-8.237102739376935,39.7907560785638,130.1168963963964,31.52302372077483,65.784,188.195,0.0158049193043943,0.3766203998169716,-0.0814643887133724,0.8740602586984774,98,1,16,1:52.300,2,,37.723,0,36.944,2,37.633,0,123.0,33:43.707,14:39:32.530,0:37.723,0:36.944,0:37.633,190.1,,Am,,Toyota Gazoo Racing,GF,37.723,36.944,37.633,15.649,15.649,22.074,37.723,15.361,53.084,21.583,1:14.667,14.257,1:28.924,23.376,1:52.300,15.8,32.2,48.34,-0.0040885042713751,0.4022123562199362,0,-0.3504305032057944,-0.0038215454136394,0.0463798077513383,73.53433180649498,26.465668193505024,26.63459510341998,0,0,0.6975653973783977,0,0,0,Maintain current pace,27.04033322958601,0,112.3,112.908,0.6080000000000041,0,High,-0.3733743983711771,0,0.3042872,26.809267
GR86-036-098,98,17.0,13.219750832326204,20.83681989543989,87.7675,1.5178571428571428,5.0,170.0,1.7913592558454792,2.302585092994045,0.0,0.0,70.51105196381478,38.64609590415189,2.451363636363636,100.01260869565218,6.550472996603858,78.14809523809524,733.6529756196321,-7.246170463008291,39.73691917810282,130.51207291666668,31.428666092999816,67.436,188.826,0.0168510404856242,0.3768952229018458,-0.0826527765451623,0.8690458279790853,98,1,17,1:52.388,0,,37.684,2,37.121,0,37.583,0,122.9,35:36.095,14:41:24.918,0:37.684,0:37.121,0:37.583,189.1,,Am,,Toyota Gazoo Racing,GF,37.684,37.121,37.583,15.636,15.636,22.048,37.684,15.395,53.079,21.726,1:14.805,14.243,1:29.048,23.34,1:52.388,15.8,32.2,48.34,-0.2495496142396113,0.5140343903794439,0,-0.2060648537254154,-0.0192380312709311,0.0208101821370721,72.9135329994107,27.08646700058929,27.04033322958601,0,1,1.0774754226574288,0,0,1,Steering indecision - check driver fatigue or track confidence,28.17404869387454,0,112.388,112.908,0.519999999999996,0,High,-0.3692667949749815,0,0.3042872,27.04493
GR86-036-098,98,18.0,14.007145822590289,20.67426366617793,88.2539751552795,1.3839285714285714,5.0,155.0,1.7727491370702857,2.302585092994045,0.0,0.0,68.09803479931382,39.19183412156382,2.466666666666667,99.98736842105264,6.137608306038247,81.19452380952382,687.4121302762836,-6.753440927908585,39.95519217462421,129.68423214285716,31.34828490746053,64.61800000000001,185.4225,0.0125939309176621,0.3703424978018894,-0.075979293598125,0.8679179615179224,98,1,18,1:52.824,0,,38.210,0,37.068,0,37.546,0,122.5,37:28.919,14:43:17.742,0:38.210,0:37.068,0:37.546,188.2,,Am,,Toyota Gazoo Racing,GF,38.21,37.068,37.546,15.979,15.979,22.231,38.210,15.453,53.663,21.615,1:15.278,14.214,1:29.492,23.332,1:52.824,15.8,32.2,48.34,0.0726943887675983,0.4229164736081114,0,-0.8223951265070328,-0.0323709961332254,0.0009410664429298,72.43113550533629,27.568864494663718,28.17404869387454,0,0,1.53945359045456,0,0,0,Maintain current pace,27.82882506799234,0,112.824,112.908,0.0840000000000031,0,High,-0.36916554090856707,0,0.3042872,26.397423
GR86-036-098,98,19.0,13.253296583502264,20.23206622167507,88.26606719367588,1.4414414414414414,5.0,160.0,1.7394758523355252,2.302585092994045,0.0,0.0,68.72010890063993,39.01826559746189,2.597272727272727,99.98173913043478,6.20972048004199,81.8897619047619,689.2789732846609,-5.915223773288789,38.159933620855135,129.97152252252252,31.28299062294712,65.3725,188.724,0.0162213965240954,0.3744069938966989,-0.0813878189648077,0.8694701898689817,98,1,19,1:52.407,0,,37.849,0,37.006,0,37.552,0,122.9,39:21.326,14:45:10.149,0:37.849,0:37.006,0:37.552,189.1,,Am,,Toyota Gazoo Racing,GF,37.849,37.006,37.552,15.608,15.608,22.241,37.849,15.389,53.238,21.617,1:14.855,14.215,1:29.070,23.337,1:52.407,15.8,32.2,48.34,-0.2358209046637072,0.2600055096430662,0,-0.5577247691263384,-0.0430390092817025,-0.0937075102854666,70.13318541362939,29.86681458637061,27.82882506799234,0,0,0.7884918384063297,0,0,0,Maintain current pace,27.236424025054053,0,112.407,112.908,0.5010000000000048,0,High,-0.3660848352614629,0,0.3042872,26.392406
GR86-036-098,98,20.0,13.745377454693246,22.274355290288685,89.74650000000001,1.5315315315315314,5.0,170.0,1.7632379171368389,2.302585092994045,0.0,0.0,69.45339486971537,38.83894741612862,2.451363636363636,99.984,6.557136464201681,65.89642857142857,727.8421475263866,-6.628156139111852,40.07064048332949,130.1478181818182,31.61873605845952,63.3525,187.255,0.0142840679024956,0.3799381361706819,-0.0800177979896582,0.8720734307347853,98,1,20,1:52.397,0,,37.828,0,36.966,0,37.603,0,122.9,41:13.723,14:47:02.546,0:37.828,0:36.966,0:37.603,189.1,,Am,,Toyota Gazoo Racing,GF,37.828,36.966,37.603,15.744,15.744,22.084,37.828,15.343,53.171,21.623,1:14.794,14.278,1:29.072,23.325,1:52.397,15.8,32.2,48.34,-0.0344351812383216,0.3763481224461164,0,-0.1431362372852504,0.0118162777817739,0.0634676684254224,73.9492038770573,26.0507961229427,27.236424025054053,0,0,-0.9376246688204866,0,0,0,Maintain current pace,25.89678757817505,0,112.397,112.908,0.5110000000000099,0,High,-0.37297409417818084,0,0.3042872,26.938635
GR86-036-098,98,21.0,13.82571311554578,21.031119217706987,92.43674603174604,1.5625,5.0,175.0,1.748152955218215,2.163955656882057,0.0,0.0,69.32320973015013,39.02103546594224,2.465909090909091,99.9895,6.028375106027172,78.26113636363635,675.1780118750434,-6.873664968431725,37.48709923033259,130.27621875,31.490042280359592,63.718,188.725,0.017082325681989,0.3727587747528051,-0.0758989119886911,0.866397203041512,98,1,21,1:52.546,0,,37.785,0,37.120,0,37.641,0,122.8,43:06.269,14:48:55.092,0:37.785,0:37.120,0:37.641,188.2,,Am,,Toyota Gazoo Racing,GF,37.785,37.12,37.641,15.648,15.648,22.137,37.785,15.457,53.242,21.663,1:14.905,14.295,1:29.200,23.346,1:52.546,15.8,32.2,48.34,-0.0015575464331173,0.3024898993362208,0,-0.0006214294648759,-0.0092101708136652,0.074140979403022,74.20833863415115,25.791661365848853,25.89678757817505,0,0,-1.9320374898172863,0,0,0,Maintain current pace,32.084175865398564,0,112.546,112.908,0.362000000000009,0,High,-0.36003842788629054,0,0.3042872,27.044409
GR86-036-098,98,22.0,14.196716235208727,21.296326967727865,90.842,1.5023041474654375,5.0,326.0,1.7365292147236249,2.163955656882057,0.0,0.0,70.61019944886495,38.23231705551018,2.475714285714286,99.995,6.134496858743363,68.55181818181819,1331.1858183473098,-6.292617044599972,38.86376919501557,126.51107987711212,31.974400492217168,56.15599999999999,188.968,0.0191717667279795,0.3662431385013661,-0.1022030765413081,0.8247640201041373,98,1,22,1:53.489,0,,38.143,0,37.131,0,38.215,0,121.8,44:59.758,14:50:48.581,0:38.143,0:37.131,0:38.215,189.1,,Am,,Toyota Gazoo Racing,GF,38.143,37.131,38.215,15.930,15.930,22.213,38.143,15.366,53.509,21.765,1:15.274,14.81,1:30.084,23.405,1:53.489,15.8,32.2,48.34,0.1502767068788754,0.2455783324756482,0,-0.2776386918548946,0.0699260018418179,0.0718243915885223,74.15209475426639,25.84790524573361,32.084175865398564,0,0,4.847751840344511,0,0,0,Maintain current pace,35.23043311517342,0,113.489,112.908,0.5810000000000031,0,High,-0.39646054305428713,0,0.3042872,29.084074
GR86-036-098,98,23.0,10.050863471255807,16.083058182840357,87.46636363636364,1.4123711340206186,5.0,411.0,1.4465907291947646,2.163955656882057,0.0,0.0,37.000616493194464,37.55541491509136,2.4257142857142857,100.0068181818182,3.3918227373031686,70.80652173913043,987.020416555222,-4.681676318084931,34.35032608883692,100.5656,41.34415968927308,8.2675,187.92,-0.0082306664631976,0.2592112446586306,-0.0581645024061327,0.6660749399028183,98,1,23,1:52.724,0,,37.851,0,37.072,0,37.801,0,122.6,46:52.482,14:52:41.305,0:37.851,0:37.072,0:37.801,188.2,,Am,,Toyota Gazoo Racing,FF,37.851,37.072,37.801,15.691,15.691,22.16,37.851,15.376,53.227,21.696,1:14.923,14.384,1:29.307,23.417,1:52.724,15.8,32.2,48.34,-1.5464272435572577,-1.1740037299687762,0,-0.691504367545163,1.6007906871226187,-0.7010756919788839,55.387039015386776,44.61296098461322,35.23043311517342,0,0,9.333645536998365,0,0,0,Maintain current pace,,0,112.724,112.908,0.1840000000000117,0,Medium,-0.43588435999311786,0,0.37406385,29.71243
GR86-037-003,3,1.0,20.11099534411317,21.56539359995178,82.57368686868686,1.62987012987013,5.0,251.0,1.710825337176682,2.302585092994045,0.0,0.0,46.89581093772494,36.1068516852461,2.386190476190476,100.08608695652174,4.924282163351374,100.282,758.3394531561116,-1.5834681902212882,39.974089724286,95.26015476190476,29.20816290285656,38.71,167.7,0.0106798600918136,0.2780258248704167,-0.0845125670988809,0.613590177888199,3,1,1,2:44.364,0,,1:02.814,0,50.444,0,51.106,0,84.1,2:44.364,14:08:33.187,1:02.814,0:50.444,0:51.106,150.0,,Am,,Toyota Gazoo Racing,GF,62.814,50.444,51.106,,,,1:02.814,23.431,1:26.245,27.013,1:53.258,21.138,2:14.396,29.968,2:44.364,15.8,32.2,48.34,1.1567971017978,0.2296627925642292,0,1.019788792197918,-0.4057652206867664,0.5168466254414084,84.95668282565816,15.043317174341835,15.043317174341835,1,0,,0,0,1,High error bursts detected - suggest 1-lap cool down,14.36681628353935,0,164.364,115.3505,49.01350000000001,0,High,-0.46073908433945626,0,0.3042872,19.877184
GR86-037-003,3,1.0,20.11099534411317,21.56539359995178,82.57368686868686,1.62987012987013,5.0,251.0,1.710825337176682,2.302585092994045,0.0,0.0,46.89581093772494,36.1068516852461,2.386190476190476,100.08608695652174,4.924282163351374,100.282,758.3394531561116,-1.5834681902212882,39.974089724286,95.26015476190476,29.20816290285656,38.71,167.7,0.0106798600918136,0.2780258248704167,-0.0845125670988809,0.613590177888199,3,1,1,2:43.869,0,,1:00.318,0,50.930,0,52.621,0,84.3,2:43.869,14:08:32.692,1:00.318,0:50.930,0:52.621,151.0,,Am,,Toyota Gazoo Racing,GF,60.318,50.93,52.621,,,,1:00.318,23.745,1:24.063,27.185,1:51.248,21.082,2:12.330,31.539,2:43.869,15.8,32.2,48.34,1.1567971017978,0.2296627925642292,0,1.019788792197918,-0.4057652206867664,0.5168466254414084,84.95668282565816,15.043317174341835,14.36681628353935,1,0,,0,0,1,High error bursts detected - suggest 1-lap cool down,13.690315392736863,0,163.869,115.3505,48.5185,0,High,-0.46073908433945626,0,0.3042872,19.877184
GR86-037-003,3,2.0,22.287600835660616,23.56878539483892,97.35095454545456,2.027027027027027,5.0,300.0,1.5676583808587987,2.163955656882057,0.0,0.0,49.06130365919244,36.434199605984695,2.458695652173913,100.1073913043478,5.527960848869316,57.77052631578948,818.1382056326587,-2.306697267024364,39.894175526143535,99.00201351351352,22.82257677422648,54.57,150.89499999999998,-0.0088843707990733,0.2647395801255341,-0.0898131274595872,0.6270132249025678,3,1,2,2:01.931,0,,42.808,0,39.608,0,39.515,0,113.3,4:46.295,14:10:35.118,0:42.808,0:39.608,0:39.515,177.0,,Am,,Toyota Gazoo Racing,GF,42.808,39.608,39.515,18.071,18.071,24.737,42.808,16.088,58.896,23.52,1:22.416,15.312,1:37.728,24.203,2:01.931,15.8,32.2,48.34,1.7468742764692773,-0.2575271959603981,0,2.361291744866571,-2.134359268847892,0.6004383187958802,86.98618549806562,13.013814501934377,13.690315392736863,1,0,-1.3530017816049735,0,0,1,High error bursts detected - suggest 1-lap cool down,13.45114659060266,0,121.931,115.3505,6.580500000000001,0,High,-0.4841718673724936,0,0.3042872,19.080301
GR86-037-003,3,2.0,22.287600835660616,23.56878539483892,97.35095454545456,2.027027027027027,5.0,300.0,1.5676583808587987,2.163955656882057,0.0,0.0,49.06130365919244,36.434199605984695,2.458695652173913,100.1073913043478,5.527960848869316,57.77052631578948,818.1382056326587,-2.306697267024364,39.894175526143535,99.00201351351352,22.82257677422648,54.57,150.89499999999998,-0.0088843707990733,0.2647395801255341,-0.0898131274595872,0.6270132249025678,3,1,2,2:01.405,0,,42.493,0,39.945,0,38.967,0,113.8,4:45.274,14:10:34.097,0:42.493,0:39.945,0:38.967,179.1,,Am,,Toyota Gazoo Racing,GF,42.493,39.945,38.967,17.957,17.957,24.536,42.493,16.188,58.681,23.757,1:22.438,15.076,1:37.514,23.891,2:01.405,15.8,32.2,48.34,1.7468742764692773,-0.2575271959603981,0,2.361291744866571,-2.134359268847892,0.6004383187958802,86.98618549806562,13.013814501934377,13.45114659060266,1,0,-0.9156696929366888,0,0,1,High error bursts detected - suggest 1-lap cool down,13.888478679270946,0,121.405,115.3505,6.054500000000004,0,High,-0.4841718673724936,0,0.3042872,19.080301
GR86-037-003,3,3.0,18.92439255590583,23.10237604396677,90.6695238095238,1.8333333333333333,5.0,220.0,1.7022504429062908,2.302585092994045,0.0,0.0,68.01171314177863,37.095495278208006,2.464761904761905,100.11043478260868,7.729835573569684,139.44227272727272,927.580268828362,-2.2241056909798496,45.96723967924752,120.40924722222222,30.326234773198152,62.6675,179.418,-0.0010875970360771,0.3638956555419438,-0.0659960679585354,0.7602449838325528,3,1,3,1:56.717,0,,39.854,0,38.183,0,38.680,0,118.4,6:43.012,14:12:31.835,0:39.854,0:38.183,0:38.680,184.3,,Am,,Toyota Gazoo Racing,GF,39.854,38.183,38.68,16.326,16.326,23.528,39.854,16.03,55.884,22.153,1:18.037,14.867,1:32.904,23.813,1:56.717,15.8,32.2,48.34,0.8351093988852732,0.2004828564348618,0,1.707039826132455,-0.1031003843574068,0.5463994692584251,85.67418923206077,14.325810767939233,13.888478679270946,1,0,0.1981632865340827,0,0,1,High error bursts detected - suggest 1-lap cool down,17.83028621774218,0,116.717,115.3505,1.366500000000002,0,High,-0.4464726495932471,0,0.3042872,21.04923
GR86-037-003,3,3.0,18.92439255590583,23.10237604396677,90.6695238095238,1.8333333333333333,5.0,220.0,1.7022504429062908,2.302585092994045,0.0,0.0,68.01171314177863,37.095495278208006,2.464761904761905,100.11043478260868,7.729835573569684,139.44227272727272,927.580268828362,-2.2241056909798496,45.96723967924752,120.40924722222222,30.326234773198152,62.6675,179.418,-0.0010875970360771,0.3638956555419438,-0.0659960679585354,0.7602449838325528,3,1,3,1:55.791,0,,39.566,0,38.047,0,38.178,0,119.3,6:41.065,14:12:29.888,0:39.566,0:38.047,0:38.178,186.2,,Am,,Toyota Gazoo Racing,GF,39.566,38.047,38.178,16.015,16.015,23.551,39.566,16.031,55.597,22.016,1:17.613,14.584,1:32.197,23.594,1:55.791,15.8,32.2,48.34,0.8351093988852732,0.2004828564348618,0,1.707039826132455,-0.1031003843574068,0.5463994692584251,85.67418923206077,14.325810767939233,17.83028621774218,1,0,4.379139627139519,0,0,1,High error bursts detected - suggest 1-lap cool down,21.334761667545127,0,115.791,115.3505,0.4405000000000001,0,High,-0.4464726495932471,0,0.3042872,19.365967
GR86-037-003,3,4.0,15.712951336385776,24.05546004758365,91.53903890160184,1.3478260869565215,5.0,155.0,1.7574413507625342,2.302585092994045,0.0,0.0,70.1165266931441,39.62378384967701,2.42,100.03578947368422,7.636025731971681,133.59386363636364,878.1429591767433,-4.173893711678285,43.61025740779263,126.30540434782608,31.33076777075221,64.962,184.085,0.0017106934343489,0.3652856326724285,-0.0783645241281813,0.8186477120898729,3,1,4,1:56.554,0,,39.428,0,37.968,0,39.158,0,118.6,8:39.566,14:14:28.389,0:39.428,0:37.968,0:39.158,184.3,,Am,,Toyota Gazoo Racing,GF,39.428,37.968,39.158,16.581,16.581,22.847,39.428,15.866,55.294,22.102,1:17.396,14.936,1:32.332,24.222,1:56.554,15.8,32.2,48.34,-0.0355114686981681,0.3882947542127591,0,0.0671100925208549,0.1688291966982825,0.1133696814916958,75.16076288265192,24.83923711734808,21.334761667545127,0,0,7.446282988274181,0,0,0,Maintain current pace,25.111177920659145,0,116.554,115.3505,1.2035000000000051,0,High,-0.39599754616417526,0,0.3042872,27.43027
GR86-037-003,3,4.0,15.712951336385776,24.05546004758365,91.53903890160184,1.3478260869565215,5.0,155.0,1.7574413507625342,2.302585092994045,0.0,0.0,70.1165266931441,39.62378384967701,2.42,100.03578947368422,7.636025731971681,133.59386363636364,878.1429591767433,-4.173893711678285,43.61025740779263,126.30540434782608,31.33076777075221,64.962,184.085,0.0017106934343489,0.3652856326724285,-0.0783645241281813,0.8186477120898729,3,1,4,1:54.549,0,,38.773,0,37.810,0,37.966,0,120.6,8:35.614,14:14:24.437,0:38.773,0:37.810,0:37.966,186.2,,Am,,Toyota Gazoo Racing,GF,38.773,37.81,37.966,16.069,16.069,22.704,38.773,15.789,54.562,22.021,1:16.583,14.318,1:30.901,23.648,1:54.549,15.8,32.2,48.34,-0.0355114686981681,0.3882947542127591,0,0.0671100925208549,0.1688291966982825,0.1133696814916958,75.16076288265192,24.83923711734808,25.111177920659145,0,0,7.280891702916964,0,0,0,Maintain current pace,25.383118723970213,0,114.549,115.3505,0.8014999999999901,0,High,-0.39599754616417526,0,0.3042872,29.965038
GR86-037-003,3,5.0,15.812356287768988,24.322808164508576,88.94017316017315,1.238938053097345,5.0,140.0,1.794805191958308,2.163955656882057,0.0,0.0,69.25152161444319,40.23167632921315,2.4180952380952383,100.03956521739131,8.161326337022029,143.82142857142858,922.2298760834892,-4.936308424244959,46.70227154792838,127.38456637168142,30.65460159704708,65.405,184.6975,-0.0015484283728114,0.3742290355256484,-0.0883123738547336,0.8378362148711251,3,1,5,2:03.062,0,,39.748,0,41.984,0,41.330,0,112.3,10:42.628,14:16:31.451,0:39.748,0:41.984,0:41.330,177.0,,Am,,Toyota Gazoo Racing,FCY,39.748,41.984,41.33,16.868,16.868,22.88,39.748,17.5,57.248,24.484,1:21.732,15.383,1:37.115,25.947,2:03.062,15.8,32.2,48.34,-0.0085628125965703,0.5154420361804432,0,-0.3006881755642715,-0.0142106683806849,0.0797673720934304,74.34494047271872,25.65505952728128,25.383118723970213,0,1,4.048357056425086,0,0,1,Steering indecision - check driver fatigue or track confidence,46.98901549001343,0,123.062,115.3505,7.711500000000001,0,High,-0.41169295514336307,0,0.3042872,40.740887
GR86-037-003,3,5.0,15.812356287768988,24.322808164508576,88.94017316017315,1.238938053097345,5.0,140.0,1.794805191958308,2.163955656882057,0.0,0.0,69.25152161444319,40.23167632921315,2.4180952380952383,100.03956521739131,8.161326337022029,143.82142857142858,922.2298760834892,-4.936308424244959,46.70227154792838,127.38456637168142,30.65460159704708,65.405,184.6975,-0.0015484283728114,0.3742290355256484,-0.0883123738547336,0.8378362148711251,3,1,5,2:04.870,0,,39.851,0,41.048,0,43.971,0,110.7,10:40.484,14:16:29.307,0:39.851,0:41.048,0:43.971,179.1,,Am,,Toyota Gazoo Racing,FCY,39.851,41.048,43.971,16.090,16.090,23.761,39.851,16.34,56.191,24.708,1:20.899,15.728,1:36.627,28.243,2:04.870,15.8,32.2,48.34,-0.0085628125965703,0.5154420361804432,0,-0.3006881755642715,-0.0142106683806849,0.0797673720934304,74.34494047271872,25.65505952728128,46.98901549001343,0,1,21.877837569354284,0,0,1,Steering indecision - check driver fatigue or track confidence,68.32297145274558,0,124.87,115.3505,9.519500000000008,0,High,-0.4635044734194907,0,0.42781717,63.07181
GR86-037-003,3,6.0,1.8878262906070804,8.339429312937055,94.95666666666666,0.373170731707317,5.0,459.0,0.3533377755933952,2.302585092994045,0.0,0.0,11.85336603805203,19.094811920738493,2.436086956521739,99.98772727272728,1.2365818799757249,104.8868181818182,1520.9957123701415,-13.086555130043894,65.54898075951655,12.89559241059241,36.61388536817192,0.0,180.656,-0.0030505696460263,0.088692333345493,-0.0079091341535363,0.2421908991813979,3,1,6,2:55.922,0,,1:04.976,0,1:00.032,0,50.914,0,78.5,13:38.550,14:19:27.373,1:04.976,1:00.032,0:50.914,159.1,,Am,,Toyota Gazoo Racing,FCY,64.976,60.032,50.914,24.653,24.653,40.323,1:04.976,30.701,1:35.677,29.331,2:05.008,17.295,2:22.303,33.619,2:55.922,15.8,32.2,48.34,-3.783499222185448,-4.3897994531905535,0,-3.225047355231066,1.5989822712437214,-2.5563585061135603,10.343072584522282,89.65692741547772,68.32297145274558,0,0,42.93985272877536,0,0,0,Maintain current pace,69.46705843138375,0,175.922,115.3505,60.5715,1,Low,-0.6198436972862637,1,0.6043242,53.193916
GR86-037-003,3,6.0,1.8878262906070804,8.339429312937055,94.95666666666666,0.373170731707317,5.0,459.0,0.3533377755933952,2.302585092994045,0.0,0.0,11.85336603805203,19.094811920738493,2.436086956521739,99.98772727272728,1.2365818799757249,104.8868181818182,1520.9957123701415,-13.086555130043894,65.54898075951655,12.89559241059241,36.61388536817192,0.0,180.656,-0.0030505696460263,0.088692333345493,-0.0079091341535363,0.2421908991813979,3,1,6,2:55.985,0,,1:04.905,0,59.881,0,51.199,0,78.5,13:36.469,14:19:25.292,1:04.905,0:59.881,0:51.199,162.2,,Am,,Toyota Gazoo Racing,FCY,64.905,59.881,51.199,24.111,24.111,40.794,1:04.905,30.471,1:35.376,29.41,2:04.786,17.286,2:22.072,33.913,2:55.985,15.8,32.2,48.34,-3.783499222185448,-4.3897994531905535,0,-3.225047355231066,1.5989822712437214,-2.5563585061135603,10.343072584522282,89.65692741547772,69.46705843138375,0,0,22.47804294137032,0,0,0,Maintain current pace,49.27718944728978,1,175.985,115.3505,60.63450000000002,1,Low,-0.6198436972862637,1,0.6043242,53.193916
GR86-037-003,3,7.0,15.53017072355716,19.165261306162776,86.50983333333333,1.4857142857142858,5.0,260.0,1.5031526963798787,2.302585092994045,0.0,0.0,24.73312024945197,25.419976518364223,2.395652173913044,99.88263157894735,2.6672459237452,52.009772727272725,466.76803665541,-2.4654089512318347,36.24661545931532,83.53766,30.82704644207857,15.035,163.478,-0.0120220843935244,0.2289939377674899,-0.0391347728523071,0.5069337327390195,3,1,7,2:46.238,0,,55.835,0,58.910,0,51.493,0,83.1,16:24.788,14:22:13.611,0:55.835,0:58.910,0:51.493,135.0,,Am,,Toyota Gazoo Racing,FCY,55.835,58.91,51.493,23.075,23.075,32.76,55.835,27.634,1:23.469,31.276,1:54.745,21.18,2:15.925,30.313,2:46.238,15.8,32.2,48.34,-0.0850632446270032,-0.4770368124900661,0,0.5328641234740863,0.0324705800987643,-0.0616014999796281,70.91267953680419,29.08732046319581,49.27718944728978,0,0,-19.0457820054558,1,0,1,Focus dropped 19 points - consider radio reminder,31.117616569976946,1,166.238,115.3505,50.8875,1,High,-0.4386442503379081,0,0.67983884,44.769054
GR86-037-003,3,7.0,15.53017072355716,19.165261306162776,86.50983333333333,1.4857142857142858,5.0,260.0,1.5031526963798787,2.302585092994045,0.0,0.0,24.73312024945197,25.419976518364223,2.395652173913044,99.88263157894735,2.6672459237452,52.009772727272725,466.76803665541,-2.4654089512318347,36.24661545931532,83.53766,30.82704644207857,15.035,163.478,-0.0120220843935244,0.2289939377674899,-0.0391347728523071,0.5069337327390195,3,1,7,2:46.102,0,,55.720,0,58.520,0,51.862,0,83.2,16:22.571,14:22:11.394,0:55.720,0:58.520,0:51.862,135.0,,Am,,Toyota Gazoo Racing,FCY,55.72,58.52,51.862,23.276,23.276,32.444,55.720,27.454,1:23.174,31.066,1:54.240,20.327,2:14.567,31.535,2:46.102,15.8,32.2,48.34,-0.0850632446270032,-0.4770368124900661,0,0.5328641234740863,0.0324705800987643,-0.0616014999796281,70.91267953680419,29.08732046319581,31.117616569976946,0,0,-38.3494418614068,1,0,1,Focus dropped 38 points - consider radio reminder,33.147912676758075,0,166.102,115.3505,50.75150000000001,0,High,-0.3985850762871521,0,0.3042872,30.975851
GR86-037-003,3,8.0,14.31029844962148,18.765192453115,91.27304093567253,1.406060606060606,5.0,232.0,1.5812703760671605,2.302585092994045,0.0,0.0,24.81346951925868,27.66940838057889,2.4181818181818184,99.8005,1.7242465438396866,22.62931818181818,284.5006797335483,-2.376067028297577,36.92073065616374,88.94716363636363,24.260393681215724,43.042,135.5475,-0.0122401547536746,0.1945420989856998,-0.0376817060447661,0.563469342613199,3,1,8,2:26.262,0,,47.257,0,49.794,0,49.211,0,94.5,18:51.050,14:24:39.873,0:47.257,0:49.794,0:49.211,156.1,,Am,,Toyota Gazoo Racing,GF,47.257,49.794,49.211,22.917,22.917,24.34,47.257,24.731,1:11.988,25.063,1:37.051,17.056,1:54.107,32.155,2:26.262,15.8,32.2,48.34,-0.415770296345543,-0.2112062573868741,0,0.2638126548699266,-1.7451386557825337,-0.3124746205981458,64.8217912164608,35.178208783539205,33.147912676758075,0,0,-16.129276770531703,1,0,1,Focus dropped 16 points - consider radio reminder,31.0060612666486,0,146.262,115.3505,30.911500000000004,0,Medium,-0.4113974606740897,0,0.3042872,27.345362
GR86-037-003,3,8.0,14.31029844962148,18.765192453115,91.27304093567253,1.406060606060606,5.0,232.0,1.5812703760671605,2.302585092994045,0.0,0.0,24.81346951925868,27.66940838057889,2.4181818181818184,99.8005,1.7242465438396866,22.62931818181818,284.5006797335483,-2.376067028297577,36.92073065616374,88.94716363636363,24.260393681215724,43.042,135.5475,-0.0122401547536746,0.1945420989856998,-0.0376817060447661,0.563469342613199,3,1,8,2:26.550,0,,47.328,0,49.000,0,50.222,0,94.3,18:49.121,14:24:37.944,0:47.328,0:49.000,0:50.222,156.1,,Am,,Toyota Gazoo Racing,GF,47.328,49.0,50.222,22.582,22.582,24.746,47.328,24.963,1:12.291,24.037,1:36.328,17.976,1:54.304,32.246,2:26.550,15.8,32.2,48.34,-0.415770296345543,-0.2112062573868741,0,0.2638126548699266,-1.7451386557825337,-0.3124746205981458,64.8217912164608,35.178208783539205,31.0060612666486,0,0,-0.1115553033283447,0,0,0,Maintain current pace,26.833913749757983,0,146.55,115.3505,31.19950000000001,0,Medium,-0.41075220748537977,0,0.3042872,27.115517
GR86-037-003,3,9.0,19.69512229430608,21.548113865867,82.39735177865613,1.4513888888888888,5.0,209.0,1.560271527642239,2.302585092994045,0.0,0.0,43.89409391040498,37.00223349335335,2.435454545454545,99.76608695652172,3.345094181693116,110.81000000000002,481.6935621638088,-3.319827218431001,38.7133458911783,99.96899305555556,26.937927695304143,45.468,161.658,0.0123758258890027,0.2495130307924003,-0.0861983839800434,0.6709803738453534,3,1,9,1:55.367,0,,38.930,0,37.714,0,38.723,0,119.8,20:46.417,14:26:35.240,0:38.930,0:37.714,0:38.723,184.3,,Am,,Toyota Gazoo Racing,GF,38.93,37.714,38.723,16.195,16.195,22.735,38.930,15.825,54.755,21.889,1:16.644,14.951,1:31.595,23.772,1:55.367,15.8,32.2,48.34,1.0440540276830146,-0.2826642878310821,0,0.4169209747526831,-1.0203235382241482,0.2030559287376214,77.33823376713262,22.66176623286738,26.833913749757983,0,0,-6.313998927000089,0,0,0,Maintain current pace,24.07081898395765,0,115.367,115.3505,0.0164999999999935,0,High,-0.4211040796472664,0,0.3042872,24.366982
GR86-037-003,3,9.0,19.69512229430608,21.548113865867,82.39735177865613,1.4513888888888888,5.0,209.0,1.560271527642239,2.302585092994045,0.0,0.0,43.89409391040498,37.00223349335335,2.435454545454545,99.76608695652172,3.345094181693116,110.81000000000002,481.6935621638088,-3.319827218431001,38.7133458911783,99.96899305555556,26.937927695304143,45.468,161.658,0.0123758258890027,0.2495130307924003,-0.0861983839800434,0.6709803738453534,3,1,9,1:54.583,0,,38.405,0,38.067,0,38.111,0,120.6,20:43.704,14:26:32.527,0:38.405,0:38.067,0:38.111,185.2,,Am,,Toyota Gazoo Racing,GF,38.405,38.067,38.111,15.999,15.999,22.406,38.405,15.969,54.374,22.098,1:16.472,14.398,1:30.870,23.713,1:54.583,15.8,32.2,48.34,1.0440540276830146,-0.2826642878310821,0,0.4169209747526831,-1.0203235382241482,0.2030559287376214,77.33823376713262,22.66176623286738,24.07081898395765,0,0,-6.935242282690947,0,0,0,Maintain current pace,25.47987173504792,0,114.583,115.3505,0.7674999999999983,0,High,-0.4233895654411323,0,0.3042872,23.18383
GR86-037-003,3,10.0,15.46728770584234,22.744548937896685,90.85186363636362,1.1403508771929824,4.0,130.0,1.8293154066677504,2.163955656882057,0.0,0.0,69.83057728967773,38.874978997549285,2.4213043478260867,99.8295652173913,7.668399292863252,133.138,874.1975193864107,-3.445522193260763,41.479199948763146,127.80462280701757,30.574630699552014,62.43,184.0825,0.0072943103145641,0.3680663533086605,-0.0858596208642289,0.8372226084526742,3,1,10,1:54.350,2,,38.441,0,37.532,0,38.377,0,120.8,22:40.767,14:28:29.590,0:38.441,0:37.532,0:38.377,184.3,,Am,,Toyota Gazoo Racing,GF,38.441,37.532,38.377,16.032,16.032,22.409,38.441,15.708,54.149,21.824,1:15.973,14.779,1:30.752,23.598,1:54.350,15.8,32.2,48.34,-0.1021108141438833,0.632878570005641,0,-0.6336925587632843,-0.0358589892476254,0.02894661551899,73.1110755138618,26.888924486138198,25.47987173504792,0,1,-1.354042014710064,0,0,1,Steering indecision - check driver fatigue or track confidence,27.537142693966533,0,114.35,115.3505,1.0005000000000024,0,High,-0.44731507270923687,0,0.3042872,26.138273
GR86-037-003,3,10.0,15.46728770584234,22.744548937896685,90.85186363636362,1.1403508771929824,4.0,130.0,1.8293154066677504,2.163955656882057,0.0,0.0,69.83057728967773,38.874978997549285,2.4213043478260867,99.8295652173913,7.668399292863252,133.138,874.1975193864107,-3.445522193260763,41.479199948763146,127.80462280701757,30.574630699552014,62.43,184.0825,0.0072943103145641,0.3680663533086605,-0.0858596208642289,0.8372226084526742,3,1,10,1:54.530,0,,38.457,0,37.839,0,38.234,0,120.6,22:38.234,14:28:27.057,0:38.457,0:37.839,0:38.234,185.2,,Am,,Toyota Gazoo Racing,GF,38.457,37.839,38.234,16.041,16.041,22.416,38.457,15.799,54.256,22.04,1:16.296,14.478,1:30.774,23.756,1:54.530,15.8,32.2,48.34,-0.1021108141438833,0.632878570005641,0,-0.6336925587632843,-0.0358589892476254,0.02894661551899,73.1110755138618,26.888924486138198,27.537142693966533,0,1,3.466323710008883,0,0,1,Steering indecision - check driver fatigue or track confidence,28.18536090179488,0,114.53,115.3505,0.8204999999999956,0,High,-0.44731507270923687,0,0.3042872,26.535358
GR86-037-003,3,11.0,15.50202263672169,23.54572031115748,85.8175155279503,1.1504424778761062,5.0,130.0,1.7372166807106275,2.302585092994045,0.0,0.0,68.4646124308258,39.92449229545531,2.434090909090909,99.84733333333334,7.149262393489115,112.31190476190476,807.86665046427,-3.9475591477615537,42.80912430797188,127.3965442477876,30.216925856788144,64.22,182.372,0.0057319717160496,0.3532843303207025,-0.0902478868887447,0.8503587244370722,3,1,11,1:54.885,0,,38.555,0,37.850,0,38.480,0,120.3,24:35.652,14:30:24.475,0:38.555,0:37.850,0:38.480,186.2,,Am,,Toyota Gazoo Racing,GF,38.555,37.85,38.48,16.066,16.066,22.489,38.555,15.766,54.321,22.084,1:16.405,14.545,1:30.950,23.935,1:54.885,15.8,32.2,48.34,-0.0926941835439464,0.3194712140333833,0,-0.5996054959161412,-0.1326905799183298,-0.0511503339340922,71.16642089037678,28.833579109623216,28.18536090179488,0,0,2.705489166746954,0,0,0,Maintain current pace,28.663512122016268,0,114.885,115.3505,0.4655000000000058,0,High,-0.3771954823741092,0,0.3042872,26.28221
GR86-037-003,3,11.0,15.50202263672169,23.54572031115748,85.8175155279503,1.1504424778761062,5.0,130.0,1.7372166807106275,2.302585092994045,0.0,0.0,68.4646124308258,39.92449229545531,2.434090909090909,99.84733333333334,7.149262393489115,112.31190476190476,807.86665046427,-3.9475591477615537,42.80912430797188,127.3965442477876,30.216925856788144,64.22,182.372,0.0057319717160496,0.3532843303207025,-0.0902478868887447,0.8503587244370722,3,1,11,1:54.662,0,,38.550,0,37.971,0,38.141,0,120.5,24:32.896,14:30:21.719,0:38.550,0:37.971,0:38.141,185.2,,Am,,Toyota Gazoo Racing,GF,38.55,37.971,38.141,16.027,16.027,22.523,38.550,15.749,54.299,22.222,1:16.521,14.389,1:30.910,23.752,1:54.662,15.8,32.2,48.34,-0.0926941835439464,0.3194712140333833,0,-0.5996054959161412,-0.1326905799183298,-0.0511503339340922,71.16642089037678,28.833579109623216,28.663512122016268,0,0,1.1263694280497347,0,0,0,Maintain current pace,28.49344513440932,0,114.662,115.3505,0.6884999999999906,0,High,-0.3790744610501055,0,0.3042872,26.798828
GR86-037-003,3,12.0,15.583401047993116,25.1006199527738,90.55339544513456,1.1842105263157894,5.0,135.0,1.7209809988169305,2.163955656882057,0.0,0.0,69.34148108595978,40.449323345731024,2.4595,99.85,6.5942241881878605,113.57214285714284,751.7415574534161,-4.390729660360623,43.63804401903301,127.75122807017544,30.62693362905141,64.875,183.715,0.0036802064137005,0.3612708542384705,-0.0785128046224919,0.8474979269586439,3,1,12,1:55.203,0,,38.935,0,37.657,0,38.611,0,119.9,26:30.855,14:32:19.678,0:38.935,0:37.657,0:38.611,183.1,,Am,,Toyota Gazoo Racing,GF,38.935,37.657,38.611,16.068,16.068,22.867,38.935,15.766,54.701,21.891,1:16.592,14.774,1:31.366,23.837,1:55.203,15.8,32.2,48.34,-0.0706325177120933,0.2642220009543753,0,-0.4855449394660859,-0.0217004561368293,-0.03013604160863,71.67662185319763,28.32337814680237,28.49344513440932,0,0,0.3080842326144406,0,0,0,Maintain current pace,26.83557932784382,0,115.203,115.3505,0.1474999999999937,0,High,-0.3657379341137879,0,0.3042872,28.405539
GR86-037-003,3,12.0,15.583401047993116,25.1006199527738,90.55339544513456,1.1842105263157894,5.0,135.0,1.7209809988169305,2.163955656882057,0.0,0.0,69.34148108595978,40.449323345731024,2.4595,99.85,6.5942241881878605,113.57214285714284,751.7415574534161,-4.390729660360623,43.63804401903301,127.75122807017544,30.62693362905141,64.875,183.715,0.0036802064137005,0.3612708542384705,-0.0785128046224919,0.8474979269586439,3,1,12,1:55.065,0,,38.742,0,37.739,0,38.584,0,120.1,26:27.961,14:32:16.784,0:38.742,0:37.739,0:38.584,180.0,,Am,,Toyota Gazoo Racing,GF,38.742,37.739,38.584,16.075,16.075,22.667,38.742,15.802,54.544,21.937,1:16.481,14.88,1:31.361,23.704,1:55.065,15.8,32.2,48.34,-0.0706325177120933,0.2642220009543753,0,-0.4855449394660859,-0.0217004561368293,-0.03013604160863,71.67662185319763,28.32337814680237,26.83557932784382,0,0,-1.8279327941724477,0,0,0,Maintain current pace,25.347780508885275,0,115.065,115.3505,0.285499999999999,0,High,-0.3639250613148685,0,0.3042872,27.66452
GR86-037-003,3,13.0,16.53236061742972,25.32837567424155,90.69318181818184,1.3157894736842106,5.0,150.0,1.759942072228641,2.163955656882057,0.0,0.0,68.85641236554585,39.97333457937187,2.428636363636364,99.84434782608696,6.631301583260906,119.62333333333332,755.9683804917432,-4.384555870355617,44.10617601717015,126.80122368421053,30.879929963116105,65.33200000000001,182.2225,0.0001342524824483,0.3606348153748062,-0.0829932543953241,0.8267634155451471,3,1,13,1:54.995,0,,38.709,0,37.580,0,38.706,0,120.2,28:25.850,14:34:14.673,0:38.709,0:37.580,0:38.706,186.2,,Am,,Toyota Gazoo Racing,GF,38.709,37.58,38.706,16.021,16.021,22.688,38.709,15.729,54.438,21.851,1:16.289,14.567,1:30.856,24.139,1:54.995,15.8,32.2,48.34,0.1866301712708855,0.3968045842301741,0,-0.0411020815744891,0.0467862807830647,0.1537035132809422,76.14001831007327,23.859981689926727,25.347780508885275,0,0,-3.145664625524041,0,0,0,Maintain current pace,23.91866458814003,0,114.995,115.3505,0.3554999999999921,0,High,-0.36961110864875085,0,0.3042872,24.466948
GR86-037-003,3,13.0,16.53236061742972,25.32837567424155,90.69318181818184,1.3157894736842106,5.0,150.0,1.759942072228641,2.163955656882057,0.0,0.0,68.85641236554585,39.97333457937187,2.428636363636364,99.84434782608696,6.631301583260906,119.62333333333332,755.9683804917432,-4.384555870355617,44.10617601717015,126.80122368421053,30.879929963116105,65.33200000000001,182.2225,0.0001342524824483,0.3606348153748062,-0.0829932543953241,0.8267634155451471,3,1,13,1:55.151,0,,38.923,0,37.837,0,38.391,0,120.0,28:23.112,14:34:11.935,0:38.923,0:37.837,0:38.391,184.3,,Am,,Toyota Gazoo Racing,GF,38.923,37.837,38.391,16.041,16.041,22.882,38.923,15.797,54.720,22.04,1:16.760,14.642,1:31.402,23.749,1:55.151,15.8,32.2,48.34,0.1866301712708855,0.3968045842301741,0,-0.0411020815744891,0.0467862807830647,0.1537035132809422,76.14001831007327,23.859981689926727,23.91866458814003,0,0,-2.916914739703792,0,0,0,Maintain current pace,23.977347486353327,0,115.151,115.3505,0.1994999999999862,0,High,-0.36961110864875085,0,0.3042872,23.931356
GR86-037-003,3,14.0,17.010093098358546,24.55755627782152,84.88521739130435,1.2719298245614037,5.0,145.0,1.7440332517938248,2.163955656882057,0.0,0.0,68.17853764758662,40.02871101215734,2.4072727272727272,99.8290909090909,6.655207030131888,120.38363636363636,758.6936014350352,-2.5694992098140723,40.25692619094249,126.684100877193,30.49763897093808,64.23,182.2425,0.0043017071449344,0.365715380472923,-0.0794168136665412,0.8331216764187211,3,1,14,1:55.334,0,,39.358,0,37.858,0,38.118,0,119.8,30:21.184,14:36:10.007,0:39.358,0:37.858,0:38.118,186.2,,Am,,Toyota Gazoo Racing,GF,39.358,37.858,38.118,16.655,16.655,22.703,39.358,15.692,55.050,22.166,1:17.216,14.585,1:31.801,23.533,1:55.334,15.8,32.2,48.34,0.3161433208471382,0.3426676643401598,0,-0.1892497008716875,-0.0567008416882303,0.1464523730396052,75.96396961543337,24.03603038456663,23.977347486353327,0,0,-1.370433022531948,0,0,0,Maintain current pace,23.38620260959185,0,115.334,115.3505,0.0164999999999935,0,High,-0.3701831229057065,0,0.3042872,23.916634
GR86-037-003,3,14.0,17.010093098358546,24.55755627782152,84.88521739130435,1.2719298245614037,5.0,145.0,1.7440332517938248,2.163955656882057,0.0,0.0,68.17853764758662,40.02871101215734,2.4072727272727272,99.8290909090909,6.655207030131888,120.38363636363636,758.6936014350352,-2.5694992098140723,40.25692619094249,126.684100877193,30.49763897093808,64.23,182.2425,0.0043017071449344,0.365715380472923,-0.0794168136665412,0.8331216764187211,3,1,14,1:55.440,0,,38.734,0,38.474,0,38.232,0,119.7,30:18.552,14:36:07.375,0:38.734,0:38.474,0:38.232,186.2,,Am,,Toyota Gazoo Racing,GF,38.734,38.474,38.232,16.079,16.079,22.655,38.734,15.883,54.617,22.591,1:17.208,14.487,1:31.695,23.745,1:55.440,15.8,32.2,48.34,0.3161433208471382,0.3426676643401598,0,-0.1892497008716875,-0.0567008416882303,0.1464523730396052,75.96396961543337,24.03603038456663,23.38620260959185,0,0,-0.5324619785481772,0,0,0,Maintain current pace,22.73637483461708,0,115.44,115.3505,0.089500000000001,0,High,-0.3701831229057065,0,0.3042872,23.52453
GR86-037-003,3,15.0,16.34220701483269,22.65009481441421,83.45,1.3596491228070176,5.0,155.0,1.8209109120512608,2.302585092994045,0.0,0.0,69.10301165930005,39.08708516050011,2.448571428571429,99.82434782608696,8.15870352545706,130.48227272727274,930.0922019021048,-1.4158181983676847,39.783687495872975,126.51626023391812,31.412590448048867,63.3325,185.2475,0.0019807296782851,0.3806384894856905,-0.0740643933800197,0.824988221586671,3,1,15,1:55.750,0,,38.475,0,38.961,0,38.314,0,119.4,32:16.934,14:38:05.757,0:38.475,0:38.961,0:38.314,181.2,,Am,,Toyota Gazoo Racing,GF,38.475,38.961,38.314,15.893,15.893,22.582,38.475,15.788,54.263,23.173,1:17.436,14.802,1:32.238,23.512,1:55.750,15.8,32.2,48.34,0.1350795797604846,0.6042784953719987,0,0.1070455377227092,0.1909787989635256,0.226748208325904,77.9134529403577,22.0865470596423,22.73637483461708,0,1,-1.24097265173625,0,0,1,Steering indecision - check driver fatigue or track confidence,24.01731420826518,0,115.75,115.3505,0.3995000000000033,0,High,-0.4021082038421315,0,0.3042872,23.87842
GR86-037-003,3,15.0,16.34220701483269,22.65009481441421,83.45,1.3596491228070176,5.0,155.0,1.8209109120512608,2.302585092994045,0.0,0.0,69.10301165930005,39.08708516050011,2.448571428571429,99.82434782608696,8.15870352545706,130.48227272727274,930.0922019021048,-1.4158181983676847,39.783687495872975,126.51626023391812,31.412590448048867,63.3325,185.2475,0.0019807296782851,0.3806384894856905,-0.0740643933800197,0.824988221586671,3,1,15,1:54.651,0,,38.728,0,37.904,0,38.019,0,120.5,32:13.203,14:38:02.026,0:38.728,0:37.904,0:38.019,186.2,,Am,,Toyota Gazoo Racing,GF,38.728,37.904,38.019,16.163,16.163,22.565,38.728,15.872,54.600,22.032,1:16.632,14.464,1:31.096,23.555,1:54.651,15.8,32.2,48.34,0.1350795797604846,0.6042784953719987,0,0.1070455377227092,0.1909787989635256,0.226748208325904,77.9134529403577,22.0865470596423,24.01731420826518,0,1,0.6311115986733284,0,0,1,Steering indecision - check driver fatigue or track confidence,25.948081356888064,0,114.651,115.3505,0.6994999999999862,0,High,-0.4021082038421315,0,0.3042872,23.95182
GR86-037-003,3,16.0,14.959057838323703,23.1471340887809,84.64761904761903,1.2719298245614037,5.0,145.0,1.7412479017997426,2.163955656882057,0.0,0.0,70.11799464991965,39.60515235431091,2.4456521739130435,99.80272727272728,7.120527841690072,121.046,811.7401739526682,-3.842894656607773,42.75560390348912,127.46198245614036,30.900336673490926,65.405,186.614,0.0020925659327803,0.3627710042726315,-0.079190044709351,0.8408585885412405,3,1,16,1:54.476,0,,38.520,0,37.959,0,37.997,2,120.7,34:11.410,14:40:00.233,0:38.520,0:37.959,0:37.997,186.2,,Am,,Toyota Gazoo Racing,GF,38.52,37.959,37.997,15.913,15.913,22.607,38.520,16.031,54.551,21.928,1:16.479,14.434,1:30.913,23.563,1:54.476,15.8,32.2,48.34,-0.2398917971808452,0.3331892576843603,0,-0.1892497008716875,0.0523104280400107,-0.0118266370599155,72.12115149448906,27.878848505510945,25.948081356888064,0,0,3.211706522270987,0,0,0,Maintain current pace,27.39589557040181,0,114.476,115.3505,0.8744999999999976,0,High,-0.35302084217333574,0,0.3042872,26.392626
GR86-037-003,3,16.0,14.959057838323703,23.1471340887809,84.64761904761903,1.2719298245614037,5.0,145.0,1.7412479017997426,2.163955656882057,0.0,0.0,70.11799464991965,39.60515235431091,2.4456521739130435,99.80272727272728,7.120527841690072,121.046,811.7401739526682,-3.842894656607773,42.75560390348912,127.46198245614036,30.900336673490926,65.405,186.614,0.0020925659327803,0.3627710042726315,-0.079190044709351,0.8408585885412405,3,1,16,1:55.973,0,,39.491,0,38.209,0,38.273,0,119.1,34:09.176,14:39:57.999,0:39.491,0:38.209,0:38.273,185.2,,Am,,Toyota Gazoo Racing,GF,39.491,38.209,38.273,15.952,15.952,23.539,39.491,16.063,55.554,22.146,1:17.700,14.647,1:32.347,23.626,1:55.973,15.8,32.2,48.34,-0.2398917971808452,0.3331892576843603,0,-0.1892497008716875,0.0523104280400107,-0.0118266370599155,72.12115149448906,27.878848505510945,27.39589557040181,0,0,3.3785813621366287,0,0,0,Maintain current pace,26.91294263529268,0,115.973,115.3505,0.6225000000000023,0,High,-0.35302084217333574,0,0.3042872,26.392626
GR86-037-003,3,17.0,15.541411344465608,22.787116459067004,87.53772727272727,1.3478260869565215,5.0,155.0,1.7190589502732243,2.163955656882057,0.0,0.0,67.77280490477682,39.95234091007631,2.4172727272727275,99.784,7.224475462797824,119.33977272727272,830.8146782217498,-5.199117248159504,45.518299102167866,125.99202028985508,30.63200590642795,64.595,183.5025,-0.000922633861931,0.3592745673668664,-0.0826816730681503,0.8272199901304559,3,1,17,1:54.502,0,,38.585,0,37.792,0,38.125,0,120.7,36:05.912,14:41:54.735,0:38.585,0:37.792,0:38.125,185.2,,Am,,Toyota Gazoo Racing,GF,38.585,37.792,38.125,16.059,16.059,22.526,38.585,15.973,54.558,21.819,1:16.377,14.632,1:31.009,23.493,1:54.502,15.8,32.2,48.34,-0.0820159152634748,0.2576813659361046,0,0.0671100925208549,-0.0203273780345084,0.0478493429796611,73.57001029981646,26.42998970018354,26.91294263529268,0,0,0.9648612784046122,0,0,0,Maintain current pace,27.20330118437914,0,114.502,115.3505,0.8484999999999872,0,High,-0.3623774473011387,0,0.3042872,26.414808
GR86-037-003,3,17.0,15.541411344465608,22.787116459067004,87.53772727272727,1.3478260869565215,5.0,155.0,1.7190589502732243,2.163955656882057,0.0,0.0,67.77280490477682,39.95234091007631,2.4172727272727275,99.784,7.224475462797824,119.33977272727272,830.8146782217498,-5.199117248159504,45.518299102167866,125.99202028985508,30.63200590642795,64.595,183.5025,-0.000922633861931,0.3592745673668664,-0.0826816730681503,0.8272199901304559,3,1,17,1:54.375,0,,38.404,2,38.042,0,37.929,2,120.8,36:03.551,14:41:52.374,0:38.404,0:38.042,0:37.929,185.2,,Am,,Toyota Gazoo Racing,GF,38.404,38.042,37.929,15.882,15.882,22.522,38.404,15.687,54.091,22.355,1:16.446,14.434,1:30.880,23.495,1:54.375,15.8,32.2,48.34,-0.0820159152634748,0.2576813659361046,0,0.0671100925208549,-0.0203273780345084,0.0478493429796611,73.57001029981646,26.42998970018354,27.20330118437914,0,0,-0.1925943860226695,0,0,0,Maintain current pace,27.97661266857473,0,114.375,115.3505,0.9754999999999968,0,High,-0.3623774473011387,0,0.3042872,26.414808
GR86-037-003,3,18.0,15.529422487621092,24.078623771731326,87.01375494071146,1.106194690265487,5.0,125.0,1.7351837289934866,2.302585092994045,0.0,0.0,69.78263331992603,39.58287288259744,2.4017391304347826,99.7804347826087,7.429782669810028,122.50613636363636,839.5654416885332,-3.594306667719872,43.77538002371979,127.5031784660767,31.153950201158583,62.738,184.812,0.0011292602204786,0.3779860127466771,-0.0826935588504323,0.8345321608884569,3,1,18,1:55.483,0,,38.457,0,37.584,0,39.442,0,119.7,38:01.395,14:43:50.218,0:38.457,0:37.584,0:39.442,187.2,,Am,,Toyota Gazoo Racing,GF,38.457,37.584,39.442,15.895,15.895,22.562,38.457,15.705,54.162,21.879,1:16.041,15.712,1:31.753,23.73,1:55.483,15.8,32.2,48.34,-0.0852660911919216,0.3125531810653159,0,-0.7490641560920757,0.1209642408033989,-0.0477047314247189,71.25007584722967,28.749924152770333,27.97661266857473,0,0,1.063670033282058,0,0,0,Maintain current pace,28.786089922957316,0,115.483,115.3505,0.1325000000000074,0,High,-0.3942304293318387,0,0.3042872,27.688192
GR86-037-003,3,18.0,15.529422487621092,24.078623771731326,87.01375494071146,1.106194690265487,5.0,125.0,1.7351837289934866,2.302585092994045,0.0,0.0,69.78263331992603,39.58287288259744,2.4017391304347826,99.7804347826087,7.429782669810028,122.50613636363636,839.5654416885332,-3.594306667719872,43.77538002371979,127.5031784660767,31.153950201158583,62.738,184.812,0.0011292602204786,0.3779860127466771,-0.0826935588504323,0.8345321608884569,3,1,18,1:55.182,0,,38.435,0,37.487,2,39.260,0,120.0,37:58.733,14:43:47.556,0:38.435,0:37.487,0:39.260,184.3,,Am,,Toyota Gazoo Racing,GF,38.435,37.487,39.26,15.964,15.964,22.471,38.435,15.581,54.016,21.906,1:15.922,15.265,1:31.187,23.995,1:55.182,15.8,32.2,48.34,-0.0852660911919216,0.3125531810653159,0,-0.7490641560920757,0.1209642408033989,-0.0477047314247189,71.25007584722967,28.749924152770333,28.786089922957316,0,0,1.5827887385781736,0,0,0,Maintain current pace,28.82225569314429,0,115.182,115.3505,0.1684999999999945,0,High,-0.39619426666488683,0,0.3042872,28.42921
GR86-037-003,3,19.0,14.025919870378242,21.27670188811616,86.21225296442688,1.3478260869565215,5.0,155.0,1.7287739023612585,2.025326220770068,0.0,0.0,68.49358708365622,39.31735289807441,2.420434782608696,99.7652380952381,5.85593300265328,95.60631578947368,673.4322953051271,-3.740606728551715,41.94778090124554,127.1935,31.184902095362883,65.24,185.0725,0.0017272425231945,0.3447397520898617,-0.081248496473266,0.8361998797546965,3,1,19,1:55.766,0,,38.430,2,39.095,0,38.241,0,119.4,39:57.161,14:45:45.984,0:38.430,0:39.095,0:38.241,183.1,,Am,,Toyota Gazoo Racing,GF,38.43,39.095,38.241,15.824,15.824,22.606,38.430,15.724,54.154,23.371,1:17.525,14.601,1:32.126,23.64,1:55.766,15.8,32.2,48.34,-0.4928652541725758,0.2907408617724037,0,0.0671100925208549,0.1293429955524706,-0.0521735473752964,71.14157853666873,28.85842146333127,28.82225569314429,0,0,0.8456430245695543,0,0,0,Maintain current pace,26.573512850984653,0,115.766,115.3505,0.4154999999999944,0,High,-0.38236337970884887,0,0.3042872,27.240595
GR86-037-003,3,19.0,14.025919870378242,21.27670188811616,86.21225296442688,1.3478260869565215,5.0,155.0,1.7287739023612585,2.025326220770068,0.0,0.0,68.49358708365622,39.31735289807441,2.420434782608696,99.7652380952381,5.85593300265328,95.60631578947368,673.4322953051271,-3.740606728551715,41.94778090124554,127.1935,31.184902095362883,65.24,185.0725,0.0017272425231945,0.3447397520898617,-0.081248496473266,0.8361998797546965,3,1,19,1:55.225,0,,38.863,0,37.935,0,38.427,0,119.9,39:53.958,14:45:42.781,0:38.863,0:37.935,0:38.427,183.1,,Am,,Toyota Gazoo Racing,GF,38.863,37.935,38.427,15.992,15.992,22.871,38.863,15.735,54.598,22.2,1:16.798,14.651,1:31.449,23.776,1:55.225,15.8,32.2,48.34,-0.4928652541725758,0.2907408617724037,0,0.0671100925208549,0.1293429955524706,-0.0521735473752964,71.14157853666873,28.85842146333127,26.573512850984653,0,0,-2.2125770719726603,0,0,0,Maintain current pace,24.288604238638037,0,115.225,115.3505,0.1255000000000024,0,High,-0.38126016071935004,0,0.3042872,26.28221
GR86-037-003,3,20.0,17.510323916024024,25.74948905391152,90.46323308270678,1.2719298245614037,5.0,145.0,1.785162765838105,2.302585092994045,0.0,0.0,67.64934265198627,40.35539466765695,2.463043478260869,99.76363636363637,6.6492299966032204,122.0247619047619,758.0122196127671,-5.674508899551655,42.53456189447893,126.87715350877194,30.794429360841463,64.6575,182.2475,0.0010174924647795,0.3613908859602389,-0.0836378958688124,0.8307800453904768,3,1,20,1:54.830,0,,38.911,0,37.811,0,38.108,0,120.3,41:51.991,14:47:40.814,0:38.911,0:37.811,0:38.108,186.2,,Am,,Toyota Gazoo Racing,GF,38.911,37.811,38.108,16.267,16.267,22.644,38.911,15.746,54.657,22.065,1:16.722,14.515,1:31.237,23.593,1:54.830,15.8,32.2,48.34,0.4517557635786854,0.4826293425836011,0,-0.1892497008716875,0.0236410550780212,0.2301607150965548,77.99630437370858,22.003695626291417,24.288604238638037,0,0,-4.533651454506256,0,0,0,Maintain current pace,22.288827636730502,0,114.83,115.3505,0.5204999999999984,0,High,-0.39340118911251687,0,0.3042872,23.486898
GR86-037-003,3,20.0,17.510323916024024,25.74948905391152,90.46323308270678,1.2719298245614037,5.0,145.0,1.785162765838105,2.302585092994045,0.0,0.0,67.64934265198627,40.35539466765695,2.463043478260869,99.76363636363637,6.6492299966032204,122.0247619047619,758.0122196127671,-5.674508899551655,42.53456189447893,126.87715350877194,30.794429360841463,64.6575,182.2475,0.0010174924647795,0.3613908859602389,-0.0836378958688124,0.8307800453904768,3,1,20,1:54.824,0,,38.767,0,37.665,0,38.392,0,120.3,41:48.782,14:47:37.605,0:38.767,0:37.665,0:38.392,184.3,,Am,,Toyota Gazoo Racing,GF,38.767,37.665,38.392,16.161,16.161,22.606,38.767,15.733,54.500,21.932,1:16.432,14.763,1:31.195,23.629,1:54.824,15.8,32.2,48.34,0.4517557635786854,0.4826293425836011,0,-0.1892497008716875,0.0236410550780212,0.2301607150965548,77.99630437370858,22.003695626291417,22.288827636730502,0,0,-4.28468521425415,0,0,0,Maintain current pace,22.573959647169588,0,114.824,115.3505,0.5264999999999986,0,High,-0.39340118911251687,0,0.3042872,23.413498
GR86-037-003,3,21.0,17.612323210398095,23.646290626859887,84.81064593301436,1.2605042016806722,5.0,150.0,1.7557358308963538,2.302585092994045,0.0,0.0,70.58101370206221,38.16096040230823,2.442272727272728,99.7618181818182,7.158622508250232,127.91369565217391,851.8760784817775,-3.570675166398298,43.37449679184252,128.33191596638656,30.32512025031836,63.67999999999999,183.8925,0.0112392047797553,0.3599075930507289,-0.0612457590955389,0.8320097500602721,3,1,21,1:55.552,0,,38.870,0,38.524,0,38.158,0,119.6,43:47.543,14:49:36.366,0:38.870,0:38.524,0:38.158,184.3,,Am,,Toyota Gazoo Racing,GF,38.87,38.524,38.158,15.870,15.870,23.0,38.870,15.913,54.783,22.611,1:17.394,14.516,1:31.910,23.642,1:55.552,15.8,32.2,48.34,0.4794077453808384,0.3824909554493907,0,-0.2278427781675972,-0.1034020884731678,0.1949284369041428,77.14090834239133,22.859091657608676,22.573959647169588,0,0,-1.7146445914684456,0,0,0,Maintain current pace,23.19224466273022,0,115.552,115.3505,0.2014999999999958,0,High,-0.3914545696541195,0,0.3042872,23.846514
GR86-037-003,3,21.0,17.612323210398095,23.646290626859887,84.81064593301436,1.2605042016806722,5.0,150.0,1.7557358308963538,2.302585092994045,0.0,0.0,70.58101370206221,38.16096040230823,2.442272727272728,99.7618181818182,7.158622508250232,127.91369565217391,851.8760784817775,-3.570675166398298,43.37449679184252,128.33191596638656,30.32512025031836,63.67999999999999,183.8925,0.0112392047797553,0.3599075930507289,-0.0612457590955389,0.8320097500602721,3,1,21,1:54.625,0,,38.626,0,37.789,0,38.210,0,120.5,43:43.407,14:49:32.230,0:38.626,0:37.789,0:38.210,187.2,,Am,,Toyota Gazoo Racing,GF,38.626,37.789,38.21,16.013,16.013,22.613,38.626,15.879,54.505,21.91,1:16.415,14.466,1:30.881,23.744,1:54.625,15.8,32.2,48.34,0.4794077453808384,0.3824909554493907,0,-0.2278427781675972,-0.1034020884731678,0.1949284369041428,77.14090834239133,22.859091657608676,23.19224466273022,0,0,0.903417025999719,0,0,0,Maintain current pace,23.525397667851774,0,114.625,115.3505,0.7254999999999967,0,High,-0.3914545696541195,0,0.3042872,23.846514
GR86-037-003,3,22.0,16.165842745938388,22.67499421804572,89.30247035573123,1.4502164502164503,5.0,335.0,1.706817167367833,2.163955656882057,0.0,0.0,67.86474041743341,39.061991493473855,2.3908695652173915,99.75714285714288,6.704036540398216,120.18047619047618,1548.632440831988,-5.464351068952061,43.32451173117245,125.83884776334776,31.13680731677409,56.512,187.2825,0.0020469979144185,0.3600697719278674,-0.0830693980974557,0.8192470608195924,3,1,22,1:55.406,0,,38.617,0,37.489,2,39.300,0,119.7,45:42.949,14:51:31.772,0:38.617,0:37.489,0:39.300,187.2,,Am,,Toyota Gazoo Racing,GF,38.617,37.489,39.3,16.053,16.053,22.564,38.617,15.728,54.345,21.761,1:16.106,15.461,1:31.567,23.839,1:55.406,15.8,32.2,48.34,0.0872672729799092,0.216023191266552,0,0.4129607515961458,0.1163236193602882,0.1537624543860614,76.14144932702668,23.858550672973323,23.525397667851774,0,0,0.9514380206821862,0,0,0,Maintain current pace,26.066020797353545,0,115.406,115.3505,0.0555000000000092,0,High,-0.36906654968466773,0,0.3042872,23.743284
GR86-037-003,3,22.0,16.165842745938388,22.67499421804572,89.30247035573123,1.4502164502164503,5.0,335.0,1.706817167367833,2.163955656882057,0.0,0.0,67.86474041743341,39.061991493473855,2.3908695652173915,99.75714285714288,6.704036540398216,120.18047619047618,1548.632440831988,-5.464351068952061,43.32451173117245,125.83884776334776,31.13680731677409,56.512,187.2825,0.0020469979144185,0.3600697719278674,-0.0830693980974557,0.8192470608195924,3,1,22,1:54.171,2,,38.461,0,37.628,0,38.082,0,121.0,45:37.578,14:51:26.401,0:38.461,0:37.628,0:38.082,187.2,,Am,,Toyota Gazoo Racing,GF,38.461,37.628,38.082,15.889,15.889,22.572,38.461,15.64,54.101,21.988,1:16.089,14.577,1:30.666,23.505,1:54.171,15.8,32.2,48.34,0.0872672729799092,0.216023191266552,0,0.4129607515961458,0.1163236193602882,0.1537624543860614,76.14144932702668,23.858550672973323,26.066020797353545,0,0,2.8737761346233235,0,0,0,Maintain current pace,28.273490921733767,0,114.171,115.3505,1.1795000000000044,0,High,-0.36906654968466773,0,0.3042872,26.03034
GR86-037-003,3,23.0,12.35727277731103,18.937410799986186,91.70666666666666,1.2709030100334449,5.0,380.0,1.4813356536459534,2.302585092994045,0.0,0.0,39.24141979423749,40.00551611794332,2.4033333333333333,99.74947368421051,3.7935063180256976,118.11521739130436,1134.2583890896835,-2.221525207045883,37.029655540986695,98.09584894091417,42.94543536144206,15.008,187.276,-0.0204409624002541,0.2656646206447361,-0.0626029655112458,0.6548686407838066,3,1,23,1:54.875,0,,38.601,0,38.034,0,38.240,0,120.3,47:37.824,14:53:26.647,0:38.601,0:38.034,0:38.240,185.2,,Am,,Toyota Gazoo Racing,FF,38.601,38.034,38.24,15.967,15.967,22.634,38.601,15.959,54.560,22.075,1:16.635,14.542,1:31.177,23.698,1:54.875,15.8,32.2,48.34,-0.9452350409918028,-0.5512791172267957,0,-0.1927180397850003,3.312948603156524,-0.1190031372563373,69.51903895388601,30.48096104611399,28.273490921733767,0,0,4.7480932538819935,0,0,0,Maintain current pace,30.48096104611399,0,114.875,115.3505,0.4754999999999967,0,High,-0.44698858502292727,0,0.3042872,28.458738
GR86-037-003,3,23.0,12.35727277731103,18.937410799986186,91.70666666666666,1.2709030100334449,5.0,380.0,1.4813356536459534,2.302585092994045,0.0,0.0,39.24141979423749,40.00551611794332,2.4033333333333333,99.74947368421051,3.7935063180256976,118.11521739130436,1134.2583890896835,-2.221525207045883,37.029655540986695,98.09584894091417,42.94543536144206,15.008,187.276,-0.0204409624002541,0.2656646206447361,-0.0626029655112458,0.6548686407838066,3,1,23,1:54.966,0,,39.073,0,37.820,0,38.073,0,120.2,47:32.544,14:53:21.367,0:39.073,0:37.820,0:38.073,186.2,,Am,,Toyota Gazoo Racing,FF,39.073,37.82,38.073,15.913,15.913,23.16,39.073,15.779,54.852,22.041,1:16.893,14.564,1:31.457,23.509,1:54.966,15.8,32.2,48.34,-0.9452350409918028,-0.5512791172267957,0,-0.1927180397850003,3.312948603156524,-0.1190031372563373,69.51903895388601,30.48096104611399,30.48096104611399,0,0,4.414940248760445,0,0,0,Maintain current pace,,0,114.966,115.3505,0.3844999999999885,0,High,-0.44698858502292727,0,0.3042872,28.86425
GR86-038-093,93,1.0,19.31581896583694,23.091349221424448,96.15636363636364,1.5,5.0,351.0,1.651874554552101,2.163955656882057,0.0,0.0,41.02647507512741,34.59899218035855,2.369090909090909,99.96095238095238,3.660139819855672,60.7195,856.4727178462269,-4.752540312987271,37.60731345872649,94.45150502873564,28.35103360666896,45.46,157.83800000000002,0.2872052270237809,0.2522966453253741,-0.0332181730345129,0.5897499258775395,93,1,1,2:43.743,0,,1:01.417,0,50.294,0,52.032,0,84.4,2:43.743,14:08:32.566,1:01.417,0:50.294,0:52.032,151.0,,Am,,Toyota Gazoo Racing,GF,61.417,50.294,52.032,,,,1:01.417,23.276,1:24.693,27.018,1:51.711,21.211,2:12.922,30.821,2:43.743,15.8,32.2,48.34,1.0562690424735055,0.0539593999741174,0,0.3326795648651476,-0.6801969820640476,0.3122527992589484,79.98939839424217,20.010601605757827,18.386731177236747,0,0,,0,0,0,Maintain current pace,16.385896812755572,0,163.743,115.211,48.532,0,High,-0.4979561442582914,0,0.3042872,20.146559
GR86-038-093,93,2.0,20.735385317168863,20.38814104820956,83.76327272727274,1.9727891156462585,5.0,290.0,1.6333446850294768,2.163955656882057,0.0,0.0,38.15674853383358,33.98278201861117,2.382272727272728,99.9491304347826,3.443788000627257,33.87809523809524,506.2368360922068,-7.371850568315332,39.52756566226027,99.48993197278912,23.416823719681293,55.3,148.66750000000002,0.2576303658907964,0.2536658243685833,-0.0676443801047616,0.619196953011105,93,1,2,2:01.890,0,,43.258,0,39.549,0,39.083,0,113.4,4:45.633,14:10:34.456,0:43.258,0:39.549,0:39.083,177.0,,Am,,Toyota Gazoo Racing,GF,43.258,39.549,39.083,18.566,18.566,24.692,43.258,16.08,59.338,23.469,1:22.807,15.177,1:37.984,23.906,2:01.890,15.8,32.2,48.34,1.408141406787244,-0.0035051131684905,0,1.6966442357117273,-2.300411696265904,0.4460216094742192,83.23713925128433,16.762860748715667,16.385896812755572,1,0,,0,0,1,High error bursts detected - suggest 1-lap cool down,37.13592554178333,0,121.89,115.211,6.679000000000002,0,High,-0.49755755813359326,0,0.3042872,24.323978
GR86-038-093,93,3.0,20.637085061601617,25.136214223889404,95.02426877470356,1.6528925619834711,5.0,200.0,1.7515560685607707,2.302585092994045,0.0,0.0,66.30870996083874,38.70292360937457,2.453181818181818,99.91944444444444,5.501154160791679,61.09619047619047,665.6396534557932,-7.978635594746947,42.53430079087273,120.78995041322317,30.556510464861443,62.760000000000005,177.9,0.2729800671248848,0.3438939127086243,-0.05032650034011,0.7554233862913018,93,1,3,1:56.018,0,,39.617,0,38.340,0,38.061,0,119.1,6:41.651,14:12:30.474,0:39.617,0:38.340,0:38.061,186.2,,Am,,Toyota Gazoo Racing,GF,39.617,38.34,38.061,16.221,16.221,23.396,39.617,16.067,55.684,22.273,1:17.957,14.369,1:32.326,23.692,1:56.018,15.8,32.2,48.34,1.3837754140975485,0.3630899993467926,0,0.7737642812415404,0.0440012460856409,0.6263698908607578,87.61577191620678,12.384228083793218,37.13592554178333,1,0,18.749194364546582,0,0,1,High error bursts detected - suggest 1-lap cool down,39.64914882894386,0,116.018,115.211,0.8070000000000022,0,High,-0.49730725247613894,0,0.5331565,36.073498
GR86-038-093,93,4.0,1.8460370618334416,9.08617032830874,88.25045454545455,0.1718357082984073,5.0,205.0,0.3382452399719823,2.163955656882057,0.0,0.0,12.922265849540551,21.671281339235904,2.441875,99.85238095238095,0.7657156077788896,85.8875,913.4987200802152,-2.797154152484577,48.08410268802521,13.39434075630252,38.34954486287571,0.0,186.49,0.2646768933655117,0.1141450823251695,0.0028318031184136,0.2547664823301974,93,1,4,1:54.878,0,,39.307,0,37.647,2,37.924,0,120.3,8:36.529,14:14:25.352,0:39.307,0:37.647,0:37.924,187.2,,Am,,Toyota Gazoo Racing,GF,39.307,37.647,37.924,16.037,16.037,23.27,39.307,15.763,55.070,21.884,1:16.954,14.416,1:31.370,23.508,1:54.878,15.8,32.2,48.34,-3.274020596217536,-4.0198452709135015,0,-3.498984724793252,2.6029497483051784,-2.251720230482106,17.739312207158903,82.2606877928411,39.64914882894386,0,0,23.26325201618829,0,0,0,Maintain current pace,43.41019780912836,0,114.878,115.211,0.3329999999999984,0,Low,-0.6107804940724517,1,0.33573523,43.426983
GR86-038-093,93,5.0,15.24704329125984,22.05039061817638,82.75736956521739,1.3596491228070176,5.0,155.0,1.7542660661569358,2.163955656882057,0.0,0.0,68.16880661903701,39.49816954721193,2.453636363636364,99.78380952380952,6.247230589656595,81.74863636363636,712.1842872208518,-8.394462828099767,42.16146989343813,127.43750438596491,31.61377903451122,65.315,187.972,0.2683896136873283,0.3782674272721956,-0.0595135277315633,0.8399762035121627,93,1,5,2:04.352,0,,39.410,0,40.882,0,44.060,0,111.1,10:40.881,14:16:29.704,0:39.410,0:40.882,0:44.060,178.2,,Am,,Toyota Gazoo Racing,FCY,39.41,40.882,44.06,15.893,15.893,23.517,39.410,16.245,55.655,24.637,1:20.292,15.681,1:35.973,28.379,2:04.352,15.8,32.2,48.34,0.0477288533288617,0.3714941973521334,0,-0.0722232378397818,0.3911697153328032,0.1354756911940049,75.69746938980273,24.302530610197262,43.41019780912836,0,0,6.274272267345033,0,0,0,Maintain current pace,27.009907047940263,1,124.352,115.211,9.141000000000004,0,High,-0.4240030192309818,0,0.6659804,40.76684
GR86-038-093,93,6.0,16.52946169013315,20.18327301272319,75.0202380952381,1.4919354838709675,5.0,185.0,1.6853723840778596,2.163955656882057,0.0,0.0,45.30964118139924,36.98921449539823,2.352727272727273,99.683,3.862458240742427,62.83275,478.94482185206095,-7.274699125091833,40.15200704067535,118.45244354838712,29.389574491605007,60.654,180.9425,0.2568407816645719,0.2836111818672421,-0.0501745302908872,0.7628843575539985,93,1,6,2:56.089,0,,1:04.920,0,1:00.056,0,51.113,0,78.5,13:36.970,14:19:25.793,1:04.920,1:00.056,0:51.113,152.1,,Am,,Toyota Gazoo Racing,FCY,64.92,60.056,51.113,24.428,24.428,40.492,1:04.920,30.41,1:35.330,29.646,2:04.976,17.314,2:22.290,33.799,2:56.089,15.8,32.2,48.34,0.3656059244693564,0.1578422936276069,0,0.309413980435529,-0.3391780020017981,0.1616366476128581,76.33262497565326,23.66737502434674,27.009907047940263,0,0,-12.639241781003594,1,0,1,Focus dropped 13 points - consider radio reminder,32.046403001288546,0,176.089,115.211,60.878,1,High,-0.4418600066647282,0,0.3042872,32.074142
GR86-038-093,93,7.0,11.775797043306705,13.804647476688258,71.14559288537549,1.4488636363636365,5.0,255.0,1.597662789085514,2.163955656882057,0.0,0.0,22.3297723871415,21.335422587337725,2.361304347826087,99.5431818181818,2.5893537614979327,34.263333333333335,455.7262620236362,-6.149128175214806,37.35622235928739,84.17029829545454,31.01195863672957,7.92,151.95499999999998,0.258822680094505,0.20957823902588,-0.027030869160527,0.5295621110443336,93,1,7,2:46.122,0,,55.848,0,58.380,0,51.894,0,83.2,16:23.092,14:22:11.915,0:55.848,0:58.380,0:51.894,144.0,,Am,,Toyota Gazoo Racing,FCY,55.848,58.38,51.894,23.178,23.178,32.67,55.848,27.517,1:23.365,30.863,1:54.228,20.79,2:15.018,31.104,2:46.122,15.8,32.2,48.34,-0.8126998425446623,-0.1141611960902578,0,0.1851546090500706,0.1935538282656378,-0.2252216776018887,66.94018449072321,33.05981550927679,32.046403001288546,0,0,-11.363794807839817,1,0,1,Focus dropped 11 points - consider radio reminder,30.749412685587345,0,166.122,115.211,50.911000000000016,0,High,-0.4661061207305723,0,0.3042872,31.096554
GR86-038-093,93,8.0,12.273272769098856,15.181544442521272,70.4038961038961,1.412121212121212,5.0,233.0,1.4748091373379777,2.163955656882057,0.0,0.0,25.719786258895933,28.825396864256653,2.3291304347826087,99.53318181818182,1.8837260444649773,18.241818181818186,310.81479733672126,-6.767363212849067,34.85347671525294,89.07060303030303,25.302382997077245,40.1275,143.7875,0.2563351745055136,0.1920325251050942,-0.0300596985599403,0.560371191317885,93,1,8,2:26.553,0,,47.265,0,49.303,0,49.985,0,94.3,18:49.645,14:24:38.468,0:47.265,0:49.303,0:49.985,161.2,,Am,,Toyota Gazoo Racing,GF,47.265,49.303,49.985,22.536,22.536,24.729,47.265,25.013,1:12.278,24.29,1:36.568,17.794,1:54.362,32.191,2:26.553,15.8,32.2,48.34,-0.689388973941066,-0.4951528310741995,0,0.079155196353311,-1.6812627431998184,-0.4868578948178548,60.58798152975789,39.41201847024211,30.749412685587345,0,0,3.739505637647081,0,0,0,Maintain current pace,28.740849002979093,0,146.553,115.211,31.342,0,Medium,-0.4651730585709815,0,0.3042872,26.620495
GR86-038-093,93,9.0,17.858620314518067,19.35472585689068,78.645,1.793103448275862,5.0,260.0,1.6995257888929722,2.302585092994045,0.0,0.0,38.65440364291538,33.43290268703903,2.433636363636364,99.51681818181818,3.082554815124905,48.29818181818182,446.9704481931112,-7.280699024718673,39.89233060778033,100.34076896551724,26.95699841188821,46.38,162.3375,0.2777560061322722,0.2492897091751942,-0.0709976411076758,0.6863863966657919,93,1,9,1:55.116,0,,38.736,0,38.175,0,38.205,0,120.0,20:44.761,14:26:33.584,0:38.736,0:38.175,0:38.205,185.2,,Am,,Toyota Gazoo Racing,GF,38.736,38.175,38.205,15.980,15.980,22.756,38.736,16.024,54.760,22.151,1:16.911,14.651,1:31.562,23.554,1:55.116,15.8,32.2,48.34,0.6950686419193001,0.2017345895780811,0,1.178263219651951,-1.137947338540658,0.3218989890640371,80.22359592275687,19.77640407724313,28.740849002979093,1,0,-3.3055539983094526,0,0,1,High error bursts detected - suggest 1-lap cool down,24.881165636218807,0,115.116,115.211,0.0949999999999988,0,High,-0.4501987784505701,0,0.3042872,24.03063
GR86-038-093,93,10.0,14.60716400494336,21.479744182255185,91.54041125541129,1.2280701754385963,5.0,140.0,1.768087978299954,2.1639556568820564,0.0,0.0,64.92422448231041,39.684984019702384,2.383809523809524,99.5268181818182,5.914907437676317,89.0097619047619,674.2994478951001,-9.668648210800448,40.13155780708279,127.50291081871346,31.04417997254459,67.776,186.342,0.2664998148049665,0.3575330870785425,-0.0695320804423628,0.8313763950015859,93,1,10,1:54.313,0,,38.516,0,37.672,0,38.125,0,120.9,22:39.074,14:28:27.897,0:38.516,0:37.672,0:38.125,186.2,,Am,,Toyota Gazoo Racing,GF,38.516,37.672,38.125,15.968,15.968,22.548,38.516,15.855,54.371,21.817,1:16.188,14.498,1:30.686,23.627,1:54.313,15.8,32.2,48.34,-0.1108800325046977,0.4143584739207659,0,-0.4518196153756537,0.204134140736011,0.0229660804960352,72.96587553854795,27.03412446145205,24.881165636218807,0,0,-5.868247049368538,0,0,0,Maintain current pace,27.46195233084909,0,114.313,115.211,0.8979999999999961,0,High,-0.40316481814697097,0,0.3042872,25.530483
GR86-038-093,93,11.0,14.09325692194914,22.733889493827743,89.58454545454543,1.2280701754385963,5.0,140.0,1.7719233886724015,2.302585092994045,0.0,0.0,68.34557701538651,39.49459707195416,2.370909090909091,99.53,6.442066007409829,98.35214285714284,734.3955248447205,-8.903937583308291,40.97641921194229,128.40479824561405,31.11539849109793,65.535,185.346,0.2707962186427861,0.3611629049563011,-0.066172165426742,0.8387409223559635,93,1,11,1:54.196,0,,38.404,0,37.746,0,38.046,0,121.0,24:33.270,14:30:22.093,0:38.404,0:37.746,0:38.046,187.2,,Am,,Toyota Gazoo Racing,GF,38.404,37.746,38.046,15.819,15.819,22.585,38.404,15.884,54.288,21.862,1:16.150,14.427,1:30.577,23.619,1:54.196,15.8,32.2,48.34,-0.2382637931588494,0.4262527827007448,0,-0.4518196153756537,0.2275197068806701,-0.0099369138907496,72.16703163003876,27.83296836996124,27.46195233084909,0,0,-1.2788966721300028,0,0,0,Maintain current pace,26.57289913184541,0,114.196,115.211,1.0150000000000006,0,High,-0.4044972932564179,0,0.3042872,26.505093
GR86-038-093,93,12.0,14.34551482504926,20.987713884743943,78.48045454545455,1.238938053097345,5.0,140.0,1.7402961680984048,2.163955656882057,0.0,0.0,68.11263293311455,39.06048853542107,2.374090909090909,99.52761904761904,6.322982926750049,82.92975,714.4970707227556,-8.527828778283812,42.9609306665374,128.20792477876108,31.54177416030301,65.534,186.22,0.2698851949252964,0.3685186112139517,-0.0661607375455323,0.8483264501982282,93,1,12,1:55.211,0,,38.785,0,37.842,0,38.584,0,119.9,26:28.481,14:32:17.304,0:38.785,0:37.842,0:38.584,179.1,,Am,,Toyota Gazoo Racing,GF,38.785,37.842,38.584,15.993,15.993,22.792,38.785,15.767,54.552,22.075,1:16.627,14.903,1:31.530,23.681,1:55.211,15.8,32.2,48.34,-0.1757358354502272,0.3281709894037343,0,-0.4204665222458469,0.3675259386474906,0.0030046122437374,72.48123583886601,27.518764161133987,26.57289913184541,0,0,1.6917334956266077,0,0,0,Maintain current pace,25.9135144304542,0,115.211,115.211,0.0,0,High,-0.4090313320398715,0,0.3042872,26.392448
GR86-038-093,93,13.0,15.083994653352052,23.177966301197824,91.546992481203,1.4035087719298245,5.0,160.0,1.7471247378186212,2.163955656882057,0.0,0.0,65.75808189005672,39.70256726688488,2.3327272727272725,99.524,6.15329368175049,76.96181818181819,701.4754797195559,-9.0063466104644,41.41602189427409,126.78801315789474,31.49280033556065,67.412,180.98,0.2665063738211998,0.3658486604825201,-0.0642076550302552,0.8286019381997375,93,1,13,1:54.786,0,,38.640,0,37.851,0,38.295,0,120.4,28:23.267,14:34:12.090,0:38.640,0:37.851,0:38.295,185.2,,Am,,Toyota Gazoo Racing,GF,38.64,37.851,38.295,15.942,15.942,22.698,38.640,15.85,54.490,22.001,1:16.491,14.772,1:31.263,23.523,1:54.786,15.8,32.2,48.34,0.0073134760096416,0.349347632550276,0,0.0543088880055083,0.3514447193082867,0.1328217560721164,75.63303513555898,24.366964864441016,25.9135144304542,0,0,-1.5484379003948945,0,0,0,Maintain current pace,25.948964250640937,0,114.786,115.211,0.4249999999999971,0,High,-0.396503329242681,0,0.3042872,25.73022
GR86-038-093,93,14.0,14.265271197349335,20.824151144851605,83.04316770186335,1.4035087719298245,5.0,160.0,1.7474521144957846,2.302585092994045,0.0,0.0,65.95923072291775,39.45248876976402,2.350909090909091,99.5059090909091,6.289389140671177,76.19326086956521,716.9903620365142,-8.846093344479788,42.72419273725016,127.44247368421054,31.47288693778212,67.57,185.8275,0.2668350977407521,0.3689119325420012,-0.0682559222452845,0.8373686357166494,93,1,14,1:54.272,0,,38.749,0,37.857,0,37.666,2,120.9,30:17.539,14:36:06.362,0:38.749,0:37.857,0:37.666,188.2,,Am,,Toyota Gazoo Racing,GF,38.749,37.857,37.666,16.143,16.143,22.606,38.749,15.846,54.595,22.011,1:16.606,14.272,1:30.878,23.394,1:54.272,15.8,32.2,48.34,-0.1956260751515218,0.350362887479323,0,0.0543088880055083,0.3449058851627004,0.0715398210414705,74.14518573421242,25.85481426578758,25.948964250640937,0,0,-0.6239348812044767,0,0,0,Maintain current pace,25.40300205987843,0,114.272,115.211,0.9390000000000072,0,High,-0.40999706820695464,0,0.3042872,26.227758
GR86-038-093,93,15.0,13.6904853097801,22.17199335360132,85.43060606060605,1.3716814159292037,5.0,155.0,1.7282088223055838,2.302585092994045,0.0,0.0,66.86116359850973,39.86003825552793,2.441818181818182,99.50285714285714,6.558229409329929,103.4541304347826,741.079923254282,-9.364076401177918,43.236568926191815,127.9603244837758,31.427779723567745,67.53,186.55,0.2674780121264558,0.3733622742796807,-0.065175363208307,0.8398839893055811,93,1,15,1:53.978,0,,38.291,0,37.652,0,38.035,0,121.2,32:11.517,14:38:00.340,0:38.291,0:37.652,0:38.035,183.1,,Am,,Toyota Gazoo Racing,GF,38.291,37.652,38.035,15.697,15.697,22.594,38.291,15.719,54.010,21.933,1:15.943,14.543,1:30.486,23.492,1:53.978,15.8,32.2,48.34,-0.3381000560566013,0.2906859202119226,0,-0.0375108847317814,0.3300943198137029,-0.0013757374923966,72.37488637830579,27.62511362169421,25.40300205987843,0,0,-0.5105123705757677,0,0,0,Maintain current pace,24.40162929645864,0,113.978,115.211,1.23299999999999,0,High,-0.4182465454714917,0,0.3042872,26.086744
GR86-038-093,93,16.0,15.871177908919348,23.719767471936247,90.35913157894736,1.415929203539823,5.0,160.0,1.7709929369696953,2.163955656882057,0.0,0.0,66.9994260847123,39.48479845001012,2.468260869565217,99.47045454545454,6.101095343688193,94.68045454545454,689.4237738367658,-8.342094675371138,42.47035873012491,128.36316814159292,31.037375334641943,65.888,182.868,0.2679014933666672,0.3642240132807324,-0.0672573946014429,0.8490274400024227,93,1,16,1:55.253,0,,38.657,0,38.602,0,37.994,0,119.9,34:06.770,14:39:55.593,0:38.657,0:38.602,0:37.994,185.2,,Am,,Toyota Gazoo Racing,GF,38.657,38.602,37.994,16.175,16.175,22.482,38.657,16.45,55.107,22.152,1:17.259,14.475,1:31.734,23.519,1:55.253,15.8,32.2,48.34,0.2024350587555015,0.4233672818593362,0,0.090140994439573,0.2018997456236833,0.2002834618197888,77.27092170784651,22.72907829215349,24.40162929645864,0,0,-1.547334954182297,0,0,0,Maintain current pace,22.65353524418759,0,115.253,115.211,0.0420000000000015,0,High,-0.3909768488121583,0,0.3042872,23.756062
GR86-038-093,93,17.0,16.352660787865233,23.009861216705303,92.44190476190477,1.4473684210526316,5.0,165.0,1.7176309242469576,2.163955656882057,0.0,0.0,66.0223735058383,38.294603812119504,2.6995454545454547,99.45636363636363,6.198338440168968,89.51238095238095,706.6105821792623,-8.860335463511424,40.40021406910263,126.9421403508772,30.64004481424701,67.025,185.212,0.2674238122349768,0.3582381940898245,-0.0685243139095572,0.8304703583435172,93,1,17,1:54.466,0,,38.860,0,37.720,0,37.886,0,120.7,36:01.236,14:41:50.059,0:38.860,0:37.720,0:37.886,185.2,,Am,,Toyota Gazoo Racing,GF,38.86,37.72,37.886,15.990,15.990,22.87,38.860,15.841,54.701,21.879,1:16.580,14.353,1:30.933,23.533,1:54.466,15.8,32.2,48.34,0.3217817302459276,0.2578819244110385,0,0.1808410138507992,0.0714308822615759,0.1952742404803153,77.14930402447177,22.850695975528225,22.65353524418759,0,0,-2.749466815690837,0,0,0,Maintain current pace,23.214728680650552,0,114.466,115.211,0.7449999999999903,0,High,-0.4017846603707412,0,0.3042872,23.507
GR86-038-093,93,18.0,16.425161029915124,23.14222432535329,83.64683982683982,1.4035087719298245,5.0,160.0,1.7443368547282192,2.163955656882057,0.0,0.0,66.58049761467238,39.45548057652556,2.4727272727272727,99.42909090909092,5.467213136009881,65.27204545454546,623.2622975051264,-8.996899330228699,40.82325320344214,128.27031140350877,31.01269489881012,66.72,184.4425,0.2673949159866155,0.3490532522015382,-0.0678050652839539,0.8398265600475671,93,1,18,1:55.791,0,,39.423,0,37.847,0,38.521,0,119.3,37:57.027,14:43:45.850,0:39.423,0:37.847,0:38.521,185.2,,Am,,Toyota Gazoo Racing,GF,39.423,37.847,38.521,16.761,16.761,22.662,39.423,15.785,55.208,22.062,1:17.270,15.138,1:32.408,23.383,1:55.791,15.8,32.2,48.34,0.3397525926571687,0.3407018973877667,0,0.0543088880055083,0.1937955899019969,0.2146271443351182,77.61916853511894,22.38083146488105,23.214728680650552,0,0,-1.1869006158080886,0,0,0,Maintain current pace,23.396745033211715,0,115.791,115.211,0.5799999999999983,0,High,-0.39713587847105947,0,0.3042872,23.131712
GR86-038-093,93,19.0,15.082096861059105,24.652367867451662,91.68057312252964,1.3652173913043475,5.0,157.0,1.7323131340932467,2.163955656882057,0.0,0.0,69.55081122574653,39.67610550239333,2.424090909090909,99.42454545454548,6.777229141998518,102.24261904761906,779.3813513298296,-10.632411497922368,39.56585601140245,127.14899130434785,32.29412731007329,65.964,183.366,0.2674203612581495,0.3635579984344992,-0.07446559017542,0.8085193071476081,93,1,19,1:53.925,0,,38.125,2,37.766,0,38.034,0,121.3,39:50.952,14:45:39.775,0:38.125,0:37.766,0:38.034,185.2,,Am,,Toyota Gazoo Racing,GF,38.125,37.766,38.034,15.657,15.657,22.468,38.125,15.825,53.950,21.941,1:15.891,14.507,1:30.398,23.527,1:53.925,15.8,32.2,48.34,0.0068430642811097,0.3034141414428142,0,-0.0561591592542068,0.6145712957468231,0.1309397103315877,75.58734139845762,24.412658601542372,23.396745033211715,0,0,0.7432097890241245,0,0,0,Maintain current pace,,0,113.925,115.211,1.2860000000000014,0,High,-0.4060653319982384,0,0.3042872,23.685005
GR86-041-073,73,1.0,15.912221305183431,20.712955508433133,82.2983022774327,1.4958677685950412,5.0,362.0,1.5162548938055662,2.302585092994045,0.0,0.0,45.01664719803303,38.08602505358088,2.34,100.16956521739132,4.389551359092248,74.36931818181819,1062.2714289003238,-2.473241095362623,35.62569436900381,95.19269283746556,29.786754387379563,37.5525,165.0175,0.024361194646641,0.2696115237229975,-0.0749681379581485,0.594439955010932,73,1,1,2:45.032,0,,1:04.458,0,50.487,0,50.087,0,83.7,2:45.032,14:08:33.855,1:04.458,0:50.487,0:50.087,159.1,,Am,,Toyota Gazoo Racing,GF,64.458,50.487,50.087,,,,1:04.458,22.992,1:27.450,27.495,1:54.945,21.409,2:16.354,28.678,2:45.032,15.8,32.2,48.34,0.7504804342358612,-0.1252101104939695,0,0.1706585629525715,-0.4012035420684836,0.1793200328833033,76.76195564504638,23.23804435495361,24.19617604061223,0,0,,0,0,0,Maintain current pace,18.515473920101115,0,165.03199999999998,115.175,49.85699999999999,0,High,-0.3944774417451083,0,0.3042872,21.694471
GR86-041-073,73,2.0,14.322537547015967,17.5803089475857,79.85581453634084,1.793103448275862,5.0,260.0,1.4607459700701295,2.163955656882057,0.0,0.0,39.01608404904205,35.38531219641049,2.35,100.1309090909091,4.064669641785396,55.64000000000001,589.3770980588824,-3.384976540792904,37.50632122770449,101.84380689655173,26.963206539781144,53.164,161.64,-0.001406841755566,0.2617381776010643,-0.0871189506589634,0.6192229974415923,73,1,2,2:02.863,0,,43.095,0,39.768,0,40.000,0,112.5,4:47.895,14:10:36.718,0:43.095,0:39.768,0:40.000,173.1,,Am,,Toyota Gazoo Racing,GF,43.095,39.768,40.0,17.895,17.895,25.2,43.095,16.38,59.475,23.388,1:22.863,16.257,1:39.120,23.743,2:02.863,15.8,32.2,48.34,0.3801226664223526,-0.2721246569556878,0,0.917269813566516,-0.8320363788205388,0.1003924698407073,74.84569227372916,25.154307726270844,18.515473920101115,0,0,,0,0,0,Maintain current pace,16.514386150669253,0,122.863,115.175,7.688000000000002,0,High,-0.39777939827124714,0,0.3042872,18.398212
GR86-041-073,73,3.0,18.20374689989082,21.39945661826802,80.82567287784678,2.418032786885246,5.0,295.0,1.7414511735149607,2.302585092994045,0.0,0.0,66.98027022474378,36.58078719474626,2.692272727272728,100.2090909090909,7.9169720592461585,66.9895652173913,965.8705912280312,-2.8737442655356893,41.56350467206999,119.57351229508195,30.17036085001462,52.6,174.60399999999998,0.0084763256799796,0.3484300069941807,-0.0844641004126792,0.7507534886322016,73,1,3,1:55.534,0,,38.710,0,38.245,0,38.579,0,119.6,6:43.429,14:12:32.252,0:38.710,0:38.245,0:38.579,182.1,,Am,,Toyota Gazoo Racing,GF,38.71,38.245,38.579,15.950,15.950,22.76,38.710,15.927,54.637,22.318,1:16.955,14.886,1:31.841,23.693,1:55.534,15.8,32.2,48.34,1.2843503311779343,0.4708131425609418,0,2.48699817035572,-0.3426707069921966,0.8417910398477539,92.84593032092113,7.154069679078887,16.514386150669253,1,0,-7.681789889942976,0,0,1,High error bursts detected - suggest 1-lap cool down,14.349503989146337,0,115.534,115.175,0.3589999999999946,0,High,-0.4707843059992368,0,0.3042872,19.035446
GR86-041-073,73,4.0,15.794204889781488,24.088141481744223,86.28575569358178,1.6666666666666667,5.0,190.0,1.7784074305600694,2.163955656882057,0.0,0.0,68.6041366988754,38.9491225155903,2.377142857142857,100.25,6.875112974691079,88.41952380952381,783.762879114783,-4.058091001172118,43.17262740753298,126.76473684210526,30.946800089932424,64.732,183.7,0.0102839097026017,0.359245660584524,-0.0866353564681066,0.8379415584200149,73,1,4,1:55.920,0,,39.223,0,38.143,0,38.554,0,119.2,8:39.349,14:14:28.172,0:39.223,0:38.143,0:38.554,184.3,,Am,,Toyota Gazoo Racing,GF,39.223,38.143,38.554,16.349,16.349,22.874,39.223,16.159,55.382,21.984,1:17.366,14.717,1:32.083,23.837,1:55.920,15.8,32.2,48.34,0.7229854711974258,0.568624654248363,0,0.5996796650950684,-0.224197233775187,0.42658403130806,82.76521895334197,17.23478104665803,14.349503989146337,0,0,-4.165969930954779,0,0,0,Maintain current pace,36.697483826264126,0,115.92,115.175,0.7450000000000045,0,High,-0.3821214158004964,0,0.3042872,29.000393
GR86-041-073,73,5.0,15.391562273155571,22.79175173192749,89.43826086956521,1.608695652173913,5.0,185.0,1.75878277890561,2.163955656882057,0.0,0.0,68.01528523261251,39.52966321261437,2.4013043478260867,100.1540909090909,6.800168136274523,84.1875,782.0193356715702,-4.171013713595591,45.24335044253602,126.46815942028984,31.227342579363096,61.3775,185.502,0.00809885848466,0.3587125007043025,-0.0877722183903725,0.8261238365366183,73,1,5,2:02.475,0,,39.326,0,41.128,0,42.021,0,112.8,10:41.824,14:16:30.647,0:39.326,0:41.128,0:42.021,180.0,,Am,,Toyota Gazoo Racing,FCY,39.326,41.128,42.021,16.703,16.703,22.623,39.326,16.92,56.246,24.208,1:20.454,15.932,1:36.386,26.089,2:02.475,15.8,32.2,48.34,0.6291795051025922,0.516684414674892,0,0.4540652096694244,-0.1813904803306849,0.3678956886168459,81.3403387582979,18.659661241702096,36.697483826264126,0,0,20.183097675594876,0,0,0,Maintain current pace,45.21857049045979,0,122.475,115.175,7.299999999999997,0,High,-0.3869399028520182,0,0.4034302,44.07453
GR86-041-073,73,6.0,1.4701848122656744,6.9583731396935615,81.69999999999999,0.3347315436241611,5.0,399.0,0.355547678294303,2.0431918705451206,0.0,0.0,11.400209305403672,16.080782301392915,2.352272727272727,100.18863636363636,1.3237405128705904,59.935,1577.8986913417436,-5.406402891623579,45.168345959957165,13.323429352396971,37.38490004488735,0.0,181.526,0.0136809789432541,0.0979663305902988,-0.0177085893053624,0.2460913456711602,73,1,6,2:55.968,0,,1:04.743,0,1:00.278,0,50.947,0,78.5,13:37.792,14:19:26.615,1:04.743,1:00.278,0:50.947,157.2,,Am,,Toyota Gazoo Racing,FCY,64.743,60.278,50.947,24.608,24.608,40.135,1:04.743,30.477,1:35.220,29.801,2:05.021,17.305,2:22.326,33.642,2:55.968,15.8,32.2,48.34,-2.6141638673226355,-3.1972346187410787,0,-2.745940716076045,0.7581643257237006,-1.919632489721097,25.80199080956775,74.19800919043224,45.21857049045979,0,0,30.86906650131345,0,0,0,Maintain current pace,52.55983728681674,0,175.96800000000002,115.175,60.79300000000002,1,Low,-0.6303154443028911,1,0.5477393,52.124573
GR86-041-073,73,7.0,6.286413017052324,7.026057441179224,54.90363636363637,1.32,5.0,231.0,1.412229862401642,2.302585092994045,0.0,0.0,18.35070188588353,15.68516351247318,2.322857142857143,100.0486956521739,2.604922201961708,39.94921052631579,455.8613853432989,-2.999363360405531,33.81062807927688,83.61923714285714,29.932573188858505,12.7225,146.44400000000002,0.0001334646922218,0.2103208591275592,-0.0483993689720253,0.4921819993710251,73,1,7,2:46.150,0,,55.923,0,58.556,0,51.671,0,83.2,16:23.942,14:22:12.765,0:55.923,0:58.556,0:51.671,138.1,,Am,,Toyota Gazoo Racing,FCY,55.923,58.556,51.671,23.177,23.177,32.746,55.923,27.554,1:23.477,31.002,1:54.479,21.335,2:15.814,30.336,2:46.150,15.8,32.2,48.34,-1.4920994831073318,-0.4005314332818773,0,-0.2710947783502824,-0.3789536878836528,-0.6263222887935765,57.20195896075497,42.79804103924503,52.55983728681674,0,0,15.862353460552612,0,0,0,Maintain current pace,38.42290525348872,0,166.15,115.175,50.97500000000001,1,Medium,-0.5057863681755219,0,0.6524793,38.183468
GR86-041-073,73,8.0,7.495464535835536,9.818058405194112,66.8779090909091,1.606060606060606,5.0,265.0,1.3627752482665634,2.163955656882057,0.0,0.0,20.73211804010215,21.371731703294937,2.309,100.04565217391306,2.040614063098968,22.394782608695653,336.70132041132973,-2.6832279913261816,33.80746187645709,88.80174545454545,25.18333542697422,42.0325,138.715,-0.0040432048895945,0.1842043784445845,-0.0474211915886354,0.5314324070988667,73,1,8,2:26.611,0,,46.953,0,49.871,0,49.787,0,94.2,18:50.553,14:24:39.376,0:46.953,0:49.871,0:49.787,149.2,,Am,,Toyota Gazoo Racing,GF,46.953,49.871,49.787,23.115,23.115,23.838,46.953,25.085,1:12.038,24.786,1:36.824,17.28,1:54.104,32.507,2:26.611,15.8,32.2,48.34,-1.2104197972154214,-0.5314221390848443,0,0.4474463707864402,-1.1036191399329005,-0.5392264323111615,59.31653836922705,40.68346163077295,38.42290525348872,0,0,-6.795665236971075,0,0,0,Maintain current pace,31.259959963057657,0,146.611,115.175,31.435999999999996,0,Medium,-0.4492827206833521,0,0.636303,30.500347
GR86-041-073,73,9.0,12.585762399189882,15.548387260566637,83.9455,1.406896551724138,5.0,204.0,1.4599106804448128,2.163955656882057,0.0,0.0,37.14291506900109,32.70351144324808,2.341904761904762,100.02826086956522,3.675999381529331,96.83565217391303,533.019910321753,-2.417540631639939,36.58401152716624,100.0552264367816,26.586814930720248,55.29,157.68200000000002,0.0178917606433571,0.249887939205796,-0.0832897292726788,0.6565932405742267,73,1,9,1:54.833,0,,38.693,0,37.894,0,38.246,0,120.3,20:45.386,14:26:34.209,0:38.693,0:37.894,0:38.246,183.1,,Am,,Toyota Gazoo Racing,GF,38.693,37.894,38.246,16.071,16.071,22.622,38.693,15.876,54.569,22.018,1:16.587,14.717,1:31.304,23.529,1:54.833,15.8,32.2,48.34,-0.024503828399698,-0.2743354041330691,0,-0.05282373085536,-0.8894683308943468,-0.1728053922709154,68.21278690955184,31.78721309044816,31.259959963057657,0,0,-21.29987732375908,1,0,1,Focus dropped 21 points - consider radio reminder,24.978135693072904,0,114.833,115.175,0.3419999999999987,0,High,-0.3959092722164457,0,0.3042872,26.362232
GR86-041-073,73,10.0,15.207262408536057,23.099932177554905,94.79904761904764,1.4035087719298245,5.0,160.0,1.7474045670102465,2.163955656882057,0.0,0.0,68.53426198849765,39.58727442912698,2.4075,100.05545454545457,6.128136353512934,78.82090909090908,698.6075443004745,-3.049150027837108,42.443161798905,127.66697807017545,30.4795339210349,63.06,182.864,0.0113815887483309,0.3541855455580552,-0.0918321161274268,0.8436878448452311,73,1,10,1:54.289,2,,38.184,2,37.814,0,38.291,0,120.9,22:39.675,14:28:28.498,0:38.184,0:37.814,0:38.291,185.2,,Am,,Toyota Gazoo Racing,GF,38.184,37.814,38.291,15.933,15.933,22.251,38.184,15.838,54.022,21.976,1:15.998,14.614,1:30.612,23.677,1:54.289,15.8,32.2,48.34,0.5862421056870634,0.486569890240589,0,-0.0613333233502893,-0.2954953381213249,0.2587655719515904,78.69079483204814,21.30920516795186,24.978135693072904,0,0,-13.44476956041581,1,0,1,Focus dropped 13 points - consider radio reminder,21.983510225514788,0,114.289,115.175,0.8859999999999957,0,High,-0.365676397199161,0,0.3042872,23.865416
GR86-041-073,73,11.0,14.515612593997997,22.30148091126308,78.82767391304348,1.3596491228070176,5.0,155.0,1.798515945525014,2.302585092994045,0.0,0.0,70.29592985940685,38.95071765195148,2.39,100.07318181818182,6.375611298606365,89.79181818181819,726.8196880411256,-2.0638975083589983,42.26529124893037,128.44849122807017,31.086932194641832,67.168,182.294,0.0094440371219637,0.3601302369092813,-0.0902380668729413,0.8430890232874851,73,1,11,1:54.386,0,,38.335,0,37.831,0,38.220,0,120.8,24:34.061,14:30:22.884,0:38.335,0:37.831,0:38.220,185.2,,Am,,Toyota Gazoo Racing,GF,38.335,37.831,38.22,15.776,15.776,22.559,38.335,15.969,54.304,21.862,1:16.166,14.632,1:30.798,23.588,1:54.386,15.8,32.2,48.34,0.4251044705411689,0.6218455268088504,0,-0.1715021547578487,-0.2028150878188712,0.2369858908689988,78.1620111791813,21.83798882081869,21.983510225514788,0,1,-9.276449737542867,0,0,1,Steering indecision - check driver fatigue or track confidence,21.81228159545529,0,114.386,115.175,0.7890000000000015,0,High,-0.37408730027567827,0,0.3042872,23.112366
GR86-041-073,73,12.0,14.38153721749017,22.598757961605383,85.42006211180124,1.3596491228070176,5.0,155.0,1.747030071740101,2.163955656882057,0.0,0.0,70.77568777884242,39.23178228539911,2.381818181818182,100.06363636363636,6.610647855537229,86.5475,753.6138555312441,-3.1201866493254524,42.52513139469148,128.1142543859649,31.32788487321485,61.834,186.1025,0.0119099445236539,0.3721223853790354,-0.0880041905460074,0.8434830846806027,73,1,12,1:55.348,0,,38.533,0,37.814,0,39.001,0,119.8,26:29.409,14:32:18.232,0:38.533,0:37.814,0:39.001,181.2,,Am,,Toyota Gazoo Racing,GF,38.533,37.814,39.001,15.830,15.830,22.703,38.533,15.774,54.307,22.04,1:16.347,15.275,1:31.622,23.726,1:55.348,15.8,32.2,48.34,0.3938681589747501,0.4855787198293646,0,-0.1715021547578487,-0.1660491707401452,0.1972248873620743,77.19666331222619,22.803336687773808,21.81228159545529,0,0,-3.165854097617615,0,0,0,Maintain current pace,21.726108565377498,0,115.348,115.175,0.1730000000000018,0,High,-0.352928654752396,0,0.3042872,22.840076
GR86-041-073,73,13.0,15.32671971586966,22.782034950835737,80.94022727272728,1.5350877192982455,5.0,175.0,1.6733122567468923,2.302585092994045,0.0,0.0,67.89265043331874,39.84927292450767,2.382272727272728,100.08045454545454,6.417466243598561,84.78630434782609,731.5911517702359,-2.9138663811735204,42.2803030266408,126.7051096491228,31.28284554246058,62.002500000000005,182.4725,0.0095723622880417,0.3660649507921431,-0.0843721423335154,0.8368834060583984,73,1,13,1:54.379,0,,38.658,0,37.570,0,38.151,0,120.8,28:23.788,14:34:12.611,0:38.658,0:37.570,0:38.151,185.2,,Am,,Toyota Gazoo Racing,GF,38.658,37.57,38.151,16.023,16.023,22.635,38.658,15.791,54.449,21.779,1:16.228,14.641,1:30.869,23.51,1:54.379,15.8,32.2,48.34,0.6140727616057513,0.2904710033206738,0,0.2691731708723892,-0.1729215255510544,0.2799234023876468,79.20448072222663,20.79551927777337,21.726108565377498,0,0,-0.2574016601372904,0,0,0,Maintain current pace,22.22841485099301,0,114.379,115.175,0.7960000000000065,0,High,-0.37210074630466944,0,0.3042872,21.643688
GR86-041-073,73,14.0,13.860436616701822,21.552867503507365,76.68993506493506,1.5789473684210529,5.0,180.0,1.7555636461829005,2.163955656882057,0.0,0.0,70.54630043067316,38.82345761739156,2.4170000000000003,100.06090909090908,6.949631419058012,80.71357142857144,792.2579817726133,-2.929503914399505,42.5387650106561,128.18648684210527,31.233318724430507,64.64,186.6175,0.0121717055193373,0.3663103820381937,-0.0900762606958848,0.8429054984429603,73,1,14,1:55.175,0,,38.570,0,38.249,0,38.356,0,120.0,30:18.963,14:36:07.786,0:38.570,0:38.249,0:38.356,185.2,,Am,,Toyota Gazoo Racing,GF,38.57,38.249,38.356,16.061,16.061,22.509,38.570,16.078,54.648,22.171,1:16.819,14.732,1:31.551,23.624,1:55.175,15.8,32.2,48.34,0.2724643550277767,0.5081643895666582,0,0.3793420022799497,-0.1804786064503026,0.2476338435969597,78.42053026941468,21.57946973058532,22.22841485099301,0,0,0.4161332555377193,0,0,0,Maintain current pace,22.62336573367696,0,115.175,115.175,0.0,0,High,-0.37293377014775353,0,0.3042872,23.162811
GR86-041-073,73,15.0,13.017996276815149,19.668586417753406,75.73363636363635,1.4473684210526316,5.0,165.0,1.738998504371111,2.163955656882057,0.0,0.0,69.11327820243021,38.96466100921108,2.4442857142857144,100.05521739130435,7.411653459424151,108.5429411764706,844.9284943743532,-3.021075779477908,43.81393573971171,126.99615789473684,31.688195613933026,63.09,183.0375,0.0087919823963488,0.372218477300334,-0.0881691439751526,0.836666535177319,73,1,15,1:54.605,0,,38.555,0,37.943,0,38.107,0,120.6,32:13.568,14:38:02.391,0:38.555,0:37.943,0:38.107,185.2,,Am,,Toyota Gazoo Racing,GF,38.555,37.943,38.107,15.989,15.989,22.566,38.555,15.932,54.487,22.011,1:16.498,14.527,1:31.025,23.58,1:54.605,15.8,32.2,48.34,0.0761961839569781,0.4643217038761145,0,0.0488355080572705,-0.1110709281479819,0.1351575145499144,75.68974445537965,24.310255544620347,22.62336573367696,0,0,0.8972571682994612,0,0,0,Maintain current pace,23.00373838199073,0,114.605,115.175,0.5700000000000074,0,High,-0.3774276470014875,0,0.3042872,23.471664
GR86-041-073,73,16.0,14.710368970004671,22.11966629119697,75.62113636363637,1.327433628318584,5.0,150.0,1.7818268942384656,2.163955656882057,0.0,0.0,68.96948474591892,39.48862768618059,2.3982608695652177,100.0495652173913,7.425224280890352,115.16195652173911,839.0503437406097,-3.1454734574133014,44.44253042518159,127.24134365781713,31.32969175620517,62.548,183.9425,0.0088042844086043,0.3753697215385486,-0.0913987346684437,0.8435520885367245,73,1,16,1:55.965,0,,38.764,0,38.906,0,38.295,0,119.2,34:09.533,14:39:58.356,0:38.764,0:38.906,0:38.295,182.1,,Am,,Toyota Gazoo Racing,GF,38.764,38.906,38.295,15.934,15.934,22.83,38.764,16.486,55.250,22.42,1:17.670,14.712,1:32.382,23.583,1:55.965,15.8,32.2,48.34,0.4704779835526052,0.5776748919695671,0,-0.2524226238448177,-0.1657734663545928,0.2311213778459914,78.01962807417479,21.98037192582521,23.00373838199073,0,0,0.7753235309977207,0,0,0,Maintain current pace,21.92722507684497,0,115.965,115.175,0.7900000000000063,0,High,-0.3861420378985228,0,0.3042872,23.42822
GR86-041-073,73,17.0,14.624525130989072,21.48767271231321,84.24272727272728,1.391304347826087,5.0,160.0,1.7274178612778828,2.302585092994045,0.0,0.0,66.76114354753663,39.50945039921135,2.3943478260869564,100.03478260869566,5.9677532002156966,82.92434782608696,686.2916180248051,-2.117450581231036,41.83865776510723,126.25469565217392,30.50703794458213,61.015,180.2525,0.0124051847758757,0.3567350435263535,-0.0877027026129054,0.8281330875940872,73,1,17,1:55.009,0,,38.265,0,38.034,0,38.710,0,120.1,36:04.542,14:41:53.365,0:38.265,0:38.034,0:38.710,184.3,,Am,,Toyota Gazoo Racing,GF,38.265,38.034,38.71,15.942,15.942,22.323,38.265,15.718,53.983,22.316,1:16.299,14.979,1:31.278,23.731,1:55.009,15.8,32.2,48.34,0.4504784506675179,0.4336714081527532,0,-0.0919889981767406,-0.2912986192674094,0.2006331755851916,77.27941232447337,22.72058767552663,21.92722507684497,0,0,-0.696140656831993,0,0,0,Maintain current pace,22.88350341824464,0,115.009,115.175,0.1659999999999968,0,High,-0.36785158818221475,0,0.3042872,22.72966
GR86-041-073,73,18.0,14.302716706720108,20.24484159222104,86.72590909090908,1.4473684210526316,5.0,165.0,1.800715330296756,2.163955656882057,0.0,0.0,67.5025168753768,38.82161251708762,2.547142857142857,100.03666666666666,7.037808660928377,100.26714285714286,802.310187345835,-2.7111146582472854,43.424734527774845,127.02267105263158,31.844849176228884,60.48,184.026,0.0092574476148779,0.3584495195884053,-0.0805681051474528,0.8381637761672492,73,1,18,1:54.341,0,,38.188,0,37.456,2,38.697,0,120.8,37:58.883,14:43:47.706,0:38.188,0:37.456,0:38.697,185.2,,Am,,Toyota Gazoo Racing,GF,38.188,37.456,38.697,15.718,15.718,22.47,38.188,15.74,53.928,21.716,1:15.644,14.999,1:30.643,23.698,1:54.341,15.8,32.2,48.34,0.3755048912639622,0.6276666019530082,0,0.0488355080572705,-0.0871678451211989,0.2681766595639114,78.91928437081694,21.08071562918306,22.88350341824464,0,1,-0.1202349637460891,0,0,1,Steering indecision - check driver fatigue or track confidence,22.00155573006252,0,114.341,115.175,0.833999999999989,0,High,-0.3752170838387352,0,0.3042872,23.51383
GR86-041-073,73,19.0,13.74942747688165,21.658489035256544,80.44429292929294,1.3596491228070176,5.0,155.0,1.684039010638704,2.163955656882057,0.0,0.0,69.75900220612915,39.54333456150479,2.3759090909090905,100.03857142857144,6.149106371152032,65.454,700.9981263113317,-3.1064833689434743,43.48360886154364,127.98698538011696,31.4323098627909,63.49,184.264,0.0121285681909567,0.3567114095027042,-0.0917810381002578,0.8472750684920165,73,1,19,1:55.139,0,,38.980,0,37.916,0,38.243,0,120.0,39:54.022,14:45:42.845,0:38.980,0:37.916,0:38.243,182.1,,Am,,Toyota Gazoo Racing,GF,38.98,37.916,38.243,16.123,16.123,22.857,38.980,15.866,54.846,22.05,1:16.896,14.737,1:31.633,23.506,1:55.139,15.8,32.2,48.34,0.24660191728224,0.3188613246775248,0,-0.1715021547578487,-0.1501154175632265,0.1129590413840532,75.15079304997577,24.849206950024225,22.00155573006252,0,0,0.0743306532175545,0,0,0,Maintain current pace,22.543037775349003,0,115.139,115.175,0.0359999999999871,0,High,-0.3641123685973537,0,0.3042872,22.840076
GR86-041-073,73,20.0,15.146434522701597,22.63404654321523,86.43681818181818,1.4912280701754386,5.0,170.0,1.7705438867767014,2.302585092994045,0.0,0.0,68.64322674788757,39.317410449551325,2.3825,100.02181818181818,6.853150851284824,110.3358695652174,781.2591970464699,-3.492896581797281,43.29185011173956,126.98783333333331,30.920955046532363,59.94,181.604,0.0121402833558018,0.3596280033988566,-0.0922559100450314,0.8394221745933741,73,1,20,1:55.012,0,,38.872,0,37.689,0,38.451,0,120.1,41:49.034,14:47:37.857,0:38.872,0:37.689,0:38.451,183.1,,Am,,Toyota Gazoo Racing,GF,38.872,37.689,38.451,16.533,16.533,22.339,38.872,16.001,54.873,21.688,1:16.561,14.908,1:31.469,23.543,1:55.012,15.8,32.2,48.34,0.572070683287658,0.5478123435283505,0,0.1590043394648299,-0.2281408160925537,0.3096108601788541,79.92525538901972,20.074744610980275,22.543037775349003,0,0,-0.3404656428956372,0,0,0,Maintain current pace,21.77751650989873,0,115.012,115.175,0.1629999999999967,0,High,-0.3720009959691608,0,0.3042872,22.551685
GR86-041-073,73,21.0,13.626258812988368,19.710155424219423,80.72509316770187,1.4912280701754386,5.0,170.0,1.7438328507392076,2.163955656882057,0.0,0.0,66.98537690079336,38.41455007672056,2.741304347826087,100.01818181818182,7.643143123538221,99.94023809523809,871.3183160833572,-4.364966991392681,43.28173368989374,127.00545614035089,31.94207471557268,61.502,183.2025,0.0113297837461693,0.3739729171609254,-0.0862503788161201,0.8329610389989774,73,1,21,1:54.600,0,,38.437,0,38.105,0,38.058,0,120.6,43:43.634,14:49:32.457,0:38.437,0:38.105,0:38.058,185.2,,Am,,Toyota Gazoo Racing,GF,38.437,38.105,38.058,15.995,15.995,22.442,38.437,16.22,54.657,21.885,1:16.542,14.472,1:31.014,23.586,1:54.600,15.8,32.2,48.34,0.2179066052808938,0.4771166881113135,0,0.1590043394648299,-0.0723326246180776,0.2012685420700132,77.2948382349575,22.705161765042504,21.77751650989873,0,0,-0.2240392201637853,0,0,0,Maintain current pace,36.78679822159437,0,114.6,115.175,0.5750000000000028,0,High,-0.38328993745747403,0,0.3042872,22.259802
GR86-041-073,73,22.0,9.265766581652285,18.03204441968822,75.88445454545453,1.5497076023391814,5.0,265.0,1.6095420598118262,2.302585092994045,0.0,0.0,49.65105909700172,42.61100463238871,1.9366666666666668,100.02409090909092,6.352066438953486,90.44190476190477,1086.203361061046,-3.074658797122622,42.3431846091268,92.09438137254902,56.70660789802725,0.0,183.092,0.0034250697703747,0.3047843932231425,-0.0592495516898413,0.6804885104519718,73,1,22,1:54.364,0,,38.696,0,37.623,0,38.045,2,120.8,45:37.998,14:51:26.821,0:38.696,0:37.623,0:38.045,185.2,,Am,,Toyota Gazoo Racing,GF,38.696,37.623,38.045,15.962,15.962,22.734,38.696,15.725,54.421,21.898,1:16.319,14.599,1:30.918,23.446,1:54.364,15.8,32.2,48.34,-0.7979823481468183,0.1216914822991067,0,0.3058961146749095,3.706379356803518,0.2075505190123194,77.44735684632657,22.55264315367343,36.78679822159437,0,0,14.243760446245371,0,0,0,Maintain current pace,43.82761644987031,0,114.364,115.175,0.8109999999999928,0,High,-0.48219093313684724,0,0.37406385,38.438484
GR86-041-073,73,23.0,2.6944590756436786,10.043763215481794,81.85138755980861,0.4501216545012165,5.0,370.0,0.5371050180887472,2.302585092994045,0.0,0.0,16.271217704974056,26.06843740821198,2.3140909090909094,100.02,1.2466974374717723,82.93434782608696,1024.7852936017969,-0.4084444484483199,31.11957631997772,21.4368199513382,45.60645347928746,0.0,183.964,0.0191305388183192,0.1443540739246109,-0.0163768473617234,0.3146784631868408,73,1,23,1:55.693,0,,38.887,0,37.827,0,38.979,0,119.4,47:33.691,14:53:22.514,0:38.887,0:37.827,0:38.979,183.1,,Am,,Toyota Gazoo Racing,FF,38.887,37.827,38.979,15.691,15.691,23.196,38.887,15.787,54.674,22.04,1:16.714,14.791,1:31.505,24.188,1:55.693,15.8,32.2,48.34,-2.328937651072624,-2.716709823127565,0,-2.456098140370088,2.0126552640175075,-1.5450079457574404,34.89741025393281,65.1025897460672,43.82761644987031,0,0,22.050099939971577,0,0,0,Maintain current pace,,0,115.693,115.175,0.5180000000000007,0,Medium,-0.5540394203410336,1,0.36665547,46.11426
GR86-047-021,21,1.0,10.692806531959736,17.764402163191452,91.99034632034632,1.1264755480607085,5.0,668.0,1.1634774528999297,2.163955656882057,0.0,0.0,24.68903068755835,30.48801410258924,2.412608695652174,100.0190909090909,2.702337167537751,87.95568181818182,1602.4859403498865,-3.880359133393865,47.99543596343016,66.66240237691001,43.68607436958671,0.0,150.4,0.0021894975849627,0.1928133485210986,-0.068470338458636,0.4820034800650291,21,1,1,2:42.672,0,,55.184,0,50.988,0,56.500,0,84.9,2:42.672,14:08:31.495,0:55.184,0:50.988,0:56.500,134.2,,Am,,Toyota Gazoo Racing,GF,55.184,50.988,56.5,,,,55.184,22.308,1:17.492,28.68,1:46.172,20.917,2:07.089,35.583,2:42.672,15.8,32.2,48.34,-0.358033066574754,-0.5974262266559155,0,-0.1132352262345751,0.7717214946845182,-0.1965796111031395,67.63557835307728,32.36442164692272,29.526077381861462,0,0,,0,0,0,Maintain current pace,25.89379163439448,0,162.672,113.892,48.78,0,High,-0.4816818346456551,0,0.3042872,25.763853
GR86-047-021,21,2.0,12.77771997239434,16.779525301054694,89.42616883116882,1.4106583072100314,5.0,450.0,1.492244820226574,2.163955656882057,0.0,0.0,26.178970104070565,27.81636751648898,2.373478260869565,99.96954545454544,2.525090332218468,76.31214285714286,805.5038159776913,-4.366015122060545,34.09839781927119,91.95004545454546,19.082694400972706,51.4725,132.1875,-0.0140237389724947,0.1998647766162095,-0.0921989242888653,0.5521888863789179,21,1,2,1:57.458,0,,41.565,0,38.115,0,37.778,0,117.6,4:40.130,14:10:28.953,0:41.565,0:38.115,0:37.778,185.2,,Am,,Toyota Gazoo Racing,GF,41.565,38.115,37.778,17.733,17.733,23.832,41.565,15.789,57.354,22.326,1:19.680,14.261,1:33.941,23.517,1:57.458,15.8,32.2,48.34,0.1506139586892509,0.1020443705773218,0,0.5824069396829408,-1.2082298230157216,0.0372333389019747,73.3122668831998,26.687733116800203,25.89379163439448,0,0,,0,0,0,Maintain current pace,21.304328614861003,0,117.458,113.892,3.5660000000000025,0,High,-0.4286523961668453,0,0.3042872,22.233732
GR86-047-021,21,3.0,14.04652543582726,19.69722231750152,78.20954545454543,1.6856060606060606,5.0,445.0,1.6127967169874324,2.163955656882057,0.0,0.0,48.49179396274477,39.07422272846276,2.350909090909091,100.00636363636364,3.798077166674772,57.46608695652174,1002.6923720021398,-4.739384341460611,36.15372556841313,111.09006628787878,28.275279956361302,61.848,184.108,0.0053724314233789,0.2862654077360957,-0.1029426337245377,0.7034091943150644,21,1,3,1:53.892,0,,38.338,0,37.667,0,37.887,0,121.3,6:34.022,14:12:22.845,0:38.338,0:37.667,0:37.887,185.2,,Am,,Toyota Gazoo Racing,GF,38.338,37.667,37.887,15.820,15.820,22.518,38.338,15.879,54.217,21.788,1:16.005,14.277,1:30.282,23.61,1:53.892,15.8,32.2,48.34,0.4601587638104372,0.3585251396712305,0,1.2554430213196497,-0.4684586246404457,0.3691495047948416,81.37077986053949,18.629220139460514,21.304328614861003,0,0,-8.22174876700046,0,0,0,Maintain current pace,17.688349798203234,0,113.892,113.892,0.0,0,High,-0.43106394229788336,0,0.3042872,19.464186
GR86-047-021,21,4.0,14.484890178373632,21.787861437889298,86.86146997929607,1.3495575221238938,5.0,305.0,1.7386728927820538,2.163955656882057,0.0,0.0,69.01321520907003,38.99799848287623,2.4314285714285715,99.98565217391304,5.894343098924717,86.78652173913044,1332.121540356986,-4.164779698332747,38.28719776259784,128.75572566371682,31.47149597330477,56.358,187.3175,0.0044100205248772,0.3656912986333984,-0.1066511719008087,0.8461528262418121,21,1,4,1:53.220,0,,37.918,0,37.565,0,37.737,0,122.0,8:27.242,14:14:16.065,0:37.918,0:37.565,0:37.737,185.2,,Am,,Toyota Gazoo Racing,GF,37.918,37.565,37.737,15.624,15.624,22.294,37.918,15.842,53.760,21.723,1:15.483,14.341,1:29.824,23.396,1:53.220,15.8,32.2,48.34,0.5671046532428324,0.6263336042899885,0,0.4328402221107194,-0.2112438792487649,0.3705164424370783,81.40396741167771,18.596032588322288,17.688349798203234,0,0,-8.205441836191245,0,0,0,Maintain current pace,17.53182502041749,0,113.22,113.892,0.671999999999997,0,High,-0.3953977710553431,0,0.3042872,24.124935
GR86-047-021,21,5.0,15.512714783856142,22.07507565552704,90.94869565217392,1.4444444444444444,5.0,325.0,1.7522073243924483,2.163955656882057,0.0,0.0,67.90771035392427,38.597946123571454,2.4633333333333334,99.92909090909092,5.890329347558253,76.44500000000001,1325.324103200607,-4.451373549046089,38.57516639922476,129.01648222222224,31.006631750675588,61.795,187.716,0.0057465597805449,0.3671885906665085,-0.1082683628058948,0.8421261868154548,21,1,5,2:05.374,0,,38.647,0,40.911,0,45.816,0,110.2,10:32.616,14:16:21.439,0:38.647,0:40.911,0:45.816,182.1,,Am,,Toyota Gazoo Racing,FCY,38.647,40.911,45.816,15.665,15.665,22.982,38.647,17.042,55.689,23.869,1:19.558,15.968,1:35.526,29.848,2:05.374,15.8,32.2,48.34,0.8178584341589596,0.6551288495076479,0,0.6651109775847753,-0.2486537201454421,0.4840410172477719,84.1602033331731,15.8397966668269,17.53182502041749,0,0,-3.7725035944435135,0,0,0,Maintain current pace,32.195880201636456,0,125.374,113.892,11.482,0,High,-0.39643734450659474,0,0.3042872,28.702217
GR86-047-021,21,6.0,14.602501909496254,20.949866776359706,87.66017316017317,1.4660633484162895,5.0,324.0,1.6971907552735703,2.302585092994045,0.0,0.0,56.897882418706594,40.38617262583396,2.4059090909090908,99.8490476190476,5.303886445381094,85.73,1172.1589044292218,-3.521423860409023,36.94336563880752,124.23851357466064,30.06127533090154,63.616,189.2225,-0.0112578691120072,0.335242656269388,-0.0795568450268244,0.8191412016409011,21,1,6,2:56.105,0,,1:04.045,0,57.645,0,54.415,0,78.5,13:28.721,14:19:17.544,1:04.045,0:57.645,0:54.415,137.1,,Am,,Toyota Gazoo Racing,FCY,64.045,57.645,54.415,23.816,23.816,40.229,1:04.045,28.795,1:32.840,28.85,2:01.690,20.276,2:21.966,34.139,2:56.105,15.8,32.2,48.34,0.5957978622804228,0.538078082662314,0,0.71803122239046,-0.3247310595766816,0.3884904567506061,81.84035419389672,18.159645806103285,32.195880201636456,0,0,14.507530403433222,0,0,0,Maintain current pace,33.5396502660357,0,176.105,113.892,62.213,0,High,-0.39066682162329935,0,0.3042872,32.798016
GR86-047-021,21,7.0,2.7568923264790746,11.670277307422602,84.48190476190476,0.285204991087344,5.0,160.0,0.3409432609801484,2.163955656882057,0.0,0.0,20.166721371882712,29.893950129624123,2.503809523809524,99.69173913043478,1.2251398619820744,78.46375,687.3034625719437,-3.145632652894734,17.28027818077585,26.095784560143628,53.919918671128926,0.0,187.178,1.009669456772682e-05,0.1687145903347757,-0.0390778764103191,0.3814803743956798,21,1,7,2:47.209,0,,54.382,0,1:00.399,0,52.428,0,82.6,16:15.930,14:22:04.753,0:54.382,1:00.399,0:52.428,129.0,,Am,,Toyota Gazoo Racing,FCY,54.382,60.399,52.428,21.865,21.865,32.517,54.382,27.31,1:21.692,33.089,1:54.781,19.306,2:14.087,33.122,2:47.209,15.8,32.2,48.34,-2.294122630334612,-2.347412811836873,0,-2.172555341668047,1.5952877500456124,-1.4414445183052478,37.41180186802082,62.58819813197918,33.5396502660357,0,0,16.00782524561821,0,0,0,Maintain current pace,33.89738369582772,0,167.209,113.892,53.31700000000001,0,Medium,-0.553240337518597,1,0.3042872,32.375946
GR86-047-021,21,8.0,14.11729968776048,22.915311076683064,91.23911067193676,1.25,5.0,140.0,1.7591017726926204,2.163955656882057,0.0,0.0,70.16837818904085,39.16438622528028,2.487,99.66130434782607,6.252805673751714,82.14704545454545,700.314235460192,-3.537151161978209,37.11353900263459,129.22762500000002,31.48086561560304,60.2375,185.942,0.0084687848352883,0.3798066200421506,-0.105297535340327,0.8556935614698897,21,1,8,2:27.401,0,,46.832,0,48.088,0,52.481,0,93.7,18:43.331,14:24:32.154,0:46.832,0:48.088,0:52.481,140.1,,Am,,Toyota Gazoo Racing,GF,46.832,48.088,52.481,21.212,21.212,25.62,46.832,22.404,1:09.236,25.684,1:34.920,20.061,1:54.981,32.42,2:27.401,15.8,32.2,48.34,0.477425242126973,0.6697971662245066,0,0.1891364501755051,-0.2104898594499199,0.3179983457755523,80.12889313997536,19.87110686002464,33.89738369582772,0,0,1.7015034941912646,0,0,0,Maintain current pace,20.746943998616995,0,147.401,113.892,33.509000000000015,0,High,-0.4084585727157923,0,0.305014,27.223297
GR86-047-021,21,9.0,14.290792565741713,21.47751314308853,82.59565217391304,1.3392857142857142,5.0,150.0,1.7212601159230576,2.163955656882057,0.0,0.0,70.68791747135283,37.91261688098785,2.482608695652174,99.61347826086956,6.486545644863677,73.25521739130434,726.4931122247318,-3.6810884409758633,38.33038813960891,129.6055892857143,31.59699623404856,61.306,185.154,0.0104591571773636,0.3803241009965603,-0.1029849241079831,0.8673473212963911,21,1,9,1:53.888,0,,37.974,0,37.630,0,38.284,0,121.3,20:37.219,14:26:26.042,0:37.974,0:37.630,0:38.284,185.2,,Am,,Toyota Gazoo Racing,GF,37.974,37.63,38.284,15.748,15.748,22.226,37.974,15.613,53.587,22.017,1:15.604,14.315,1:29.919,23.969,1:53.888,15.8,32.2,48.34,0.5197515251170474,0.5892869669424621,0,0.4076961821491494,-0.2011442747656256,0.3442871991165396,80.76715390452067,19.23284609547933,20.746943998616995,0,0,-12.792706267418705,1,0,1,Focus dropped 13 points - consider radio reminder,20.47403286341917,0,113.888,113.892,0.0039999999999906,0,High,-0.3817515589603978,0,0.3042872,22.589085
GR86-047-021,21,10.0,12.603357715912452,20.3269904115138,87.67387445887447,1.1160714285714286,5.0,125.0,1.8084350825489537,2.302585092994045,0.0,0.0,67.87584600356941,38.8558511821096,2.4213636363636364,99.57772727272727,6.473152371373451,100.39363636363636,724.9930655938265,-3.142710954935333,38.79083308461297,130.26082589285713,31.38512376962577,64.59,187.4625,0.0125029909790002,0.3693104217581628,-0.1069877156939851,0.8679278461553227,21,1,10,1:53.797,0,,38.508,0,37.588,0,37.701,0,121.4,22:31.016,14:28:19.839,0:38.508,0:37.588,0:37.701,185.2,,Am,,Toyota Gazoo Racing,GF,38.508,37.588,37.701,15.943,15.943,22.565,38.508,15.747,54.255,21.841,1:16.096,14.303,1:30.399,23.398,1:53.797,15.8,32.2,48.34,0.1080755773071708,0.7747564874287229,0,-0.1387031477849614,-0.218194662381207,0.183486856643467,76.86312095965299,23.13687904034701,20.47403286341917,0,1,-13.423350832408552,1,0,2,Steering indecision - check driver fatigue or track confidence | Focus dropped 13 points - consider radio reminder,20.482695187383545,0,113.797,113.892,0.0949999999999988,0,High,-0.44556482283898796,0,0.3042872,25.373077
GR86-047-021,21,11.0,13.622242536836868,21.38771759278493,87.43687747035574,1.4732142857142858,5.0,165.0,1.7397945849285328,2.163955656882057,0.0,0.0,68.57129796271275,39.10092110187245,2.4317391304347824,99.53347826086956,6.945356201769245,108.59204545454546,777.8798945981555,-4.33294203402705,39.406241064459664,129.4891294642857,31.265226455147367,62.557500000000005,186.345,0.0078272446626872,0.3766105079083386,-0.1084221790890269,0.8584726448045961,21,1,11,1:54.708,0,,38.932,0,37.898,0,37.878,0,120.5,24:25.724,14:30:14.547,0:38.932,0:37.898,0:37.878,189.1,,Am,,Toyota Gazoo Racing,GF,38.932,37.898,37.878,15.778,15.778,23.154,38.932,15.584,54.516,22.314,1:16.830,14.479,1:31.309,23.399,1:54.708,15.8,32.2,48.34,0.3566483588907659,0.6287200658235322,0,0.7355357801096166,-0.227843371058351,0.3517205540337202,80.94762654556884,19.05237345443116,20.482695187383545,0,0,-0.2642488112334504,0,0,0,Maintain current pace,22.98180918125516,0,114.708,113.892,0.8160000000000025,0,High,-0.38371006019635207,0,0.3042872,21.84575
GR86-047-021,21,12.0,13.730539213383768,21.33973843809293,84.40409090909091,1.4601769911504423,5.0,165.0,1.7100063037707705,2.302585092994045,0.0,0.0,68.19802635795652,38.62402711465754,2.408695652173913,99.50090909090908,6.713815919043122,103.84227272727274,758.6611988518728,-2.8744971780951207,36.06164698735168,128.53174107142857,31.787275602505627,64.44,187.73,0.0085440266209965,0.3769105693120989,-0.1021665121476607,0.8449308228941202,21,1,12,1:52.989,0,,38.044,0,37.308,0,37.637,0,122.3,26:18.713,14:32:07.536,0:38.044,0:37.308,0:37.637,185.2,,Am,,Toyota Gazoo Racing,GF,38.044,37.308,37.637,15.639,15.639,22.405,38.044,15.658,53.702,21.65,1:15.352,14.318,1:29.670,23.319,1:52.989,15.8,32.2,48.34,0.3830690156447826,0.5653438646470019,0,0.7036221909276237,-0.1858315865582191,0.3432168408385069,80.74116693262754,19.258833067372464,22.98180918125516,0,0,2.5077763178359938,0,0,0,Maintain current pace,27.12429124289148,0,112.989,113.892,0.9029999999999916,0,High,-0.39853779033492365,0,0.3042872,23.319311
GR86-047-021,21,13.0,11.106809695572757,17.5243157671218,72.82434782608695,0.7471910112359551,5.0,133.0,1.310478686985848,2.163955656882057,0.0,0.0,39.70701829752765,37.72597778765781,2.421428571428572,99.49,3.4844081958181863,92.15695652173912,620.2246588556371,3.0059550935598685,49.48792858368792,82.71990074906367,56.36591731176072,0.0,187.2825,-0.0097288160502067,0.2769619091310561,-0.0665661802292217,0.6270424319369563,21,1,13,1:53.217,0,,37.948,0,37.468,0,37.801,0,122.0,28:11.930,14:34:00.753,0:37.948,0:37.468,0:37.801,185.2,,Am,,Toyota Gazoo Racing,GF,37.948,37.468,37.801,15.804,15.804,22.144,37.948,15.619,53.567,21.849,1:15.416,14.369,1:29.785,23.432,1:53.217,15.8,32.2,48.34,-0.2570305628076172,-0.2846730424326735,0,-1.041674085388434,1.792128925436553,-0.1253156497150632,69.36577897803814,30.634221021961864,27.12429124289148,0,0,6.641596055507932,0,0,0,Maintain current pace,27.457580117360905,0,113.217,113.892,0.6749999999999972,0,High,-0.4723052800868263,0,0.3042872,28.045385
GR86-047-021,21,14.0,11.34911514218416,17.601803297891518,75.31545454545456,0.8525345622119815,5.0,185.0,1.0887719807987986,2.163955656882057,0.0,0.0,33.394266039732,36.99976591541048,2.2991304347826085,100.03826086956522,2.625298506119399,65.7934090909091,569.6897758279097,-6.335555162465523,30.05894609116622,67.24757834101382,59.68126921399907,0.0,169.695,0.0086045056646887,0.2490732335714316,-0.0880013331914968,0.5548792270450321,21,1,14,1:52.927,0,,37.895,2,37.401,0,37.631,0,122.4,30:04.857,14:35:53.680,0:37.895,0:37.401,0:37.631,186.2,,Am,,Toyota Gazoo Racing,GF,37.895,37.401,37.631,15.577,15.577,22.318,37.895,15.609,53.504,21.792,1:15.296,14.257,1:29.553,23.374,1:52.927,15.8,32.2,48.34,-0.1979163846197374,-0.7563662139547531,0,-0.7838068728039446,2.0589311036677835,-0.1601443894284228,68.5201803606599,31.479819639340107,27.457580117360905,0,0,4.475770936105743,0,0,0,Maintain current pace,23.27672535770428,0,112.927,113.892,0.9650000000000034,0,High,-0.4615326578722283,0,0.3042872,25.904146
GR86-047-021,21,15.0,14.745525557966062,19.58537068337522,74.26626482213439,1.3157894736842106,5.0,150.0,1.6148867817195434,2.163955656882057,0.0,0.0,64.68179749522027,39.10328616745118,2.4572727272727275,100.04954545454548,5.481227318956152,87.20818181818181,624.8599143610013,-6.473184575404256,32.72268999667196,127.1123903508772,30.313519407747563,64.1175,183.382,0.0029554262797969,0.3598221518861363,-0.1074876492119627,0.8220812557387259,21,1,15,1:52.632,2,,37.909,0,37.080,2,37.643,0,122.7,31:57.489,14:37:46.312,0:37.909,0:37.080,0:37.643,186.2,,Am,,Toyota Gazoo Racing,GF,37.909,37.08,37.643,15.562,15.562,22.347,37.909,15.478,53.387,21.602,1:14.989,14.261,1:29.250,23.382,1:52.632,15.8,32.2,48.34,0.6306907033575121,0.3629718669675356,0,0.3501804632087171,-0.3044317757802896,0.3020340696524162,79.74130030921926,20.258699690780745,23.27672535770428,0,0,-3.8475658851871977,0,0,0,Maintain current pace,19.36323159343828,0,112.632,113.892,1.259999999999991,0,High,-0.3933620030557596,0,0.3042872,23.225452
GR86-047-021,21,16.0,15.326116513344294,21.64875287310427,77.30414078674949,1.3716814159292037,5.0,155.0,1.6538386372681873,2.163955656882057,0.0,0.0,68.47843064709647,38.802140235022925,2.4475,100.08136363636363,5.744555012382663,78.20204545454546,649.1347163992409,-5.707519785054413,33.27173747282729,128.31620796460177,30.999822541307,62.825,185.88,0.0071202452158589,0.3697876535161679,-0.108385784964469,0.8393001382020343,21,1,16,1:53.130,0,,38.252,0,37.388,0,37.490,2,122.1,33:50.619,14:39:39.442,0:38.252,0:37.388,0:37.490,186.2,,Am,,Toyota Gazoo Racing,GF,38.252,37.388,37.49,15.630,15.630,22.622,38.252,15.763,54.015,21.625,1:15.640,14.214,1:29.854,23.276,1:53.130,15.8,32.2,48.34,0.7723348870540617,0.4458440750139109,0,0.4869966158741006,-0.2492016896959278,0.3912908082812185,81.90834325700801,18.091656742991987,19.36323159343828,0,0,-8.094348523922623,0,0,0,Maintain current pace,22.652656323195163,0,113.13,113.892,0.7620000000000005,0,High,-0.387079988594894,0,0.3042872,21.974571
GR86-047-021,21,17.0,14.792568612029791,21.95306544010026,85.74613636363637,1.2946428571428572,5.0,145.0,1.6533114905646518,2.163955656882057,0.0,0.0,70.16429073902289,38.29100721244704,2.458636363636364,100.11727272727272,6.224181231682396,62.83108695652174,697.1082979484283,-2.988994800489366,35.26466523930462,129.75110714285714,30.969064103591847,63.948,185.6625,0.0110053330274797,0.3693795893230781,-0.1098810858977978,0.8578453225036102,21,1,17,1:53.835,0,,38.547,0,37.570,0,37.718,0,121.4,35:44.454,14:41:33.277,0:38.547,0:37.570,0:37.718,186.2,,Am,,Toyota Gazoo Racing,GF,38.547,37.57,37.718,15.821,15.821,22.726,38.547,15.69,54.237,21.88,1:16.117,14.307,1:30.424,23.411,1:53.835,15.8,32.2,48.34,0.6421675872629955,0.4447225415036061,0,0.2984163161623276,-0.2516769678634889,0.3234256621928004,80.26066165345789,19.739338346542112,22.652656323195163,0,0,-0.624069034509116,0,0,0,Maintain current pace,43.45368409728149,0,113.835,113.892,0.0569999999999879,0,High,-0.3989926612952635,0,0.3042872,29.51014
GR86-047-021,21,18.0,10.297232746721878,16.58575705495148,87.02363636363637,1.185897435897436,5.0,185.0,1.4345505480306555,2.302585092994045,0.0,0.0,27.9983172942618,31.113159581118936,2.4227272727272724,100.11043478260868,2.3749703382366425,37.38260869565217,370.4953727649162,-5.045965313925841,31.054869234646112,95.82248397435896,38.10783343785316,33.8525,171.29500000000002,-0.0340274469682364,0.2046058838177991,-0.0781820113175662,0.6178488473773251,21,1,18,3:00.029,0,B,37.906,0,37.660,0,1:44.463,0,76.8,38:44.483,14:44:33.306,0:37.906,0:37.660,1:44.463,186.2,,Am,,Toyota Gazoo Racing,GF,37.906,37.66,104.463,15.623,15.623,22.283,37.906,15.589,53.495,22.071,1:15.566,50.982,2:06.548,53.481,3:00.029,15.8,32.2,48.34,-0.4545394371661952,-0.0207033563578795,0,0.0322217708098117,0.3228138447061545,-0.1044230201472412,69.8730261199486,30.126973880051395,43.45368409728149,0,0,24.090452503843206,0,0,0,Maintain current pace,55.31085697265117,0,180.029,113.892,66.137,0,High,-0.45890765471378475,0,0.39246845,33.342697
GR86-047-021,21,19.0,0.1912354429094446,2.1647800396302106,78.01454545454544,0.1074552269887546,5.0,258.0,0.149381279015629,2.19722457733622,0.0,0.0,7.931202732564307,3.446225534723966,2.003913043478261,100.10409090909091,0.2531430011477274,12.54,607.7963457556936,-5.245565180766051,29.94974939786211,1.7717426072469804,6.376575265389702,0.0,75.9725,0.0001803082082737,0.02238254637153,-0.0182632554105409,0.0295217041826656,21,1,19,3:48.870,0,,2:29.011,0,39.989,0,39.870,0,60.4,42:33.353,14:48:22.176,2:29.011,0:39.989,0:39.870,169.0,0:02:24.558,Am,,Toyota Gazoo Racing,GF,149.011,39.989,39.87,2:04.486,2:04.486,24.525,2:29.011,16.519,2:45.530,23.47,3:09.000,15.854,3:24.854,24.016,3:48.870,15.8,32.2,48.34,-2.920054487440285,-2.754971430021683,0,-2.607663478625429,-2.230751824360523,-2.178983907967373,19.505259934749045,80.49474006525095,55.31085697265117,0,0,32.658200649456006,0,0,0,Maintain current pace,,0,228.87,113.892,114.978,1,Low,-0.6803170589152221,1,0.48324904,51.82767
GR86-049-088,88,1.0,11.178073206984168,18.317532208445883,82.40642857142858,1.7279411764705883,5.0,705.0,1.321661265636401,2.302585092994045,0.0,0.0,22.36753147407721,27.15648524350089,2.4405,100.21125,6.593407652491019,58.11382352941176,2690.110322216336,-4.901999145204724,54.65577976609544,60.15917617866005,48.347812832976885,0.0,152.215,0.0162152918443009,0.1739932345007615,-0.0558421276227227,0.5020188928986136,88,1,1,2:43.083,0,,55.588,0,50.898,0,56.597,0,84.7,2:43.083,14:08:31.906,0:55.588,0:50.898,0:56.597,138.1,,Am,,Toyota Gazoo Racing,GF,55.588,50.898,56.597,,,,55.588,22.458,1:18.046,28.44,1:46.486,21.134,2:07.620,35.463,2:43.083,15.8,32.2,48.34,-0.9206174971872014,-1.003428340702502,0,0.7037270274473759,2.915521160767079,-0.1299311641379716,69.253720010455,30.746279989545,24.771589534750436,0,0,,0,0,0,Maintain current pace,22.755878975093538,0,163.083,113.376,49.707,0,High,-0.4945239251819889,0,0.3042872,24.027273
GR86-049-088,88,2.0,16.387555165980064,18.509613647348303,80.87280952380954,2.4052287581699345,5.0,368.0,1.6147962860861136,2.163955656882057,0.0,0.0,33.4490186411964,29.42856198084996,2.4454545454545458,100.1665,3.517305829683342,56.89157894736842,538.1477919415513,-7.65804514380465,37.81187910189183,96.32117864923748,20.204110961317884,61.764,139.115,0.0020591266822899,0.2178010649667927,-0.0783330529561166,0.5985951435037777,88,1,2,1:57.961,0,,41.775,0,38.099,0,38.087,0,117.1,4:41.044,14:10:29.867,0:41.775,0:38.099,0:38.087,185.2,,Am,,Toyota Gazoo Racing,GF,41.775,38.099,38.087,17.592,17.592,24.183,41.775,15.635,57.410,22.464,1:19.874,14.467,1:34.341,23.62,1:57.961,15.8,32.2,48.34,0.5592860696282892,-0.0753682694779135,0,2.5495824113254915,-1.6913801501484165,0.3622431002029904,81.20310092004414,18.796899079955864,22.755878975093538,1,0,,0,0,1,High error bursts detected - suggest 1-lap cool down,19.39466743438605,0,117.961,113.376,4.584999999999994,0,High,-0.451575861485833,0,0.3042872,19.752459
GR86-049-088,88,3.0,16.112696253566043,23.54711183302807,87.80143540669856,1.709401709401709,5.0,200.0,1.7851010679190142,2.163955656882057,0.0,0.0,69.79194248382848,38.0522469483252,2.4655,100.2225,5.882939943837855,62.32710526315789,688.303973429029,-7.668408417619897,44.94512341886842,124.6795170940171,30.96028669632552,61.54,185.7,0.01111751308134,0.3654381890154258,-0.0770021969814965,0.7956308361302841,88,1,3,1:54.184,0,,38.174,0,38.200,0,37.810,0,121.0,6:35.228,14:12:24.051,0:38.174,0:38.200,0:37.810,185.2,,Am,,Toyota Gazoo Racing,GF,38.174,38.2,37.81,15.683,15.683,22.491,38.174,15.582,53.756,22.618,1:16.374,14.428,1:30.802,23.382,1:54.184,15.8,32.2,48.34,0.4812044699502015,0.4638135304832544,0,0.6532002260885511,0.0693207100303275,0.3652268285221894,81.27554214422025,18.724457855779747,19.39466743438605,1,0,-5.376922100364379,0,0,1,High error bursts detected - suggest 1-lap cool down,22.14678883320029,0,114.184,113.376,0.8079999999999927,0,High,-0.3896696989784848,0,0.3042872,22.192312
GR86-049-088,88,4.0,16.90456271884535,24.171522131412456,88.38717105263157,1.3716814159292037,5.0,155.0,1.7424486077768466,2.163955656882057,0.0,0.0,71.55579490843867,37.7343826104676,2.461764705882353,100.26666666666668,6.575055057381218,85.07363636363637,742.9812214840777,-9.364617999434133,43.06659210808039,128.0983539823009,32.45727525110905,64.7975,187.122,0.00772978095821,0.383027584809937,-0.0768302969782974,0.8383586995748541,88,1,4,1:52.626,0,,37.982,0,37.014,0,37.630,0,122.7,8:27.854,14:14:16.677,0:37.982,0:37.014,0:37.630,185.2,,Am,,Toyota Gazoo Racing,GF,37.982,37.014,37.63,15.509,15.509,22.473,37.982,15.495,53.477,21.519,1:14.996,14.345,1:29.341,23.285,1:52.626,15.8,32.2,48.34,0.7061569730267838,0.3287766279094296,0,-0.2672105990841542,0.3143658916097475,0.2853962481837441,79.33735463257744,20.66264536742256,22.14678883320029,0,0,-0.6090901418932475,0,0,0,Maintain current pace,45.39837231761774,0,112.626,113.376,0.75,0,High,-0.37148450408044686,0,0.3042872,31.936325
GR86-049-088,88,5.0,14.76140512374273,21.079159490460057,94.63212121212122,1.2053571428571428,5.0,135.0,1.7440528507870143,2.163955656882057,0.0,0.0,70.66709530752722,37.70228871599284,2.464,100.213,6.696832253243701,95.50363636363636,750.0452123632946,-8.886812322978477,43.950962032879424,130.20770982142858,31.611396596229923,65.12,187.016,0.012090077298125,0.375437732657133,-0.0846465913379125,0.8651721058388063,88,1,5,2:04.997,0,,38.242,0,40.981,0,45.774,0,110.5,10:32.851,14:16:21.674,0:38.242,0:40.981,0:45.774,182.1,,Am,,Toyota Gazoo Racing,FCY,38.242,40.981,45.774,15.477,15.477,22.765,38.242,17.112,55.354,23.869,1:19.223,16.028,1:35.251,29.746,2:04.997,15.8,32.2,48.34,0.0973312597976313,0.333855631707726,0,-0.7205048321621823,0.1759022487738242,0.0221777859192759,72.94673672360143,27.053263276398567,45.39837231761774,0,0,26.003704883231688,0,0,0,Maintain current pace,52.97475619847925,0,124.997,113.376,11.620999999999997,0,High,-0.39912981341580545,0,0.4821684,52.05006
GR86-049-088,88,6.0,1.8934820272336776,8.925979707718394,92.52105263157895,0.2560646900269542,5.0,285.0,0.2901729099757176,2.163955656882057,0.0,0.0,11.334436396349126,15.862526286929889,2.4657894736842105,100.13444444444444,0.4228891378906292,47.66928571428572,470.6756104722703,-2.1784658480685257,23.88301739291056,13.85062904676259,38.052619991175696,0.0,183.8775,-0.0014553816383276,0.085785419554891,-0.0143047951542456,0.2584742730248286,88,1,6,2:56.286,0,,1:04.369,0,57.540,0,54.377,0,78.4,13:29.137,14:19:17.960,1:04.369,0:57.540,0:54.377,140.1,,Am,,Toyota Gazoo Racing,FCY,64.369,57.54,54.377,23.936,23.936,40.433,1:04.369,28.755,1:33.124,28.785,2:01.909,20.325,2:22.234,34.052,2:56.286,15.8,32.2,48.34,-3.5581733446758785,-4.2691014607315365,0,-3.30767257637945,1.230279552704738,-2.507850299772091,11.520791690967894,88.4792083090321,52.97475619847925,0,0,30.82796736527896,0,0,0,Maintain current pace,58.38816469120485,0,176.286,113.376,62.91,1,Low,-0.61921131337103,1,0.3303222,55.125824
GR86-049-088,88,7.0,8.422204708198878,11.322775648771952,59.17292857142858,1.6514285714285717,5.0,289.0,1.533932606513599,2.163955656882057,0.0,0.0,17.75773445447388,16.767626903254875,2.429090909090909,100.0315,1.4112970135648046,40.78,246.9769773738408,-7.610090439049634,35.155516263810284,83.60483428571429,22.524035086355173,27.125,140.235,-0.0028408744217716,0.1674887199747854,-0.0597066027793172,0.5105097459496818,88,1,7,2:47.106,0,,54.391,0,1:00.383,0,52.332,0,82.7,16:16.243,14:22:05.066,0:54.391,1:00.383,0:52.332,131.1,,Am,,Toyota Gazoo Racing,FCY,54.391,60.383,52.332,21.947,21.947,32.444,54.391,27.39,1:21.781,32.993,1:54.774,19.218,2:13.992,33.114,2:47.106,15.8,32.2,48.34,-1.7035014102381063,-0.3313811883997741,0,0.4952023065348936,-1.3116269271503658,-0.650778066906178,56.60820298999291,43.39179701000709,58.38816469120485,0,0,12.989792373587107,0,0,0,Maintain current pace,37.83782131727567,1,167.106,113.376,53.72999999999999,1,Medium,-0.5009719171631917,0,0.67983884,37.272842
GR86-049-088,88,8.0,10.754659346314346,13.53673836597487,69.44188995215312,1.4096385542168677,5.0,234.0,1.5128318118870034,2.163955656882057,0.0,0.0,19.13349839229321,19.264752823958304,2.434761904761905,100.0029411764706,1.4201056359857935,26.071,235.7375355736417,-7.379982224664205,34.306913720889206,88.47642469879517,17.68659361087987,48.468,132.9125,-0.0094951299744478,0.1703881847045701,-0.0746261675076,0.5273893722421288,88,1,8,2:27.510,0,,46.948,0,47.909,0,52.653,0,93.7,18:43.753,14:24:32.576,0:46.948,0:47.909,0:52.653,144.0,,Am,,Toyota Gazoo Racing,GF,46.948,47.909,52.653,21.248,21.248,25.7,46.948,22.498,1:09.446,25.411,1:34.857,20.201,1:55.058,32.452,2:27.510,15.8,32.2,48.34,-1.0409004135263844,-0.3981859152250123,0,-0.1637635701439536,-2.103477820699164,-0.6467289204556779,56.706511245424615,43.293488754575385,37.83782131727567,0,0,-15.13693488120358,1,0,1,Focus dropped 15 points - consider radio reminder,31.78096378136802,0,147.51,113.376,34.133999999999986,0,Medium,-0.4449057586807187,0,0.5808071,29.482376
GR86-049-088,88,9.0,14.888995066984076,19.939460637105828,89.69654135338347,1.9047619047619049,5.0,280.0,1.6032372649424276,2.302585092994045,0.0,0.0,35.19214005079282,33.97266297518109,2.444117647058824,100.025,2.818951247194342,32.573181818181816,414.3858333375683,-7.638423870513552,37.3358697504024,100.12310544217686,20.8553579026438,57.214,165.59,0.0135049768141503,0.2230856548097574,-0.0894884751404519,0.6400616870129544,88,1,9,1:53.423,0,,37.942,0,37.536,0,37.945,0,121.8,20:37.176,14:26:25.999,0:37.942,0:37.536,0:37.945,185.2,,Am,,Toyota Gazoo Racing,GF,37.942,37.536,37.945,15.684,15.684,22.258,37.942,15.623,53.565,21.913,1:15.478,14.242,1:29.720,23.703,1:53.423,15.8,32.2,48.34,0.1335768622546268,-0.1119639173450234,0,1.1856279246687005,-1.5847761788085504,0.0314486501595822,73.17182181275547,26.82817818724453,31.78096378136802,0,0,-26.60720090983683,1,0,1,Focus dropped 27 points - consider radio reminder,25.5311378815988,0,113.423,113.376,0.046999999999997,0,High,-0.3911551431503807,0,0.3042872,24.532698
GR86-049-088,88,10.0,15.085605752809592,22.02835731771008,76.85347619047619,1.3716814159292037,5.0,155.0,1.7182242975064317,2.163955656882057,0.0,0.0,71.6519042625903,37.26640323898208,2.4721052631578946,100.03545454545456,6.476517515925762,76.01294117647059,731.8464792996111,-8.124030908340872,42.85385800440034,129.5887227138643,31.628378905475035,57.9975,186.022,0.0077836257975712,0.3678357539337796,-0.0749188380779757,0.8565946244356459,88,1,10,1:53.376,0,,38.449,0,37.345,0,37.582,0,121.9,22:30.552,14:28:19.375,0:38.449,0:37.345,0:37.582,185.2,,Am,,Toyota Gazoo Racing,GF,38.449,37.345,37.582,15.668,15.668,22.781,38.449,15.678,54.127,21.667,1:15.794,14.284,1:30.078,23.298,1:53.376,15.8,32.2,48.34,0.1894297968683598,0.2520829081333424,0,-0.2672105990841542,0.178682118425672,0.0976362880737876,74.77877559771585,25.22122440228415,25.5311378815988,0,0,-12.30668343567687,1,0,1,Focus dropped 12 points - consider radio reminder,21.44047682691145,0,113.376,113.376,0.0,0,High,-0.3585087962245794,0,0.3042872,25.163342
GR86-049-088,88,11.0,15.449379935364687,23.93964809488107,85.82705263157895,1.3392857142857142,5.0,150.0,1.7441708272749294,2.163955656882057,0.0,0.0,71.57490742540668,38.38317784670818,2.454,100.0311111111111,6.672969979951515,84.92763157894737,747.3726377545696,-9.370737312330103,41.85254404159396,129.1680510510511,30.99291955814705,63.7425,185.21,0.0135029824646556,0.368690633907493,-0.0901110433222245,0.8572061013333475,88,1,11,1:54.859,0,,39.172,0,37.867,0,37.820,0,120.3,24:25.411,14:30:14.234,0:39.172,0:37.867,0:37.820,185.2,,Am,,Toyota Gazoo Racing,GF,39.172,37.867,37.82,16.135,16.135,23.037,39.172,15.69,54.862,22.177,1:17.039,14.354,1:31.393,23.466,1:54.859,15.8,32.2,48.34,0.2927703429180558,0.3342291430937397,0,-0.3555006872371198,0.074662451304809,0.1255295306937646,75.45598894473228,24.54401105526772,21.44047682691145,0,0,-10.34048695445657,1,0,1,Focus dropped 10 points - consider radio reminder,21.43250529603401,0,114.859,113.376,1.483000000000004,0,High,-0.35205781726844837,0,0.3042872,22.418856
GR86-049-088,88,12.0,18.193321241512468,24.879074317032988,90.05571428571429,1.7105263157894737,5.0,195.0,1.7559538476507068,2.163955656882057,0.0,0.0,71.4667865344873,37.28538935417584,2.666842105263158,100.03,6.54774480068974,71.9853125,746.4429072786304,-5.791450319702263,44.80764811134204,127.71348976608186,31.99730703090853,66.38499999999999,185.285,0.0090360956405278,0.3746592244803173,-0.0730107286876685,0.8421013203209567,88,1,12,1:52.949,0,,38.173,0,37.330,0,37.446,2,122.3,26:18.360,14:32:07.183,0:38.173,0:37.330,0:37.446,186.2,,Am,,Toyota Gazoo Racing,GF,38.173,37.33,37.446,15.616,15.616,22.557,38.173,15.619,53.792,21.711,1:15.503,14.171,1:29.674,23.275,1:52.949,15.8,32.2,48.34,1.0722659929775007,0.3715339684005498,0,0.6562651881691942,0.2390727334358706,0.5369103415623538,85.44380497681752,14.556195023182482,21.43250529603401,1,0,-4.098632585564786,0,0,1,High error bursts detected - suggest 1-lap cool down,20.46420155578615,0,112.949,113.376,0.4270000000000067,0,High,-0.4151681490989443,0,0.3042872,20.514229
GR86-049-088,88,13.0,15.080872239569583,23.34973701910102,89.23469696969698,1.3839285714285714,5.0,155.0,1.7204195224517889,2.163955656882057,0.0,0.0,69.29006794385981,38.88369573707758,2.844736842105263,100.0195238095238,6.410366061971127,80.144375,717.9609989407662,-8.117320938883234,42.43758233058517,129.80777027027028,31.30119164307152,64.4,184.4825,0.008344922765215,0.3699831477768142,-0.0900757552666982,0.8650457240575898,88,1,13,1:53.162,0,,38.065,0,37.291,0,37.806,0,122.1,28:11.522,14:34:00.345,0:38.065,0:37.291,0:37.806,185.2,,Am,,Toyota Gazoo Racing,GF,38.065,37.291,37.806,15.799,15.799,22.266,38.065,15.485,53.550,21.806,1:15.356,14.559,1:29.915,23.247,1:53.162,15.8,32.2,48.34,0.1880851059408175,0.2590329498445534,0,-0.2338326389287655,0.1251241524212248,0.0986212886461912,74.80269019034816,25.19730980965184,20.46420155578615,0,0,-0.9762752711252992,0,0,0,Maintain current pace,22.897538634089614,0,113.162,113.376,0.2139999999999986,0,High,-0.34494982578143873,0,0.3042872,22.333124
GR86-049-088,88,14.0,16.072246880370535,24.606690636905803,88.06604545454547,1.4285714285714286,5.0,160.0,1.7705826358407943,2.302585092994045,0.0,0.0,71.05011015064028,38.034177369041146,4.722222222222222,100.01857142857142,6.266003575112522,74.6821052631579,701.7924004126024,-9.836879445896312,41.45370435033121,129.38224404761905,31.552507893348576,61.178,185.68,0.008608098984471,0.3766072725099157,-0.0865068546516406,0.8616496278956668,88,1,14,1:52.828,0,,38.064,0,37.304,0,37.460,0,122.5,30:04.350,14:35:53.173,0:38.064,0:37.304,0:37.460,185.2,,Am,,Toyota Gazoo Racing,GF,38.064,37.304,37.46,15.758,15.758,22.306,38.064,15.58,53.644,21.724,1:15.368,14.262,1:29.630,23.198,1:52.828,15.8,32.2,48.34,0.469713659128962,0.417848442149861,0,-0.1121645906204111,0.1662626340657325,0.2451777830896654,78.36090016547587,21.63909983452413,22.897538634089614,0,0,1.465033338055601,0,0,0,Maintain current pace,23.19356198798395,0,112.828,113.376,0.5480000000000018,0,High,-0.3832203064160952,0,0.3042872,23.68018
GR86-049-088,88,15.0,15.799481471359522,23.774931757867915,93.45319327731092,1.4732142857142858,5.0,165.0,1.7763310407143629,2.163955656882057,0.0,0.0,71.16919377800765,37.72936328449041,2.4833333333333334,100.0157894736842,6.398573476300409,86.49964285714286,716.6402293456458,-8.49908824980958,42.97467882025743,130.11884523809525,31.033471433575965,64.80199999999999,185.556,0.0096888337972922,0.3767445569395035,-0.0824260981517763,0.8671598631485741,88,1,15,1:52.752,0,,37.980,0,37.004,2,37.768,0,122.6,31:57.102,14:37:45.925,0:37.980,0:37.004,0:37.768,185.2,,Am,,Toyota Gazoo Racing,GF,37.98,37.004,37.768,15.573,15.573,22.407,37.980,15.476,53.456,21.528,1:14.984,14.348,1:29.332,23.42,1:52.752,15.8,32.2,48.34,0.3922267794590516,0.4360477860160675,0,0.0095034576879432,0.0813004724480637,0.2362355462397302,78.14379374190713,21.856206258092868,23.19356198798395,0,0,2.729360432197801,0,0,0,Maintain current pace,22.97556863164038,0,112.752,113.376,0.6239999999999952,0,High,-0.3646110385281457,0,0.3042872,23.68018
GR86-049-088,88,16.0,14.589082202988156,22.06311804013289,85.62268170426066,1.3839285714285714,5.0,155.0,1.7275911047970052,2.163955656882057,0.0,0.0,70.93513263888612,37.71066581969263,2.460526315789474,100.0170588235294,6.938959304860388,99.46117647058824,777.1634421443634,-8.66075477040896,41.68617252194331,129.96916071428572,31.28028672560565,64.94800000000001,187.106,0.011429450563185,0.3755914558874635,-0.0868165107006718,0.8738000710664997,88,1,16,1:53.105,0,,38.211,0,37.244,0,37.650,0,122.2,33:50.207,14:39:39.030,0:38.211,0:37.244,0:37.650,185.2,,Am,,Toyota Gazoo Racing,GF,38.211,37.244,37.65,15.686,15.686,22.525,38.211,15.485,53.696,21.759,1:15.455,14.413,1:29.868,23.237,1:53.105,15.8,32.2,48.34,0.0483779651944359,0.2817380473517829,0,-0.2338326389287655,0.1217021828410581,0.0620432238410675,73.91462012866515,26.08537987133485,22.97556863164038,0,0,0.0780299975507681,0,0,0,Maintain current pace,23.39973549426854,0,113.105,113.376,0.271000000000015,0,High,-0.36119556201120906,0,0.3042872,24.626799
GR86-049-088,88,17.0,16.580313868964303,23.094828777970424,84.99388235294118,1.3839285714285714,5.0,155.0,1.7830302805565663,2.163955656882057,0.0,0.0,71.42546193192364,36.98504857626799,2.4613636363636364,100.01047619047618,7.274018373068925,98.137,814.6900577837196,-9.506748071047294,40.30960560779547,129.45798660714286,31.065919593305896,64.48,185.7375,0.0087601996034701,0.3877247071395045,-0.0890507108228667,0.8614135802448826,88,1,17,1:53.839,0,,38.767,0,37.417,0,37.655,0,121.4,35:44.046,14:41:32.869,0:38.767,0:37.417,0:37.655,185.2,,Am,,Toyota Gazoo Racing,GF,38.767,37.417,37.655,16.048,16.048,22.719,38.767,15.591,54.358,21.826,1:16.184,14.379,1:30.563,23.276,1:53.839,15.8,32.2,48.34,0.6140447374433298,0.4572574558657077,0,-0.2338326389287655,0.086611979451595,0.2721140873052705,79.01488023450658,20.985119765493423,23.39973549426854,0,0,0.206173506284589,0,0,0,Maintain current pace,21.040728286524924,0,113.839,113.376,0.4629999999999938,0,High,-0.37692176610770706,0,0.3042872,23.626415
GR86-049-088,88,18.0,14.59557525301764,21.62345706227957,84.42558441558441,1.6371681415929205,5.0,185.0,1.7541958506774844,2.302585092994045,0.0,0.0,69.3596869793773,37.78447266527593,3.603684210526316,100.01526315789474,6.61067299911176,82.24973684210526,747.0060488996288,-10.4093422896269,40.54214563502229,128.72888495575222,31.075256914451188,67.27000000000001,185.576,0.0104927709961254,0.3673124476902991,-0.0835337888288099,0.8559068155297156,88,1,18,1:53.041,0,,38.053,0,37.348,0,37.640,0,122.2,37:37.087,14:43:25.910,0:38.053,0:37.348,0:37.640,185.2,,Am,,Toyota Gazoo Racing,GF,38.053,37.348,37.64,15.810,15.810,22.243,38.053,15.53,53.583,21.818,1:15.401,14.394,1:29.795,23.246,1:53.041,15.8,32.2,48.34,0.0502225032835934,0.3659681823894535,0,0.4563374404133148,0.0881404250420453,0.1838234551486431,76.87129315402265,23.128706845977348,21.040728286524924,0,0,-1.9348403451154572,0,0,0,Maintain current pace,21.430774196864288,0,113.041,113.376,0.3350000000000079,0,High,-0.3729945730932664,0,0.3042872,22.245876
GR86-049-088,88,19.0,16.692866595222185,23.704031047839976,87.76976190476189,1.4285714285714286,5.0,160.0,1.8425665057992795,2.163955656882057,0.0,0.0,71.46113469834704,37.41760336584964,2.635,100.01368421052632,6.913585425841988,88.95972222222223,774.3215676943026,-8.599786650433959,39.626147604213074,129.413481981982,31.46021887948536,66.7025,186.94,0.0120096993899711,0.3794056743094448,-0.0878113083673071,0.8590561301929075,88,1,19,1:52.554,0,,37.892,0,37.157,0,37.505,0,122.8,39:29.641,14:45:18.464,0:37.892,0:37.157,0:37.505,186.2,,Am,,Toyota Gazoo Racing,GF,37.892,37.157,37.505,15.724,15.724,22.168,37.892,15.477,53.369,21.68,1:15.049,14.245,1:29.294,23.26,1:52.554,15.8,32.2,48.34,0.6460185848152767,0.6457480475201234,0,-0.1121645906204111,0.1511556527280111,0.3535334640043533,80.991641751896,19.008358248104003,21.430774196864288,0,1,-1.9689612974042523,0,0,1,Steering indecision - check driver fatigue or track confidence,22.243202060347556,0,112.554,113.376,0.8220000000000027,0,High,-0.36703064614435454,0,0.3042872,22.43533
GR86-049-088,88,20.0,15.416430448911704,21.893087282802327,80.10016666666667,1.4414414414414414,5.0,160.0,1.811569225674797,2.302585092994045,0.0,0.0,71.57402991893855,36.76903383827796,2.468095238095238,100.00631578947367,7.047008883493218,69.94934782608696,782.2179860677472,-9.33557872748965,41.82086399222855,129.95273423423424,31.364924848236843,66.39000000000001,186.525,0.0064936527229399,0.3811077855446905,-0.0898263482030392,0.8673466948951098,88,1,20,1:52.465,2,,37.647,2,37.268,0,37.550,0,122.9,41:22.106,14:47:10.929,0:37.647,0:37.268,0:37.550,186.2,,Am,,Toyota Gazoo Racing,GF,37.647,37.268,37.55,15.639,15.639,22.008,37.647,15.52,53.167,21.748,1:14.915,14.314,1:29.229,23.236,1:52.465,15.8,32.2,48.34,0.2834100911866327,0.5476112300359404,0,-0.0770891172342191,0.1355567738213487,0.2239181446619769,77.84474250348849,22.15525749651151,22.243202060347556,0,1,1.2024737738226283,0,0,1,Steering indecision - check driver fatigue or track confidence,25.26057804388388,0,112.465,113.376,0.9110000000000014,0,High,-0.38106330131280197,0,0.3042872,23.759459
GR86-049-088,88,21.0,15.175709289644212,23.090518512985582,91.49044117647058,1.3392857142857142,5.0,150.0,1.7088340911509932,2.163955656882057,0.0,0.0,71.70472089586798,37.63218859222098,2.460526315789474,100.00521739130434,6.919430689919508,81.1909375,774.9762372709849,-9.164577515068364,40.651099623795176,130.509125,31.554859851392013,64.5475,186.818,0.010177061746523,0.3927552120608456,-0.0846590024196844,0.8663887643303655,88,1,21,1:53.328,0,,37.955,0,37.014,0,38.359,0,121.9,43:15.434,14:49:04.257,0:37.955,0:37.014,0:38.359,186.2,,Am,,Toyota Gazoo Racing,GF,37.955,37.014,38.359,15.663,15.663,22.292,37.955,15.444,53.399,21.57,1:14.969,14.906,1:29.875,23.453,1:53.328,15.8,32.2,48.34,0.2150263046581569,0.222353687906867,0,-0.3555006872371198,0.166647630987706,0.0834359733873664,74.43400956357286,25.565990436427143,25.26057804388388,0,0,3.829803847019594,0,0,0,Maintain current pace,24.085433081674108,0,113.328,113.376,0.0480000000000018,0,High,-0.36344640530970346,0,0.3042872,25.5349
GR86-049-088,88,22.0,14.000784901226282,20.61299699330544,83.63370129870131,1.3120567375886525,5.0,185.0,1.7040084410841998,2.163955656882057,0.0,0.0,73.93303619584177,36.23206003876491,2.4883333333333337,100.00380952380952,6.568567220682083,93.44181818181818,926.1679781161736,-11.662930820028826,37.73901214244117,126.8157304964539,32.30860462419515,64.76,185.616,0.0297678541277803,0.3797775100175017,-0.1288498488195382,0.8128556664427278,88,1,22,1:53.060,0,,38.066,0,37.323,0,37.671,0,122.2,45:08.494,14:50:57.317,0:38.066,0:37.323,0:37.671,186.2,,Am,,Toyota Gazoo Racing,GF,38.066,37.323,37.671,15.671,15.671,22.395,38.066,15.558,53.624,21.765,1:15.389,14.312,1:29.701,23.359,1:53.060,15.8,32.2,48.34,-0.1187448470310494,0.2070757687492634,0,-0.4297095677656193,0.2900296863320044,-0.0193079784536414,71.939513801287,28.060486198712997,24.085433081674108,0,0,1.8422310213265547,0,0,0,Maintain current pace,23.34515440429759,0,113.06,113.376,0.3160000000000025,0,High,-0.41093742816820483,0,0.3042872,26.34699
GR86-049-088,88,23.0,17.596740441180316,24.250379027695526,91.94011904761904,1.52863436123348,5.0,347.0,1.7221323354817288,2.163955656882057,0.0,0.0,69.31733346947956,37.96690293234165,2.475,100.003,6.46166747525138,92.282,1466.7985168820633,-10.040370916364116,37.38845456970257,127.201,31.031163118995384,64.85,184.6675,0.0088260677833473,0.3706347357248908,-0.0968663096190187,0.8264816732490201,88,1,23,1:53.678,0,,38.562,0,37.329,0,37.787,0,121.6,47:02.172,14:52:50.995,0:38.562,0:37.329,0:37.787,185.2,,Am,,Toyota Gazoo Racing,FF,38.562,37.329,37.787,16.031,16.031,22.531,38.562,15.416,53.978,21.913,1:15.891,14.318,1:30.209,23.469,1:53.678,15.8,32.2,48.34,0.9027900141269348,0.2644556843241178,0,0.1605433520196352,0.0809226196156332,0.3691246900836186,81.37017739011782,18.629822609882183,23.34515440429759,0,0,-1.9154236395862936,0,0,0,Maintain current pace,,0,113.678,113.376,0.3019999999999925,0,High,-0.4122068672691864,0,0.3042872,22.85861
GR86-050-050,50,1.0,16.053556338430358,20.57081531167353,86.79304347826088,1.253968253968254,5.0,316.0,1.5970139562278634,2.302585092994045,0.0,0.0,39.86255570318518,35.392850170550595,2.3805,100.06318181818182,3.5967380714628,61.305681818181824,906.3779940086256,-3.0112296353447268,43.028214885484495,96.97379563492063,29.991354480592868,20.54,156.5625,0.0124884521031173,0.2673954525423513,-0.0687344387323941,0.6450032902113118,50,1,1,2:45.277,0,,1:09.271,0,48.499,0,47.507,0,83.6,2:45.277,14:08:34.100,1:09.271,0:48.499,0:47.507,150.0,,Am,,Toyota Gazoo Racing,GF,69.271,48.499,47.507,,,,1:09.271,20.802,1:30.073,27.697,1:57.770,21.022,2:18.792,26.485,2:45.277,15.8,32.2,48.34,0.8319665471303622,-0.1967574980980106,0,-0.5484895954903468,-0.0137933218016613,0.1167478181108878,75.24277985133963,24.75722014866037,27.271352416232745,0,0,,0,0,0,Maintain current pace,21.536698246009696,0,165.277,113.862,51.41499999999999,0,High,-0.3932884620590852,0,0.3042872,23.85574
GR86-050-050,50,2.0,12.9235668704747,17.77795777066091,92.6704347826087,1.3928571428571428,5.0,195.0,1.6772628898475757,2.163955656882057,0.0,0.0,34.213754244703225,31.97507260458884,2.42952380952381,100.08,3.518864986487626,48.74727272727273,492.64109810826767,-4.983876921838704,46.33756689340128,103.95584285714284,28.293383262126405,49.25,154.738,-0.0109024175195353,0.2553249600530595,-0.0579489556117849,0.6317686503601221,50,1,2,2:01.016,0,,42.467,0,39.149,0,39.400,0,114.2,4:46.293,14:10:35.116,0:42.467,0:39.149,0:39.400,177.0,,Am,,Toyota Gazoo Racing,GF,42.467,39.149,39.4,18.101,18.101,24.366,42.467,16.249,58.716,22.9,1:21.616,15.3,1:36.916,24.1,2:01.016,15.8,32.2,48.34,-0.0682336140021512,0.0645100805877367,0,-0.0627345758511136,-0.7660492229623093,-0.0903576727276091,70.21451531619488,29.785484683805123,21.536698246009696,0,0,,0,0,0,Maintain current pace,19.87093150664154,0,121.016,113.862,7.154000000000011,0,High,-0.4041960206067536,0,0.3042872,21.474264
GR86-050-050,50,3.0,18.214831211468248,23.16596019367764,93.81958498023717,1.7083333333333333,5.0,205.0,1.7261120600494937,2.163955656882057,0.0,0.0,63.36593174024666,39.13161363506371,2.4733333333333336,100.06090909090908,5.891453836406971,48.60704545454546,706.9744603688365,-6.235868327745078,49.32565127505429,121.964175,31.68710305826993,63.4675,177.3875,-0.0054863402024818,0.3478611620345347,-0.0570492538878228,0.7846633888378287,50,1,3,1:55.580,0,,39.150,0,38.329,0,38.101,0,119.6,6:41.873,14:12:30.696,0:39.150,0:38.329,0:38.101,184.3,,Am,,Toyota Gazoo Racing,GF,39.15,38.329,38.101,15.890,15.890,23.26,39.150,16.079,55.229,22.25,1:17.479,14.542,1:32.021,23.559,1:55.580,15.8,32.2,48.34,1.4535596894967835,0.2235490091290633,0,1.0406232544722878,0.737477877950739,0.7217964350972179,89.9326100944364,10.0673899055636,19.87093150664154,1,0,-7.400420909591205,0,0,1,High error bursts detected - suggest 1-lap cool down,16.465429626387984,0,115.58,113.862,1.7180000000000035,0,High,-0.4396974553848052,0,0.3042872,19.417326
GR86-050-050,50,4.0,14.59969280498959,21.924188916254387,88.27761904761904,1.5217391304347827,5.0,175.0,1.780413109366212,2.302585092994045,0.0,0.0,67.404922139162,39.081513065328615,2.4747826086956524,100.01761904761904,5.480275115310187,65.1554761904762,630.2316382606715,-6.05836114490561,48.193870038242686,127.09609565217391,30.92855629375884,65.23400000000001,184.935,-0.0006651301502465,0.3484023217573886,-0.0760118312198926,0.8351404483981714,50,1,4,1:54.047,0,,38.603,0,37.425,0,38.019,0,121.2,8:35.920,14:14:24.743,0:38.603,0:37.425,0:38.019,186.2,,Am,,Toyota Gazoo Racing,GF,38.603,37.425,38.019,15.994,15.994,22.609,38.603,15.67,54.273,21.755,1:16.028,14.388,1:30.416,23.631,1:54.047,15.8,32.2,48.34,0.4138283391692723,0.4003376969676449,0,0.3880219454787096,0.4014172464724601,0.3225779424617454,80.2400800694441,19.759919930555892,16.465429626387984,0,0,-5.071268619621712,0,0,0,Maintain current pace,40.889861856566576,0,114.047,113.862,0.1850000000000022,0,High,-0.388397770450868,0,0.3042872,31.10674
GR86-050-050,50,5.0,14.888245782311373,22.07170753796272,92.19059090909091,1.5044247787610618,5.0,170.0,1.813106242237659,2.302585092994045,0.0,0.0,66.10494349845588,38.80696636393705,2.473333333333333,99.98190476190476,5.613639098498541,58.21630434782608,634.3412181303352,-5.396287562251382,48.74093221425916,128.7664424778761,30.14850587869395,66.672,184.39,0.0002783030581015,0.3447110463547333,-0.0857459073004639,0.860851422393578,50,1,5,2:02.589,0,,39.218,0,40.729,0,42.642,0,112.7,10:38.509,14:16:27.332,0:39.218,0:40.729,0:42.642,180.0,,Am,,Toyota Gazoo Racing,FCY,39.218,40.729,42.642,15.829,15.829,23.389,39.218,16.253,55.471,24.476,1:19.947,15.547,1:35.494,27.095,2:02.589,15.8,32.2,48.34,0.4968175758231557,0.50677718818197,0,0.3274661061700857,0.0558298056762911,0.3304424662855811,80.43102095695555,19.56897904304445,40.889861856566576,0,1,21.01893034992504,0,0,1,Steering indecision - check driver fatigue or track confidence,50.83948808339895,0,122.589,113.862,8.727000000000004,0,High,-0.40626827168331103,0,0.4453856,49.132996
GR86-050-050,50,6.0,1.6079291246638685,7.263266118678477,83.9755,0.3026981450252951,5.0,359.0,0.3650689614511723,2.302585092994045,0.0,0.0,11.072310938731029,16.44544243209812,2.435454545454545,99.8831818181818,0.6542656362620893,59.20886363636364,775.9590446068379,2.9344994077640965,45.72063483276575,13.314567483798252,37.557498686051495,0.0,181.808,-0.0063293138606689,0.0903863223307394,-0.021713832803335,0.2496187214416999,50,1,6,2:57.295,0,,1:06.032,0,1:00.076,0,51.187,0,77.9,13:35.804,14:19:24.627,1:06.032,1:00.076,0:51.187,157.2,,Am,,Toyota Gazoo Racing,FCY,66.032,60.076,51.187,25.370,25.370,40.662,1:06.032,30.192,1:36.224,29.884,2:06.108,17.471,2:23.579,33.716,2:57.295,15.8,32.2,48.34,-3.3226659456065235,-4.207618095755454,0,-3.875496054743326,3.338252087265507,-2.2962035071057687,16.659313403900615,83.34068659609939,50.83948808339895,0,0,34.37405845701096,0,0,0,Maintain current pace,62.40641477514877,0,177.29500000000002,113.862,63.43300000000002,1,Low,-0.6356131889614968,1,0.32397628,55.692856
GR86-050-050,50,7.0,6.535981188493915,12.295408044706342,79.0095652173913,1.1581920903954803,5.0,205.0,1.4321002927781237,2.302585092994045,0.0,0.0,18.19934164019988,20.454333965426752,2.411818181818182,99.57238095238095,1.890567273443093,45.6275,334.63040739942744,-3.58309231533619,38.0663790885315,83.64549435028249,29.586653233696268,15.332,156.3775,-0.0134311437407453,0.1895354729821706,-0.0414186536240667,0.4757905202589564,50,1,7,2:46.170,0,,55.556,0,58.494,0,52.120,0,83.2,16:21.974,14:22:10.797,0:55.556,0:58.494,0:52.120,139.2,,Am,,Toyota Gazoo Racing,FCY,55.556,58.494,52.12,23.346,23.346,32.21,55.556,27.391,1:22.947,31.103,1:54.050,20.655,2:14.705,31.465,2:46.170,15.8,32.2,48.34,-1.905334255724917,-0.7336692251234519,0,-0.8834606114546409,-0.1930890000052038,-0.9068455747170548,50.391201388947,49.60879861105301,62.40641477514877,0,0,21.516552918582192,0,0,0,Maintain current pace,43.99888176196405,1,166.17000000000002,113.862,52.30800000000002,1,Medium,-0.4631028135073052,0,0.65819216,45.6628
GR86-050-050,50,8.0,7.503658651519604,11.493928515618578,74.4046956521739,1.1696969696969697,5.0,193.0,1.3668611346082644,2.302585092994045,0.0,0.0,19.62978964933924,22.284522041951373,2.43,99.5786956521739,1.4986876535165636,21.74619047619048,247.283462830233,-3.684186790317324,39.120192134350255,89.23886666666667,24.43115597431404,46.552,140.63,-0.015940464204047,0.1698515464075451,-0.041640598090274,0.5516988902041661,50,1,8,2:26.696,0,,47.100,0,49.254,0,50.342,0,94.2,18:48.670,14:24:37.493,0:47.100,0:49.254,0:50.342,154.1,,Am,,Toyota Gazoo Racing,GF,47.1,49.254,50.342,22.595,22.595,24.505,47.100,24.913,1:12.013,24.341,1:36.354,18.265,1:54.619,32.077,2:26.696,15.8,32.2,48.34,-1.6270255211242906,-0.9460692673633744,0,-0.8432230307831388,-2.477140222198772,-1.0988224500154786,45.73024088170611,54.26975911829389,43.99888176196405,0,0,-6.8406063214348976,0,0,0,Maintain current pace,35.16211645363988,0,146.696,113.862,32.834,0,Medium,-0.4476719716967644,0,0.61304337,35.59027
GR86-050-050,50,9.0,13.832710503851583,19.62900649369115,86.6252380952381,1.773972602739726,5.0,259.0,1.5380058625231214,2.302585092994045,0.0,0.0,35.040989592545465,33.690293656734944,2.4342857142857146,99.57681818181818,2.564059368958893,38.82452380952381,374.3526678679984,-4.181022010007014,43.343963752136304,100.70027853881278,26.11839850256403,50.4775,163.05599999999998,0.0074098591396552,0.2315298739422379,-0.0811665997849113,0.6639483424784031,50,1,9,1:53.608,0,,38.152,0,37.573,0,37.883,0,121.6,20:42.278,14:26:31.101,0:38.152,0:37.573,0:37.883,188.2,,Am,,Toyota Gazoo Racing,GF,38.152,37.573,37.883,15.652,15.652,22.5,38.152,15.806,53.958,21.767,1:15.725,14.354,1:30.079,23.529,1:53.608,15.8,32.2,48.34,0.193240507121014,-0.3888709763674915,0,1.27019240758946,-1.729637476120668,-0.0216804784292165,71.88191244345474,28.118087556545262,35.16211645363988,0,0,-27.24429832150889,1,0,1,Focus dropped 27 points - consider radio reminder,23.60551027018856,0,113.608,113.862,0.2539999999999907,0,High,-0.38350216349491417,0,0.5226531,27.301361
GR86-050-050,50,10.0,13.310126444092305,18.43562213292844,69.86709273182957,1.5178571428571428,5.0,170.0,1.792086592937846,2.302585092994045,0.0,0.0,66.32705425668485,38.46656185770687,2.4256521739130434,99.62904761904764,5.206560263069606,71.2784090909091,583.1347494637959,-6.025998904522524,46.911010399132245,129.41626339285716,30.167672575033247,65.185,187.178,0.0031192715398409,0.3465558895895904,-0.0921056995388741,0.8755476439681144,50,1,10,1:54.570,0,,38.495,0,37.902,0,38.173,0,120.6,22:36.848,14:28:25.671,0:38.495,0:37.902,0:38.173,182.1,,Am,,Toyota Gazoo Racing,GF,38.495,37.902,38.173,15.841,15.841,22.654,38.495,16.028,54.523,21.874,1:16.397,14.566,1:30.963,23.607,1:54.570,15.8,32.2,48.34,0.0429427953821162,0.4383432211536942,0,0.3744449418241963,0.0643212690592881,0.1850675120826166,76.9014973139195,23.098502686080494,23.60551027018856,0,1,-20.393371491775493,1,0,2,Steering indecision - check driver fatigue or track confidence | Focus dropped 20 points - consider radio reminder,21.943077793061423,0,114.57,113.862,0.7079999999999984,0,High,-0.4168057055194988,0,0.3042872,23.755587
GR86-050-050,50,11.0,15.28454022694556,21.91080160877593,93.42319047619048,1.4912280701754386,5.0,170.0,1.776674205784524,2.302585092994045,0.0,0.0,64.30122332566154,39.199922122030834,2.4763636363636365,99.67695652173914,5.200721679440219,76.14181818181818,592.882271456185,-5.48453363265374,48.02987753454818,128.56336403508772,30.17351888530099,66.16,183.585,0.0002122210361589,0.348497432621231,-0.0846462628397381,0.8511842394710781,50,1,11,1:53.862,0,,38.362,0,37.519,0,37.981,0,121.4,24:30.710,14:30:19.533,0:38.362,0:37.519,0:37.981,186.2,,Am,,Toyota Gazoo Racing,GF,38.362,37.519,37.981,15.930,15.930,22.432,38.362,15.87,54.232,21.649,1:15.881,14.326,1:30.207,23.655,1:53.862,15.8,32.2,48.34,0.6107937813560844,0.3881648961382121,0,0.2813114606151705,0.0669113726788873,0.3291672148015426,80.40005943206009,19.59994056793991,21.943077793061423,0,0,-13.21903866057846,1,0,1,Focus dropped 13 points - consider radio reminder,20.289038744875945,0,113.862,113.862,0.0,0,High,-0.3771137393982528,0,0.3042872,21.55953
GR86-050-050,50,12.0,14.138447314901336,23.255590770283288,94.1439723320158,1.3716814159292037,5.0,155.0,1.8049580780665817,2.302585092994045,0.0,0.0,67.88549536868159,39.14184665261618,2.454285714285714,99.675,5.119271587140575,60.6425,578.477689346885,-5.5584661599782805,45.45322074300045,129.402296460177,30.01894698320584,66.285,186.0175,0.0048313620456752,0.3478566650996069,-0.0869911272900499,0.868052484699659,50,1,12,1:54.980,0,,38.167,0,38.094,0,38.719,0,120.2,26:25.690,14:32:14.513,0:38.167,0:38.094,0:38.719,179.1,,Am,,Toyota Gazoo Racing,GF,38.167,38.094,38.719,15.784,15.784,22.383,38.167,15.577,53.744,22.517,1:16.261,15.072,1:31.333,23.647,1:54.980,15.8,32.2,48.34,0.2811718977499066,0.4802490958113024,0,-0.1367953285293576,-0.001568955044052,0.1837376484939887,76.86920987483613,23.13079012516387,20.289038744875945,0,1,-3.3164715253126147,0,0,1,Steering indecision - check driver fatigue or track confidence,21.75315302813298,0,114.98,113.862,1.117999999999995,0,High,-0.38906900523860816,0,0.3042872,23.158722
GR86-050-050,50,13.0,15.222370377177253,19.80793082960469,94.22179653679652,1.6666666666666667,5.0,190.0,1.770335378813383,2.302585092994045,0.0,0.0,63.72657299117127,38.304061621841775,2.465217391304348,99.61304347826086,5.078017447267071,57.11238095238096,578.8939889884462,-6.180751325445111,47.01303040283676,127.78552192982455,29.694252483292964,66.062,180.976,-0.0015148274857566,0.3393677793195289,-0.0826842160007883,0.8558526676001899,50,1,13,1:53.650,0,,38.236,0,37.520,0,37.894,0,121.6,28:19.340,14:34:08.163,0:38.236,0:37.520,0:37.894,185.2,,Am,,Toyota Gazoo Racing,GF,38.236,37.52,37.894,15.695,15.695,22.541,38.236,15.755,53.991,21.765,1:15.756,14.36,1:30.116,23.534,1:53.650,15.8,32.2,48.34,0.592913430846289,0.3675274882655289,0,0.8948967485805183,-0.1454190692141062,0.389448506685936,81.86361445847595,18.13638554152405,21.75315302813298,0,0,-0.1899247649284419,0,0,0,Maintain current pace,22.08766169132084,0,113.65,113.862,0.211999999999989,0,High,-0.39671457512427727,0,0.3042872,21.065325
GR86-050-050,50,14.0,13.84483385149185,19.25252457692774,71.09160173160171,1.4285714285714286,5.0,160.0,1.7883733044705603,2.163955656882057,0.0,0.0,65.29473679103862,38.31438340314718,2.4000000000000004,99.57772727272727,4.742126810613903,54.46454545454546,531.1182027887571,-4.34013459739523,45.75687267979416,129.22563839285715,29.420873627272474,66.8375,184.465,0.0026646267434059,0.3365026619499765,-0.0917271715532999,0.8725558001261448,50,1,14,1:53.730,0,,38.322,0,37.584,0,37.824,0,121.5,30:13.070,14:36:01.893,0:38.322,0:37.584,0:37.824,186.2,,Am,,Toyota Gazoo Racing,GF,38.322,37.584,37.824,15.601,15.601,22.721,38.322,15.863,54.185,21.721,1:15.906,14.325,1:30.231,23.499,1:53.730,15.8,32.2,48.34,0.1967272407381601,0.4262538158114762,0,0.0621738577704038,-0.2665347014800615,0.1482542346918715,76.00771658228898,23.992283417711025,22.08766169132084,0,0,1.798622946444894,0,0,0,Maintain current pace,23.53261778189621,0,113.73,113.862,0.132000000000005,0,High,-0.40073507754324783,0,0.3042872,23.135443
GR86-050-050,50,15.0,12.990248674725862,19.835597763744087,93.274209486166,1.6371681415929205,5.0,185.0,1.7141814731139478,2.163955656882057,0.0,0.0,66.67958988410723,39.023741789688906,2.460555555555556,99.5505,4.993182666410158,64.97363636363637,564.2296413043479,-3.946320491844884,43.31747410435904,129.35730530973453,29.84609255117601,67.194,186.476,0.0028865341776795,0.340645636745489,-0.0887927321130253,0.8635813403202423,50,1,15,1:53.279,0,,38.004,0,37.342,0,37.933,0,122.0,32:06.349,14:37:55.172,0:38.004,0:37.342,0:37.933,185.2,,Am,,Toyota Gazoo Racing,GF,38.004,37.342,37.933,15.652,15.652,22.352,38.004,15.675,53.679,21.667,1:15.346,14.395,1:29.741,23.538,1:53.279,15.8,32.2,48.34,-0.0490556034861255,0.1847064299152228,0,0.7917275408695308,-0.0781490319747139,0.1424041543659262,75.86568388527256,24.13431611472744,23.53261778189621,0,0,1.7794647537632289,0,0,0,Maintain current pace,23.31413424464911,0,113.279,113.862,0.5829999999999984,0,High,-0.3745671054272293,0,0.3042872,23.572155
GR86-050-050,50,16.0,13.51498684776594,18.954762640290767,77.11636363636362,1.5178571428571428,5.0,170.0,1.8053985928474243,2.302585092994045,0.0,0.0,67.34539373913267,38.245921189977146,2.4786363636363635,99.5418181818182,5.1481152473575245,62.79195652173912,576.5889077040428,-5.059043316636688,45.508116063028446,129.52197172619046,30.107284694731828,66.4875,184.8425,0.0019818139746363,0.3534729798524019,-0.0904152953936931,0.8707888526601721,50,1,16,1:52.974,0,,37.940,0,37.347,0,37.687,2,122.3,33:59.323,14:39:48.146,0:37.940,0:37.347,0:37.687,186.2,,Am,,Toyota Gazoo Racing,GF,37.94,37.347,37.687,15.608,15.608,22.332,37.940,15.71,53.650,21.637,1:15.287,14.247,1:29.534,23.44,1:52.974,15.8,32.2,48.34,0.1018616416864548,0.4816832859615595,0,0.3744449418241963,0.0375674944244308,0.2109028047123988,77.52874618674983,22.47125381325017,23.31413424464911,0,1,1.226472553328275,0,0,1,Steering indecision - check driver fatigue or track confidence,23.435379131792832,0,112.974,113.862,0.8880000000000052,0,High,-0.3995811050873462,0,0.3042872,23.677717
GR86-050-050,50,17.0,14.344865121672758,21.275024074847494,85.81782296650718,1.3839285714285714,5.0,155.0,1.765566724719959,2.302585092994045,0.0,0.0,67.60767187325315,38.77891234940072,2.46,99.54130434782608,5.439776847451067,67.5305,609.2550069145195,-5.715026656344182,44.898685141139154,130.0811517857143,30.004052565739247,66.904,184.445,0.0021186045765646,0.3558045484916929,-0.0891595741571366,0.8742044647511967,50,1,17,1:53.246,0,,38.067,0,37.245,2,37.934,0,122.0,35:52.569,14:41:41.392,0:38.067,0:37.245,0:37.934,185.2,,Am,,Toyota Gazoo Racing,GF,38.067,37.245,37.934,15.664,15.664,22.403,38.067,15.611,53.678,21.634,1:15.312,14.499,1:29.811,23.435,1:53.246,15.8,32.2,48.34,0.3405386607433998,0.3520021142526738,0,-0.0939616842564928,-0.0081676613776694,0.1752511080099475,76.66316719403028,23.33683280596972,23.435379131792832,0,0,-0.0972386501033781,0,0,0,Maintain current pace,23.0492969893708,0,113.246,113.862,0.6159999999999854,0,High,-0.38076272124713595,0,0.3042872,23.714405
GR86-050-050,50,18.0,14.267002127375871,22.077706525376207,96.23488142292489,1.415929203539823,5.0,160.0,1.6929153123819176,2.302585092994045,0.0,0.0,65.45725520822238,38.99870951770111,2.46,99.54409090909093,5.128205680787018,66.12413043478261,579.487241928933,-6.573120460302878,44.550687147544224,130.01839823008848,30.03191983600825,68.33250000000001,183.9075,0.0036320382263153,0.3489295803103058,-0.0870405133781321,0.870921881947381,50,1,18,1:53.755,0,,37.737,2,37.532,0,38.486,0,121.5,37:46.324,14:43:35.147,0:37.737,0:37.532,0:38.486,185.2,,Am,,Toyota Gazoo Racing,GF,37.737,37.532,38.486,15.574,15.574,22.163,37.737,15.791,53.528,21.741,1:15.269,14.943,1:30.212,23.543,1:53.755,15.8,32.2,48.34,0.3181448857068027,0.1154698921597277,0,0.0179584830371232,0.0041784362953105,0.1274225548370723,75.5019492238414,24.498050776158607,23.0492969893708,0,0,-0.2648372552783087,0,0,0,Maintain current pace,22.55946196447427,0,113.755,113.862,0.1069999999999993,0,High,-0.3844822786081317,0,0.3042872,23.572155
GR86-050-050,50,19.0,13.87328033493536,20.75274801721524,86.01385093167701,1.4732142857142858,5.0,165.0,1.824104631615474,2.302585092994045,0.0,0.0,65.93738544340076,38.79122765588178,2.451764705882353,99.53681818181818,5.358971311548335,61.95225000000001,600.2047868934135,-4.865222764839241,45.73946294774779,128.9561875,30.671285023333223,64.76,182.6475,0.0006530955295447,0.3524529131391911,-0.0945668805842104,0.8659418322122135,50,1,19,1:52.989,0,,37.856,0,37.351,0,37.782,0,122.3,39:39.313,14:45:28.136,0:37.856,0:37.351,0:37.782,188.2,,Am,,Toyota Gazoo Racing,GF,37.856,37.351,37.782,15.626,15.626,22.23,37.856,15.665,53.521,21.686,1:15.207,14.263,1:29.470,23.519,1:52.989,15.8,32.2,48.34,0.2049085874301112,0.542584798732934,0,0.2183093997973005,0.2874377930683203,0.258608965188694,78.68699261401592,21.31300738598408,22.55946196447427,0,1,-0.875917167318562,0,0,1,Steering indecision - check driver fatigue or track confidence,21.714474111573427,0,112.989,113.862,0.8729999999999905,0,High,-0.3970582461778226,0,0.3042872,23.64643
GR86-050-050,50,20.0,14.719180072986566,21.16043814401189,94.69809090909092,1.3839285714285714,5.0,155.0,1.7776362416980955,2.163955656882057,0.0,0.0,66.81342229827689,38.860487088573,2.453125,99.55190476190477,5.486265475670431,68.36521739130436,614.4617332750884,-5.811928631431077,46.91432660926876,130.01745089285714,30.41951224827977,66.668,186.4125,-0.0004086694105082,0.3626427614045459,-0.0903369061681863,0.8762941071933648,50,1,20,1:54.221,0,,38.456,0,37.697,0,38.068,0,121.0,41:33.534,14:47:22.357,0:38.456,0:37.697,0:38.068,184.3,,Am,,Toyota Gazoo Racing,GF,38.456,37.697,38.068,15.666,15.666,22.79,38.456,15.681,54.137,22.016,1:16.153,14.331,1:30.484,23.737,1:54.221,15.8,32.2,48.34,0.4481934573287321,0.3912970099546858,0,-0.0939616842564928,0.175894350090171,0.2357774720578342,78.13267226871987,21.867327731280128,21.714474111573427,0,0,-1.3348228777973752,0,0,0,Maintain current pace,22.82475534289998,0,114.221,113.862,0.3590000000000088,0,High,-0.39350919890861324,0,0.3042872,22.09309
GR86-050-050,50,21.0,14.17467443980939,19.09212760312146,77.73789473684211,1.5789473684210529,5.0,180.0,1.7215716013393536,2.163955656882057,0.0,0.0,66.33833966057807,37.98586395461453,2.495263157894737,99.5440909090909,5.119988549655522,57.47318181818182,583.6786946607295,-4.1079334428111975,42.07035057790208,129.09545175438595,30.111618419262992,66.71000000000001,183.912,0.0052141848579913,0.3470793123260581,-0.0841498522312415,0.8674108274581018,50,1,21,1:53.632,0,,38.040,0,37.475,0,38.117,0,121.6,43:27.166,14:49:15.989,0:38.040,0:37.475,0:38.117,185.2,,Am,,Toyota Gazoo Racing,GF,38.04,37.475,38.117,15.770,15.770,22.27,38.040,15.712,53.752,21.763,1:15.515,14.497,1:30.012,23.62,1:53.632,15.8,32.2,48.34,0.2915909946872831,0.2087665740260314,0,0.5881041045978452,0.0394874738782155,0.2318333049901911,78.03691278254392,21.96308721745608,22.82475534289998,0,0,0.2652933784257101,0,0,0,Maintain current pace,23.251456375332506,0,113.632,113.862,0.2299999999999897,0,High,-0.37705215550358556,0,0.3042872,23.123217
GR86-050-050,50,22.0,13.572476455083455,19.726991204911258,79.0588932806324,1.3839285714285714,5.0,155.0,1.7729133683271496,2.163955656882057,0.0,0.0,66.23825735115965,38.8306851948555,2.446842105263158,99.51772727272729,5.056768937919804,62.68000000000001,566.358121047018,-5.0382856186429565,44.49355686219386,129.15089285714285,30.15820302176392,65.315,186.375,0.0016714194235743,0.3421181941528083,-0.0889996497384578,0.8701440817632429,50,1,22,1:52.948,2,,37.941,0,37.281,0,37.726,0,122.3,45:20.114,14:51:08.937,0:37.941,0:37.281,0:37.726,186.2,,Am,,Toyota Gazoo Racing,GF,37.941,37.281,37.726,15.748,15.748,22.193,37.941,15.657,53.598,21.624,1:15.222,14.249,1:29.471,23.477,1:52.948,15.8,32.2,48.34,0.1183959317537227,0.3759206848820828,0,-0.0939616842564928,0.0601259521712655,0.1214172933252901,75.35614892003626,24.64385107996374,23.251456375332506,0,0,1.5369822637590786,0,0,0,Maintain current pace,23.89564095427072,0,112.948,113.862,0.9139999999999872,0,High,-0.38406349381366306,0,0.3042872,23.738667
GR86-050-050,50,23.0,13.281532282696327,19.445816275849666,88.60612836438924,1.411483253588517,5.0,295.0,1.818654823118823,2.302585092994045,0.0,0.0,67.38899553686319,38.63540349849389,2.387272727272727,99.75,5.578814283282767,70.59500000000001,1165.9721852060982,-7.293804877439832,45.0296282162154,127.38903827751196,30.949390573889524,56.27,185.636,0.0014143006709317,0.3615183238583365,-0.1226409672573772,0.8389789452940293,50,1,23,1:53.422,0,,38.051,0,37.441,0,37.930,0,121.8,47:13.536,14:53:02.359,0:38.051,0:37.441,0:37.930,185.2,,Am,,Toyota Gazoo Racing,FF,38.051,37.441,37.93,15.835,15.835,22.216,38.051,15.713,53.764,21.728,1:15.492,14.348,1:29.840,23.582,1:53.422,15.8,32.2,48.34,0.0347189757943396,0.5248417807762285,0,0.0024090569945587,0.4106475031483621,0.183052246796379,76.8525691714223,23.147430828577697,23.89564095427072,0,1,1.0708856113707377,0,0,1,Steering indecision - check driver fatigue or track confidence,,0,113.422,113.862,0.4399999999999977,0,High,-0.4311781518662931,0,0.3042872,29.681707
GR86-051-071,71,1.0,8.714164496929097,19.13334629128277,92.20590909090907,0.8095808383233533,5.0,676.0,0.5668703529211797,2.302585092994045,0.0,0.0,20.442709618081818,27.377701627586983,2.4469565217391307,100.27045454545454,2.67527319507023,53.246956521739136,2233.853117883642,-4.573679809366274,24.32511261721705,30.159367829923788,46.05899732126367,0.0,171.768,0.0027605407653237,0.1638581546781088,-0.0426513800337602,0.3685946337561955,71,1,1,2:42.994,0,,57.321,0,50.877,0,54.796,0,84.8,2:42.994,14:08:31.817,0:57.321,0:50.877,0:54.796,143.0,,Am,,Toyota Gazoo Racing,GF,57.321,50.877,54.796,,,,57.321,23.01,1:20.331,27.867,1:48.198,21.221,2:09.419,33.575,2:42.994,15.8,32.2,48.34,-1.3711446477400215,-3.8134798066001903,0,-1.5755270984491712,2.715816433635702,-1.3294607673758594,40.13062849608848,59.86937150391152,29.934697891335823,0,0,,0,0,0,Maintain current pace,25.01218160025859,0,162.994,113.532,49.462,0,Medium,-0.5040370397249078,0,0.3042872,26.557125
GR86-051-071,71,2.0,24.74826591221136,24.370000358370834,88.16772727272728,2.54,5.0,381.0,1.6573141737844224,2.163955656882057,0.0,0.0,50.75038344737299,37.12839256975371,2.4030434782608694,100.1991304347826,5.376640074988875,50.843809523809526,806.4960112483312,-8.456497784665492,40.26711369015885,97.33899333333332,22.104666037683963,53.65,143.045,0.001011142888998,0.2956753020593002,-0.0810855846067155,0.6882746555649851,71,1,2,1:59.228,0,,42.753,0,38.170,0,38.305,0,115.9,4:42.222,14:10:31.045,0:42.753,0:38.170,0:38.305,178.2,,Am,,Toyota Gazoo Racing,GF,42.753,38.17,38.305,18.051,18.051,24.702,42.753,16.01,58.763,22.16,1:20.923,14.609,1:35.532,23.696,1:59.228,15.8,32.2,48.34,2.592874415800504,0.1286472690606548,0,3.1578710815359217,-1.4725104850296384,1.1364537557327392,99.99997572123986,2.42787601365535e-05,25.01218160025859,1,0,,0,0,1,High error bursts detected - suggest 1-lap cool down,11.225985407559188,0,119.228,113.532,5.696000000000012,0,High,-0.48599968285027295,0,0.3042872,20.785748
GR86-051-071,71,3.0,17.994758060300605,23.5214910969576,80.4140909090909,1.73109243697479,5.0,206.0,1.7250859743012537,2.163955656882057,0.0,0.0,68.17461953536701,38.458156832640974,2.4231818181818183,100.22590909090908,5.701522729381608,65.08204545454545,678.4812047964114,-8.263460174306182,39.2985319034976,123.619256302521,30.50254658386944,63.8375,177.936,0.0108996201989567,0.3560362941062858,-0.068007663604933,0.7938425185767191,71,1,3,1:54.729,0,,38.573,0,37.835,0,38.321,0,120.4,6:36.951,14:12:25.774,0:38.573,0:37.835,0:38.321,185.2,,Am,,Toyota Gazoo Racing,GF,38.573,37.835,38.321,15.961,15.961,22.612,38.573,15.506,54.079,22.329,1:16.408,14.534,1:30.942,23.787,1:54.729,15.8,32.2,48.34,0.9232433477801212,0.3736530590629191,0,0.9451808435881368,-0.0041718896026323,0.5117462066777234,84.83285098189589,15.167149018104112,11.225985407559188,1,0,-18.70871248377664,1,0,2,High error bursts detected - suggest 1-lap cool down | Focus dropped 19 points - consider radio reminder,20.14977827784129,0,114.729,113.532,1.1970000000000027,0,High,-0.41417022122594543,0,0.3042872,21.417192
GR86-051-071,71,4.0,16.628004911665,22.86475970546245,92.63772727272726,1.592920353982301,5.0,180.0,1.7504164587374835,2.163955656882057,0.0,0.0,67.44442038878911,38.83920785664137,2.447826086956522,100.302,4.950130840057853,56.64913043478261,559.3647849265374,-7.685245165487845,37.08050756813724,127.61407522123892,30.35670204869608,65.792,183.324,0.0084011800871119,0.3433160814861781,-0.0845876066705087,0.8536485870439149,71,1,4,1:53.362,0,,37.925,0,37.329,0,38.108,0,121.9,8:30.313,14:14:19.136,0:37.925,0:37.329,0:38.108,187.2,,Am,,Toyota Gazoo Racing,GF,37.925,37.329,38.108,15.640,15.640,22.285,37.925,15.503,53.428,21.826,1:15.254,14.397,1:29.651,23.711,1:53.362,15.8,32.2,48.34,0.5853487944138946,0.4652267711837481,0,0.5672241608109435,-0.0296722713655555,0.3740277281051914,81.48921707418668,18.51078292581332,20.14977827784129,1,0,-4.8624033224173004,0,0,1,High error bursts detected - suggest 1-lap cool down,25.55286920447952,0,113.362,113.532,0.1700000000000017,0,High,-0.3696360253723979,0,0.3042872,24.888306
GR86-051-071,71,5.0,15.054746100661337,23.55330309376735,86.8763852813853,1.2831858407079646,5.0,145.0,1.6432128706289717,2.163955656882057,0.0,0.0,70.57693122667834,38.55070406564429,2.4681818181818183,100.28272727272726,5.407784914174068,85.55727272727273,611.0796953016696,-9.079527819824074,37.37798670593982,129.54150442477876,30.380759757887848,64.8775,186.7125,0.0134763086714097,0.3539560631950212,-0.0874484850495136,0.8630195070470998,71,1,5,2:03.389,0,,38.098,0,42.209,0,43.082,0,112.0,10:33.702,14:16:22.525,0:38.098,0:42.209,0:43.082,180.0,,Am,,Toyota Gazoo Racing,FCY,38.098,42.209,43.082,15.797,15.797,22.301,38.098,17.724,55.822,24.485,1:20.307,15.914,1:36.221,27.168,2:03.389,15.8,32.2,48.34,0.1964010288248848,0.0776688253227674,0,-0.2800253460604285,-0.0254658691990137,0.0337871261491916,73.22859711039357,26.771402889606435,25.55286920447952,0,0,14.32688379692033,0,0,0,Maintain current pace,38.20616228750279,0,123.389,113.532,9.857,0,High,-0.35805955435290154,0,0.3042872,35.321026
GR86-051-071,71,6.0,13.184057127012654,16.864476014297264,67.04458498023715,1.360655737704918,5.0,166.0,1.6275887682383494,2.163955656882057,0.0,0.0,37.24767429199578,31.60044319664401,2.447826086956522,100.22869565217393,3.1365288851867894,44.098260869565216,382.6565239927883,-8.935144812776016,38.78702517866898,118.99609836065574,26.457620030147588,65.89200000000001,182.362,-0.0089165760466957,0.2482527825980333,-0.080807096269638,0.7776701926227755,71,1,6,2:56.698,0,,1:04.934,0,58.085,0,53.679,0,78.2,13:30.400,14:19:19.223,1:04.934,0:58.085,0:53.679,138.1,,Am,,Toyota Gazoo Racing,FCY,64.934,58.085,53.679,25.033,25.033,39.901,1:04.934,28.753,1:33.687,29.332,2:03.019,20.058,2:23.077,33.621,2:56.698,15.8,32.2,48.34,-0.2660786924540826,0.0211852212264001,0,-0.0681137597984555,-0.711412453675091,-0.1558856117669022,68.6235782019812,31.3764217980188,38.20616228750279,0,0,18.056384009661503,0,0,0,Maintain current pace,48.62560238451943,0,176.698,113.532,63.16600000000001,1,High,-0.41276680945623845,0,0.5796556,43.89911
GR86-051-071,71,7.0,3.456601217717153,4.779633587983074,38.37419047619047,1.2066666666666668,5.0,362.0,1.0665437814138992,2.163955656882057,0.0,0.0,10.968578188093234,8.876394257041492,2.3615,68.838,1.5148954645652728,30.734761904761907,454.4686393695818,-21.120888598017626,52.427621570746425,52.63809284116331,41.22034040883313,0.0,131.36,-0.0124121915985842,0.1256489094545459,-0.0483391156192361,0.3703577118437021,71,1,7,2:47.173,0,,54.967,0,1:00.453,0,51.753,0,82.7,16:17.573,14:22:06.396,0:54.967,1:00.453,0:51.753,124.1,,Am,,Toyota Gazoo Racing,FCY,54.967,60.453,51.753,22.259,22.259,32.708,54.967,26.991,1:21.958,33.462,1:55.420,19.649,2:15.069,32.104,2:47.173,15.8,32.2,48.34,-2.670941906518923,-2.0070812432243423,0,-0.48933631947227,1.8697950291304188,-1.1894738277695611,43.52933782511686,56.47066217488314,48.62560238451943,0,0,23.072733180039908,0,0,0,Maintain current pace,44.02036723632478,0,167.173,113.532,53.641000000000005,1,Medium,-0.6070937123193009,1,0.35468248,48.180916
GR86-051-071,71,8.0,6.8935643790745535,11.41059592550696,73.50629870129869,0.7228915662650602,5.0,120.0,1.391870317282774,2.302585092994045,0.0,0.0,16.377007843093473,15.968348564619598,2.4321739130434783,100.19130434782608,0.7602228447549614,16.960714285714285,126.1969922293236,-9.064583755189949,33.08323936170978,88.36821084337349,17.50501260351489,47.0875,126.33599999999998,-0.0078326788905531,0.1313816797498807,-0.0711650582209729,0.5291504466235891,71,1,8,2:27.253,0,,46.828,0,48.190,0,52.235,0,93.8,18:44.826,14:24:33.649,0:46.828,0:48.190,0:52.235,146.1,,Am,,Toyota Gazoo Racing,GF,46.828,48.19,52.235,21.369,21.369,25.459,46.828,23.317,1:10.145,24.873,1:35.018,19.562,1:54.580,32.673,2:27.253,15.8,32.2,48.34,-1.8212411880663195,-0.8309743031489011,0,-1.8126574144284355,-2.276743008442536,-1.25368884521564,41.97027681934365,58.02972318065635,44.02036723632478,0,0,5.814204948821988,0,0,0,Maintain current pace,33.03536607001763,0,147.253,113.532,33.72099999999999,0,Medium,-0.4974402691881425,0,0.46648633,35.771774
GR86-051-071,71,9.0,18.651439957744,21.991196817576284,90.375,1.952054794520548,5.0,285.0,1.6480075091315578,2.163955656882057,0.0,0.0,43.04610649038028,37.207257638439735,2.389,100.20809523809524,3.4534359847263536,42.34022727272728,504.2016537700477,-9.020830075824104,39.54954208939272,100.27814383561643,20.87742428260058,53.186,161.336,0.0108003664203265,0.2414528053502693,-0.0772570438113069,0.7010542180781208,71,1,9,1:53.646,0,,38.344,0,37.295,0,38.007,0,121.6,20:38.472,14:26:27.295,0:38.344,0:37.295,0:38.007,187.2,,Am,,Toyota Gazoo Racing,GF,38.344,37.295,38.007,15.656,15.656,22.688,38.344,15.497,53.841,21.798,1:15.639,14.416,1:30.055,23.591,1:53.646,15.8,32.2,48.34,1.08559105238342,0.0950022027030782,0,1.5496025029269669,-1.6870892022426411,0.4131593216055765,82.43928364656513,17.56071635343487,33.03536607001763,1,0,-15.590236314501794,1,0,2,High error bursts detected - suggest 1-lap cool down | Focus dropped 16 points - consider radio reminder,20.92046699179909,0,113.646,113.532,0.1140000000000043,0,High,-0.41861061790261317,0,0.3042872,22.921621
GR86-051-071,71,10.0,14.511921801074797,22.309120497459134,81.83835968379447,1.3716814159292037,5.0,155.0,1.7865636467808397,2.163955656882057,0.0,0.0,69.30063246160628,38.93473486082097,2.4269565217391302,100.185,5.532394280521865,68.97363636363637,625.1605536989708,-9.17388584310123,38.38867771041735,129.30230088495574,30.86625039900981,65.286,184.926,0.0082372596204211,0.3546645627659647,-0.0823298241552205,0.8619688641241849,71,1,10,1:54.085,0,,38.091,0,37.587,0,38.407,0,121.1,22:32.557,14:28:21.380,0:38.091,0:37.587,0:38.407,187.2,,Am,,Toyota Gazoo Racing,GF,38.091,37.587,38.407,15.772,15.772,22.319,38.091,15.592,53.683,21.995,1:15.678,14.501,1:30.179,23.906,1:54.085,15.8,32.2,48.34,0.0622016860626388,0.5959045795846537,0,-0.0379540583828933,0.059420387774692,0.1678855807349903,76.48434132403833,23.515658675961674,20.92046699179909,0,0,-23.09990024452569,1,0,1,Focus dropped 23 points - consider radio reminder,23.212756858892533,0,114.085,113.532,0.5530000000000115,0,High,-0.3552129072412845,0,0.3042872,23.317604
GR86-051-071,71,11.0,15.160177499726558,24.75299551930546,86.08627705627704,1.3716814159292037,5.0,155.0,1.8014956702650216,2.163955656882057,0.0,0.0,72.20775477164511,38.88920590814004,2.4525,100.23608695652172,6.04533505704299,64.815,683.1228614458578,-7.626425671895995,38.097218760654265,128.52717994100294,31.65699133479993,59.64,187.202,0.00865147828676,0.3737022769792875,-0.077768802355411,0.853846914227554,71,1,11,1:53.946,0,,38.714,0,37.272,0,37.960,0,121.3,24:26.503,14:30:15.326,0:38.714,0:37.272,0:37.960,187.2,,Am,,Toyota Gazoo Racing,GF,38.714,37.272,37.96,16.192,16.192,22.522,38.714,15.47,54.184,21.802,1:15.986,14.491,1:30.477,23.469,1:53.946,15.8,32.2,48.34,0.2224662297966056,0.6498862088489635,0,-0.0379540583828933,0.1976785385806216,0.2432861662518507,78.31497405399926,21.68502594600073,23.212756858892533,0,1,-9.822609211125098,0,0,1,Steering indecision - check driver fatigue or track confidence,22.752712670747957,0,113.946,113.532,0.4140000000000015,0,High,-0.3678077189016287,0,0.3042872,23.662273
GR86-051-071,71,12.0,14.136139389012598,21.797853033863984,81.01998023715413,1.5044247787610618,5.0,170.0,1.716483440709783,2.163955656882057,0.0,0.0,70.16913649285515,38.53247155874443,2.4221052631578948,100.16318181818184,5.272797603289766,58.551086956521736,595.8261291717436,-9.18984808158772,37.715303909896726,128.7201238938053,30.795896959104194,65.358,185.538,0.0108148974433355,0.3495471314384104,-0.0837724200011729,0.8636316223823511,71,1,12,1:53.398,0,,38.285,0,37.294,0,37.819,0,121.9,26:19.901,14:32:08.724,0:38.285,0:37.294,0:37.819,187.2,,Am,,Toyota Gazoo Racing,GF,38.285,37.294,37.819,15.562,15.562,22.723,38.285,15.523,53.808,21.771,1:15.579,14.427,1:30.006,23.392,1:53.398,15.8,32.2,48.34,-0.0307008475173244,0.3425535379859216,0,0.3251528731334083,0.0471193469863231,0.1299129959099266,75.56241404528481,24.43758595471519,22.752712670747957,0,0,1.832245678948862,0,0,0,Maintain current pace,24.492207078047425,0,113.398,113.532,0.1340000000000003,0,High,-0.35216045186168116,0,0.3042872,23.547619
GR86-051-071,71,13.0,14.40100540036589,25.1161246508642,90.55545454545452,1.6517857142857142,5.0,185.0,1.7356914656157978,2.163955656882057,0.0,0.0,70.49219431819431,40.28860341237066,2.454090909090909,100.235,5.061961722753383,60.28795454545455,566.9397129483789,-8.599772751075674,37.17279377739631,129.2045625,30.644315689196283,65.09,187.066,0.0099902247962322,0.3545711524113288,-0.0867648758106841,0.8700367108442866,71,1,13,1:52.760,2,,37.874,0,37.056,2,37.830,0,122.5,28:12.661,14:34:01.484,0:37.874,0:37.056,0:37.830,187.2,,Am,,Toyota Gazoo Racing,GF,37.874,37.056,37.83,15.604,15.604,22.27,37.874,15.44,53.314,21.616,1:14.930,14.387,1:29.317,23.443,1:52.760,15.8,32.2,48.34,0.0347804595478588,0.4119935894614986,0,0.7282447941321606,0.0206159182074127,0.2247308461702977,77.86447388847206,22.135526111527938,24.492207078047425,0,0,1.2794502191548922,0,0,0,Maintain current pace,25.16070443653388,0,112.76,113.532,0.7720000000000056,0,High,-0.3788547077833901,0,0.3042872,23.682247
GR86-051-071,71,14.0,13.716767970857646,21.518619718450736,86.55254761904763,1.2946428571428572,5.0,145.0,1.7322418198976328,2.163955656882057,0.0,0.0,69.75583482844546,38.752715935468416,2.434761904761905,100.19727272727272,5.44856166226372,70.98521739130435,610.2389061735366,-8.6503652765454,36.937030179004026,129.99614285714284,30.874255823137847,63.19,187.9225,0.0120765423345678,0.3521432019756637,-0.0851825410741232,0.8691064429450729,71,1,14,1:52.773,0,,37.791,0,37.103,0,37.879,0,122.5,30:05.434,14:35:54.257,0:37.791,0:37.103,0:37.879,189.1,,Am,,Toyota Gazoo Racing,GF,37.791,37.103,37.879,15.658,15.658,22.133,37.791,15.37,53.161,21.733,1:14.894,14.496,1:29.390,23.383,1:52.773,15.8,32.2,48.34,-0.1343796414337586,0.3995225739659455,0,-0.2486857597093189,0.0608201068056197,0.0283458977855229,73.09649083210086,26.903509167899145,25.16070443653388,0,0,2.4079917657859227,0,0,0,Maintain current pace,27.4357709985422,0,112.773,113.532,0.7590000000000003,0,High,-0.35151367015565127,0,0.3042872,25.534754
GR86-051-071,71,15.0,14.206644182862108,22.310859770700905,83.51646245059287,1.2946428571428572,5.0,145.0,1.711075328980985,2.025326220770068,0.0,0.0,70.03329778817515,39.61639664705158,2.426,100.24863636363636,5.364619391004096,71.43350000000001,600.8373717924587,-9.28066561434053,35.6734389945002,129.94240625,30.975008669990668,64.39750000000001,186.3775,0.011422188468949,0.3543662229606678,-0.0862997820712259,0.8784652965529769,71,1,15,1:52.996,0,,37.986,0,37.235,0,37.775,0,122.3,31:58.430,14:37:47.253,0:37.986,0:37.235,0:37.775,188.2,,Am,,Toyota Gazoo Racing,GF,37.986,37.235,37.775,15.612,15.612,22.374,37.986,15.485,53.471,21.75,1:15.221,14.374,1:29.595,23.401,1:52.996,15.8,32.2,48.34,-0.0132703511239265,0.323002357754173,0,-0.2486857597093189,0.0784363723406589,0.0473102573790333,73.55692196982545,26.443078030174547,27.4357709985422,0,0,2.9435639204947712,0,0,0,Maintain current pace,27.65453576130396,0,112.996,113.532,0.5359999999999872,0,High,-0.39143239863559043,0,0.3042872,26.448088
GR86-051-071,71,16.0,14.016065254362614,21.18105007572519,75.70242424242424,1.1607142857142858,5.0,130.0,1.6768907890738658,2.163955656882057,0.0,0.0,69.75948199817078,38.2475837795192,2.445,100.22173913043478,5.515705630867648,92.71152173913042,617.7590306571765,-6.3817639604728935,34.784227385850144,129.7341261261261,30.76254514070557,65.55,185.438,0.0124606659694596,0.3456131639010324,-0.0840733800020944,0.8722069298686708,71,1,16,1:53.040,0,,38.212,0,37.124,0,37.704,0,122.2,33:51.470,14:39:40.293,0:38.212,0:37.124,0:37.704,187.2,,Am,,Toyota Gazoo Racing,GF,38.212,37.124,37.704,15.542,15.542,22.67,38.212,15.413,53.625,21.711,1:15.336,14.313,1:29.649,23.391,1:53.040,15.8,32.2,48.34,-0.0603860881468374,0.1994198331357276,0,-0.6150347173998738,0.0412879039319661,-0.0563872853769037,71.0392742024471,28.960725797552897,27.65453576130396,0,0,2.4938313247700847,0,0,0,Maintain current pace,26.13570906176924,0,113.04,113.532,0.4920000000000044,0,High,-0.38678944665143955,0,0.3042872,26.4881
GR86-051-071,71,17.0,14.169109969278953,21.568571529382304,84.03229249011858,1.1607142857142858,5.0,130.0,1.7265892949504067,2.163955656882057,0.0,0.0,69.55088831701116,39.55346188226081,2.4423809523809523,100.18272727272728,4.9128214983127645,60.08159090909091,550.2360078110296,-7.114157652642224,35.893529040927305,129.63815625,30.84454044095413,66.058,188.11,0.0117938357276375,0.3451422823622266,-0.0841993746258124,0.8760235158909617,71,1,17,1:53.227,0,,37.896,0,37.601,0,37.730,0,122.0,35:44.697,14:41:33.520,0:37.896,0:37.601,0:37.730,188.2,,Am,,Toyota Gazoo Racing,GF,37.896,37.601,37.73,15.552,15.552,22.344,37.896,15.685,53.581,21.916,1:15.497,14.411,1:29.908,23.319,1:53.227,15.8,32.2,48.34,-0.0225497197848245,0.3790878012486602,0,-0.6150347173998738,0.0556244812786485,0.0013142748946014,72.44019654381556,27.55980345618444,26.13570906176924,0,0,-1.3000619367729591,0,0,0,Maintain current pace,23.57314994299524,0,113.227,113.532,0.3049999999999926,0,High,-0.3839223568329673,0,0.3042872,26.354885
GR86-051-071,71,18.0,15.612782447818946,20.742088926830345,67.05874458874459,1.3839285714285714,5.0,155.0,1.7531040065079289,2.163955656882057,0.0,0.0,70.479758293279,38.08289580553873,2.434090909090909,100.18863636363636,5.860017792443065,69.3684090909091,656.3219927536232,-9.869389473605477,37.92079706332644,129.2878794642857,31.47625331777163,63.3475,188.29,0.0057940423781502,0.3668104370949693,-0.080051598954279,0.8677978234544358,71,1,18,1:54.373,0,,38.057,0,37.454,0,38.862,0,120.8,37:39.070,14:43:27.893,0:38.057,0:37.454,0:38.862,185.2,,Am,,Toyota Gazoo Racing,GF,38.057,37.454,38.862,15.636,15.636,22.421,38.057,15.492,53.549,21.962,1:15.511,15.077,1:30.588,23.785,1:54.373,15.8,32.2,48.34,0.3343611589867745,0.4749426819260524,0,-0.0044531212489492,0.1660771595655151,0.2349837659467545,78.11340206842962,21.88659793157038,23.57314994299524,0,0,-4.081385818308721,0,0,0,Maintain current pace,23.171677703212207,0,114.373,113.532,0.840999999999994,0,High,-0.36984085743138967,0,0.3042872,23.541275
GR86-051-071,71,19.0,16.30937470610545,25.42948803105728,91.06499999999998,1.3716814159292037,5.0,155.0,1.7115102677579102,2.163955656882057,0.0,0.0,70.66588966962391,39.05205319185768,2.436818181818182,100.18681818181818,6.386839104367481,84.85818181818182,721.7128187935253,-10.082958175682396,35.657902947915275,127.42778761061948,32.40414313545232,54.186,184.42,0.0073700820686024,0.3841728401625719,-0.0799012651866505,0.8443414307007675,71,1,19,1:53.069,0,,37.820,0,37.462,0,37.787,0,122.2,39:32.139,14:45:20.962,0:37.820,0:37.462,0:37.787,188.2,,Am,,Toyota Gazoo Racing,GF,37.82,37.462,37.787,15.621,15.621,22.199,37.820,15.747,53.567,21.715,1:15.282,14.285,1:29.567,23.502,1:53.069,15.8,32.2,48.34,0.5065756735295495,0.3245747303019069,0,-0.0379540583828933,0.3283152890686969,0.2602548047837772,78.7269515587691,21.273048441230895,23.171677703212207,0,0,-2.9640313585570297,0,0,0,Maintain current pace,24.82581990747279,0,113.069,113.532,0.4629999999999938,0,High,-0.373808836971375,0,0.3042872,23.72749
GR86-051-071,71,20.0,14.268378041915987,22.624699788579854,78.44329004329005,1.238938053097345,5.0,140.0,1.739691727665665,2.163955656882057,0.0,0.0,71.00452358346573,38.4640789100071,2.4145454545454546,100.13454545454546,5.324982741594312,77.04142857142858,601.7230498001572,-8.984779533110357,33.41380303198309,130.00393362831858,30.74774059451248,64.77799999999999,186.2925,0.0132357266372512,0.3558712229599252,-0.0829171838174012,0.8598800239187269,71,1,20,1:52.796,0,,37.755,2,37.272,0,37.769,0,122.5,41:24.935,14:47:13.758,0:37.755,0:37.272,0:37.769,188.2,,Am,,Toyota Gazoo Racing,GF,37.755,37.272,37.769,15.631,15.631,22.124,37.755,15.436,53.191,21.836,1:15.027,14.253,1:29.280,23.516,1:52.796,15.8,32.2,48.34,0.0019917572922183,0.4264551701819395,0,-0.4010609898991961,0.0386993833590019,0.0509221095841711,73.64461326316466,26.355386736835342,24.82581990747279,0,0,1.2526699644775512,0,0,0,Maintain current pace,27.309262425147097,0,112.796,113.532,0.7360000000000042,0,High,-0.3731203231366901,0,0.3042872,25.664122
GR86-051-071,71,21.0,14.094073773153948,22.424161044759217,83.87614624505927,1.2946428571428572,5.0,145.0,1.7065250407062629,2.302585092994045,0.0,0.0,69.45670906758532,39.60738618221205,2.4385000000000003,100.13818181818182,5.11454157923571,70.46071428571429,572.8286568743995,-8.271470366403964,36.44407944172457,129.90790178571427,30.73144118827305,64.732,187.3025,0.010038309947358,0.3605107970949047,-0.0836913149778148,0.8719893584429925,71,1,21,1:52.776,0,,38.022,0,37.142,0,37.612,2,122.5,43:17.711,14:49:06.534,0:38.022,0:37.142,0:37.612,188.2,,Am,,Toyota Gazoo Racing,GF,38.022,37.142,37.612,15.735,15.735,22.287,38.022,15.397,53.419,21.745,1:15.164,14.187,1:29.351,23.425,1:52.776,15.8,32.2,48.34,-0.0411004888108697,0.3065523451385356,0,-0.2486857597093189,0.0358494919926893,0.030590024884244,73.15097545564787,26.849024544352133,27.309262425147097,0,0,4.137584721934889,0,0,0,Maintain current pace,26.565728437521894,0,112.776,113.532,0.755999999999986,0,High,-0.3683128695257605,0,0.3042872,26.808746
GR86-051-071,71,22.0,14.296611093745796,21.832840074656264,84.77037267080746,1.1160714285714286,5.0,125.0,1.6875103519762815,2.025326220770068,0.0,0.0,68.84908427190047,39.30478914201463,2.4171428571428573,100.14047619047618,4.91371813059051,76.51119047619048,550.3364306261371,-9.919537035169798,35.01244306698762,129.89670238095238,30.63033199802974,63.4575,187.274,0.0113490060599338,0.3559508774355606,-0.0847642659122278,0.8703334057127405,71,1,22,1:52.889,0,,37.796,0,37.279,0,37.814,0,122.4,45:10.600,14:50:59.423,0:37.796,0:37.279,0:37.814,188.2,,Am,,Toyota Gazoo Racing,GF,37.796,37.279,37.814,15.586,15.586,22.21,37.796,15.454,53.250,21.825,1:15.075,14.214,1:29.289,23.6,1:52.889,15.8,32.2,48.34,0.0089716530017851,0.2378112345525886,0,-0.737151036630059,0.0181709211235122,-0.0466112588434749,71.27662400574619,28.72337599425381,26.565728437521894,0,0,1.7399085300491066,0,0,0,Maintain current pace,26.42408038410678,0,112.889,113.532,0.6429999999999865,0,High,-0.41572179632820055,0,0.3042872,26.61985
GR86-051-071,71,23.0,13.762742241419303,22.230811215557186,85.35584782608696,1.4532019704433496,5.0,295.0,1.7374761096770457,2.302585092994045,0.0,0.0,73.14995690081163,37.77744784825353,2.442727272727273,100.1295652173913,6.194423650465837,80.4075,1257.468001044565,-9.999685010219563,38.10339287799791,126.60282508250825,33.23357505143689,51.616,188.8175,0.0097962825409729,0.3733098838557939,-0.1099872188296609,0.8338911942827748,71,1,23,1:53.532,0,,37.895,0,37.826,0,37.811,0,121.7,47:04.132,14:52:52.955,0:37.895,0:37.826,0:37.811,184.3,,Am,,Toyota Gazoo Racing,FF,37.895,37.826,37.811,15.726,15.726,22.169,37.895,15.442,53.337,22.384,1:15.721,14.386,1:30.107,23.425,1:53.532,15.8,32.2,48.34,-0.1230136858233567,0.4184453603273221,0,0.1850377189358203,0.4733384157756253,0.1427967337527591,75.87521522604025,24.124784773959743,26.42408038410678,0,0,-0.8851820410403164,0,0,0,Maintain current pace,,0,113.532,113.532,0.0,0,High,-0.399242323027084,0,0.3042872,28.148767
GR86-061-051,51,1.0,12.186006703503097,16.655261255868034,97.07972332015812,1.2244897959183674,5.0,300.0,1.630446076706227,2.302585092994045,0.0,0.0,27.907619975247098,24.01995535152306,2.446842105263158,100.03772727272728,2.285352236674435,59.94190476190476,559.9112979852366,-5.964491748810266,33.21389806831659,95.68678299319728,26.61883917124136,37.7425,144.765,0.0156418192047715,0.2204797226906472,-0.0663135262132248,0.5996529585063233,51,1,1,2:44.861,0,,1:08.835,0,48.324,0,47.702,0,83.8,2:44.861,14:08:33.684,1:08.835,0:48.324,0:47.702,151.0,,Am,,Toyota Gazoo Racing,GF,68.835,48.324,47.702,,,,1:08.835,20.461,1:29.296,27.863,1:57.159,19.842,2:17.001,27.86,2:44.861,15.8,32.2,48.34,-0.7293043769348956,0.1830434051654947,0,-0.4866665360733629,-1.6470973386963206,-0.4107401760697315,62.43602536542703,37.56397463457297,32.943942982982904,0,0,,0,0,0,Maintain current pace,26.65380969247292,0,164.861,115.063,49.79799999999999,0,Medium,-0.4292875731682708,0,0.3042872,25.135971
GR86-061-051,51,2.0,14.474417358809406,16.428242250275648,79.71032581453633,1.6666666666666667,5.0,235.0,1.579988027029667,2.302585092994045,0.0,0.0,31.726503484312005,30.4937666966816,2.4463157894736844,100.1635,3.179315169010988,87.91761904761904,448.2834388305492,-7.240457656501896,36.500194393034086,103.71443617021276,26.188230212584536,57.6375,152.93,-0.0091655758430326,0.2502972991268072,-0.058678939658373,0.6200477474101945,51,1,2,2:03.464,0,,43.502,0,39.913,0,40.049,0,111.9,4:48.325,14:10:37.148,0:43.502,0:39.913,0:40.049,178.2,,Am,,Toyota Gazoo Racing,GF,43.502,39.913,40.049,18.773,18.773,24.729,43.502,16.282,59.784,23.631,1:23.415,16.469,1:39.884,23.58,2:03.464,15.8,32.2,48.34,-0.0238135241434752,0.0087222498750516,0,1.0414219756229597,-1.814078041258603,-0.030158002556696,71.67608866860716,28.32391133139284,26.65380969247292,0,0,,0,0,0,Maintain current pace,22.078431304345703,0,123.464,115.063,8.400999999999996,0,High,-0.39795083233998735,0,0.3042872,23.640482
GR86-061-051,51,3.0,17.426900968157934,21.297899709503746,87.13652173913043,1.7107438016528926,5.0,207.0,1.650511445837938,2.163955656882057,0.0,0.0,60.547106737023135,39.51295187093934,2.472727272727273,100.12,6.704140179878258,118.7935,811.2009617652692,-6.568620275256716,37.89444258575607,118.4356170798898,32.1226497955539,49.104,178.02,0.0003922708169711,0.3612532970377375,-0.0623823193812991,0.7236013071279704,51,1,3,1:55.435,0,,39.048,0,38.020,0,38.367,0,119.7,6:43.760,14:12:32.583,0:39.048,0:38.020,0:38.367,184.3,,Am,,Toyota Gazoo Racing,GF,39.048,38.02,38.367,16.171,16.171,22.877,39.048,15.835,54.883,22.185,1:17.068,14.755,1:31.823,23.612,1:55.435,15.8,32.2,48.34,0.8864034312714504,0.2523647196195874,0,1.193745102535854,0.4871596161151809,0.5567899362782281,85.92645688854705,14.073543111452947,22.078431304345703,1,0,-10.8655116786372,1,0,2,High error bursts detected - suggest 1-lap cool down | Focus dropped 11 points - consider radio reminder,19.117173752894747,0,115.435,115.063,0.3719999999999999,0,High,-0.3982282827013765,0,0.3042872,20.420034
GR86-061-051,51,4.0,15.760439875119197,22.48934909013493,87.79101449275362,1.3478260869565215,5.0,155.0,1.6169578456305074,2.163955656882057,0.0,0.0,64.73946939602848,40.2257694458433,2.4622727272727274,100.1204347826087,6.923874389933131,134.99555555555557,796.2455548423101,-6.227719033675221,35.55615790111777,127.03097391304348,31.324724691166622,65.495,184.904,0.0033201603574591,0.3680551051440838,-0.0757238095858815,0.8234096289045848,51,1,4,1:56.029,0,,39.271,0,38.173,0,38.585,0,119.1,8:39.789,14:14:28.612,0:39.271,0:38.173,0:38.585,184.3,,Am,,Toyota Gazoo Racing,GF,39.271,38.173,38.585,16.398,16.398,22.873,39.271,15.956,55.227,22.217,1:17.444,14.732,1:32.176,23.853,1:56.029,15.8,32.2,48.34,0.3726525208107338,0.1364446158936974,0,-0.0604371652523829,0.1777417746047006,0.1546155128892571,76.16216052980867,23.837839470191327,19.117173752894747,0,0,-7.536635939578172,0,0,0,Maintain current pace,44.13299178041989,0,116.029,115.063,0.965999999999994,0,High,-0.38686828046790667,0,0.3042872,25.985552
GR86-061-051,51,5.0,15.648563487268325,23.375576827546283,92.96316017316018,1.565217391304348,5.0,180.0,1.7119128449783496,2.163955656882057,0.0,0.0,63.8015123822007,40.92838399019199,2.4562500000000003,100.03761904761905,6.335140876879645,100.26666666666668,728.5412008411593,-5.658084139129553,36.44696823478698,126.24584347826088,31.24165073294217,67.556,183.596,0.0015420482620588,0.3626999601159105,-0.081413691767563,0.810167847384247,51,1,5,2:03.632,0,,40.133,0,42.061,0,41.438,0,111.8,10:43.421,14:16:32.244,0:40.133,0:42.061,0:41.438,174.2,,Am,,Toyota Gazoo Racing,FCY,40.133,42.061,41.438,16.983,16.983,23.15,40.133,17.573,57.706,24.488,1:22.194,15.216,1:37.410,26.222,2:03.632,15.8,32.2,48.34,0.3381623089734836,0.4644926734984396,0,0.6908304307989872,0.1455275170281318,0.3357491773893162,80.55986132296003,19.44013867703997,44.13299178041989,0,0,22.05456047607419,0,0,0,Maintain current pace,49.1117564080515,0,123.632,115.063,8.569000000000003,0,High,-0.4034284299850494,0,0.50456434,50.772816
GR86-061-051,51,6.0,1.8614028476748368,7.744301321126294,91.3765,0.3413120567375886,5.0,385.0,0.2947808248990259,2.302585092994045,0.0,0.0,11.02346248621889,14.565356191008338,2.427826086956522,99.98782608695652,1.1127066649652408,46.74452380952381,1255.1331180807915,-52.30431194767435,57.66519663017705,13.171961811722914,38.03684593273399,0.0,176.58800000000002,-0.0001662045433473,0.0914001744800269,-0.0145851639926369,0.2489966850541318,51,1,6,2:56.240,0,,1:04.850,0,1:00.886,0,50.504,0,78.4,13:39.661,14:19:28.484,1:04.850,1:00.886,0:50.504,146.1,,Am,,Toyota Gazoo Racing,FCY,64.85,60.886,50.504,24.856,24.856,39.994,1:04.850,31.446,1:36.296,29.44,2:05.736,16.748,2:22.484,33.756,2:56.240,15.8,32.2,48.34,-3.912261754839123,-4.4313781047584895,0,-3.5387794942753263,2.780555065104225,-2.534284470272236,10.879002805971616,89.12099719402838,49.1117564080515,0,0,29.99458265515675,0,0,0,Maintain current pace,58.03124679386495,0,176.24,115.063,61.17700000000001,1,Low,-0.652266242338101,1,0.32436627,54.567276
GR86-061-051,51,7.0,10.040281051244712,15.332097147367106,93.62933333333334,1.4,5.0,245.0,1.556444680896813,2.163955656882057,0.0,0.0,22.028257369423464,24.27574893420727,2.4372727272727275,99.86913043478262,2.5721175702903034,41.22527777777778,450.1205748008031,-6.099745758075785,31.837523619871813,83.54719428571428,29.75313095660113,12.058,143.316,-0.0064564690448122,0.2211786266708471,-0.0558394724294266,0.4874360577029482,51,1,7,2:46.636,0,,55.560,0,59.324,0,51.752,0,82.9,16:26.297,14:22:15.120,0:55.560,0:59.324,0:51.752,141.2,,Am,,Toyota Gazoo Racing,FCY,55.56,59.324,51.752,22.822,22.822,32.738,55.560,28.489,1:24.049,30.835,1:54.884,20.918,2:15.802,30.834,2:46.636,15.8,32.2,48.34,-1.3908070739084726,-0.0726146889006139,0,0.1198670577999461,-0.4316877801328487,-0.4605845137409882,61.22586664691383,38.77413335308617,58.03124679386495,0,0,13.898255013445052,0,0,0,Maintain current pace,36.537976433185634,1,166.636,115.063,51.57299999999999,1,Medium,-0.4384664390041334,0,0.6660913,40.490196
GR86-061-051,51,8.0,11.398490096828487,14.68200351229492,86.89227272727274,1.1696969696969697,5.0,193.0,1.3628482369534625,2.163955656882057,0.0,0.0,22.11408908730784,23.4106100685112,2.4318181818181817,99.72608695652173,1.6001627702325645,21.15363636363636,264.0268570883731,-6.197276580955124,31.58325780679321,88.44170909090909,26.018361481053304,40.516,142.59,-0.0071681512460834,0.1903040913966687,-0.0544503481284758,0.5321130630466331,51,1,8,2:24.939,0,,46.866,0,50.481,0,47.592,0,95.3,18:51.236,14:24:40.059,0:46.866,0:50.481,0:47.592,163.1,,Am,,Toyota Gazoo Racing,GF,46.866,50.481,47.592,22.397,22.397,24.469,46.866,25.222,1:12.088,25.259,1:37.347,15.978,1:53.325,31.614,2:24.939,15.8,32.2,48.34,-0.9720867469356632,-0.741446639097923,0,-0.6760212803199283,-1.8799494068310367,-0.7663858165862727,53.8013901655197,46.1986098344803,36.537976433185634,0,0,-12.573779974865865,1,0,1,Focus dropped 13 points - consider radio reminder,29.39744223549435,0,144.939,115.063,29.87599999999999,0,Medium,-0.44058988003186,0,0.573993,28.787224
GR86-061-051,51,9.0,15.091622218828164,18.16469293579732,76.43849802371543,1.8194444444444444,5.0,262.0,1.5537776199411726,2.163955656882057,0.0,0.0,38.04956065584851,34.94419488610601,2.4385714285714286,99.74136363636364,3.2442205661058754,40.45413043478261,467.1677615192461,-5.943022493496663,33.78994143646088,101.24004166666668,27.16929481619721,61.502,164.6725,0.0076153879139818,0.2586768048378788,-0.0867229483811723,0.6515902938341881,51,1,9,1:55.361,0,,39.080,0,38.179,0,38.102,0,119.8,20:46.597,14:26:35.420,0:39.080,0:38.179,0:38.102,183.1,,Am,,Toyota Gazoo Racing,GF,39.08,38.179,38.102,16.306,16.306,22.774,39.080,15.809,54.889,22.37,1:17.259,14.508,1:31.767,23.594,1:55.361,15.8,32.2,48.34,0.1664636807069622,-0.0818287815973688,0,1.5693961472923936,-1.4336427217491732,0.1215270587316881,75.35881388800956,24.64118611199044,29.39744223549435,0,0,-28.6338045583706,1,0,1,Focus dropped 29 points - consider radio reminder,22.39666588512121,0,115.361,115.063,0.2979999999999876,0,High,-0.38503746386796134,0,0.3042872,24.583273
GR86-061-051,51,10.0,16.635410670743845,22.6266956036918,81.31569794050344,1.6956521739130437,5.0,195.0,1.6697894674403229,2.163955656882057,0.0,0.0,62.23864793677297,39.53206448228425,2.527058823529412,99.77,5.5833417510877865,79.25642857142857,642.0843013750955,-5.454155351627485,35.07274027027295,127.1512043478261,30.299937763303543,63.626,183.3,0.0047266530196887,0.3586479949909963,-0.0855829976829439,0.8225733381541498,51,1,10,1:54.571,0,,38.548,0,37.791,0,38.232,0,120.6,22:41.168,14:28:29.991,0:38.548,0:37.791,0:38.232,184.3,,Am,,Toyota Gazoo Racing,GF,38.548,37.791,38.232,16.220,16.220,22.328,38.548,15.703,54.251,22.088,1:16.339,14.783,1:31.122,23.449,1:54.571,15.8,32.2,48.34,0.6423960178275294,0.3189659263444477,0,1.1415909884298092,-0.2196481025706028,0.4217341249417818,82.6474692399877,17.3525307600123,22.39666588512121,1,0,-14.141310548064425,1,0,2,High error bursts detected - suggest 1-lap cool down | Focus dropped 14 points - consider radio reminder,22.694801529460808,0,114.571,115.063,0.4920000000000044,0,High,-0.3707024139620904,0,0.3042872,21.980707
GR86-061-051,51,11.0,15.70242151057492,22.194737017057896,90.8364705882353,1.327433628318584,5.0,150.0,1.624180185704333,2.025326220770068,0.0,0.0,63.37738293884504,40.10761694316653,2.451363636363636,99.77333333333333,6.14931046690599,109.82977272727273,694.8720827603769,-7.554077006057168,36.22913300258764,127.68588790560472,30.1319579684695,67.524,183.92,0.0050572864025053,0.3695939745751515,-0.0928348452664975,0.8357620440451649,51,1,11,1:55.055,0,,38.812,0,38.391,0,37.852,0,120.1,24:36.223,14:30:25.046,0:38.812,0:38.391,0:37.852,185.2,,Am,,Toyota Gazoo Racing,GF,38.812,38.391,37.852,15.966,15.966,22.846,38.812,16.053,54.865,22.338,1:17.203,14.464,1:31.667,23.388,1:55.055,15.8,32.2,48.34,0.3547661220627669,0.1613961681958588,0,-0.1309100547934845,-0.2847869799528793,0.0986636724534841,74.80371921663911,25.19628078336089,22.694801529460808,0,0,-6.702640706033542,0,0,0,Maintain current pace,25.04144197446016,0,115.055,115.063,0.0079999999999955,0,High,-0.3990672808766022,0,0.3042872,23.596317
GR86-061-051,51,12.0,15.399115881404272,21.68835395222388,85.84064935064936,1.2280701754385963,5.0,140.0,1.675351617553152,2.163955656882057,0.0,0.0,62.88614798677814,39.841906279629335,2.4527272727272726,99.75409090909092,6.300146758942812,94.84,718.2167305194805,-6.138532754098018,35.0772358396545,127.16147807017543,30.683486771294508,64.3875,183.606,0.0044233827960872,0.3627523812323702,-0.0867781491340132,0.8181354209485909,51,1,12,1:54.894,0,,38.868,0,37.966,0,38.060,0,120.3,26:31.117,14:32:19.940,0:38.868,0:37.966,0:38.060,184.3,,Am,,Toyota Gazoo Racing,GF,38.868,37.966,38.06,15.876,15.876,22.992,38.868,15.694,54.562,22.272,1:16.834,14.493,1:31.327,23.567,1:54.894,15.8,32.2,48.34,0.2612604628036349,0.3381818976271757,0,-0.4742933497438387,-0.0709162159392353,0.084687989192385,74.46440695499076,25.53559304500924,25.04144197446016,0,0,2.644776089338947,0,0,0,Maintain current pace,23.871593275497005,0,114.894,115.063,0.1689999999999969,0,High,-0.36154595800600753,0,0.3042872,25.0578
GR86-061-051,51,13.0,15.611364506977775,22.53396660991501,84.28999999999999,1.2280701754385963,5.0,140.0,1.6842308079670951,2.302585092994045,0.0,0.0,63.73055001871722,40.42967564139105,2.431304347826087,99.73809523809524,5.796883013280896,87.6945,660.8446635140222,-6.6658569980190805,34.7078074426912,127.33938157894735,31.19369990555465,65.54,184.99,0.0045663543047946,0.3620499508769961,-0.0763346433881335,0.8279379748816069,51,1,13,1:54.736,0,,38.682,0,38.042,0,38.012,0,120.4,28:25.853,14:34:14.676,0:38.682,0:38.042,0:38.012,185.2,,Am,,Toyota Gazoo Racing,GF,38.682,38.042,38.012,16.176,16.176,22.506,38.682,15.79,54.472,22.252,1:16.724,14.433,1:31.157,23.579,1:54.736,15.8,32.2,48.34,0.3266942884644468,0.3688574933135748,0,-0.4742933497438387,0.1269332386587586,0.1317719812720278,75.60754790498966,24.39245209501034,23.871593275497005,0,0,1.1767917460361978,0,0,0,Maintain current pace,22.82545939893612,0,114.736,115.063,0.3270000000000124,0,High,-0.3714695850930469,0,0.3042872,23.896894
GR86-061-051,51,14.0,15.365125644590176,21.23488996658553,90.37040909090908,1.3596491228070176,5.0,155.0,1.7429310066298374,2.163955656882057,0.0,0.0,63.507728069154965,39.77066286049192,2.435,99.7145,6.764250614888878,96.884,771.1245700973321,-5.620286864488659,35.45446597535096,127.4594254385965,31.58855010954368,60.7475,186.205,0.0045247430588512,0.3787260588484103,-0.0808073066270916,0.8212910765360211,51,1,14,1:54.558,0,,38.836,0,37.908,0,37.814,0,120.6,30:20.411,14:36:09.234,0:38.836,0:37.908,0:37.814,187.2,,Am,,Toyota Gazoo Racing,GF,38.836,37.908,37.814,16.335,16.335,22.501,38.836,15.751,54.587,22.157,1:16.744,14.33,1:31.074,23.484,1:54.558,15.8,32.2,48.34,0.250781661238472,0.5716534101645042,0,-0.0195787521337988,0.2800474810437948,0.2432157861969773,78.31326531352856,21.68673468647144,22.82545939893612,0,0,-2.215982575524034,0,0,0,Maintain current pace,22.15249703970765,0,114.558,115.063,0.5050000000000097,0,High,-0.36778015273338943,0,0.3042872,23.224644
GR86-061-051,51,15.0,15.181161267526912,20.485837637215283,77.64527950310558,1.5350877192982455,5.0,175.0,1.623438166563767,2.163955656882057,0.0,0.0,66.47444608591788,38.135318800406594,2.469411764705882,99.68523809523808,8.209508164999438,118.5475,935.8839308099358,-6.826018280234988,38.45226586500731,128.00269736842105,31.58891172776183,59.405,184.328,0.0088075632758039,0.3809074825675658,-0.079739705486591,0.8293432648522131,51,1,15,1:54.354,0,,38.447,0,37.758,0,38.149,0,120.8,32:14.765,14:38:03.588,0:38.447,0:37.758,0:38.149,185.2,,Am,,Toyota Gazoo Racing,GF,38.447,37.758,38.149,15.739,15.739,22.708,38.447,15.753,54.200,22.005,1:16.205,14.521,1:30.726,23.628,1:54.354,15.8,32.2,48.34,0.1940675461574826,0.1588326598030407,0,0.5867073780129196,0.2801877086514934,0.2139533063650922,77.60280858467341,22.39719141532659,22.15249703970765,0,0,-1.7190962357893511,0,0,0,Maintain current pace,22.168932765383012,0,114.354,115.063,0.7090000000000032,0,High,-0.3721567889320815,0,0.3042872,23.107355
GR86-061-051,51,16.0,16.139706346853995,22.18258753623989,79.42198757763975,1.3716814159292037,5.0,155.0,1.6407511133513937,2.025326220770068,0.0,0.0,65.15213843629442,39.75602861115652,2.4566666666666666,99.657,6.206202747240272,90.32380952380952,701.3009104381507,-5.612297209618905,32.93072791476978,127.85469026548672,31.126616010280053,64.06,184.05,0.0076898336332924,0.3666001030525856,-0.0868963295559986,0.8387623771931789,51,1,16,1:55.063,0,,38.549,0,38.287,0,38.227,0,120.1,34:09.828,14:39:58.651,0:38.549,0:38.287,0:38.227,186.2,,Am,,Toyota Gazoo Racing,GF,38.549,38.287,38.227,15.859,15.859,22.69,38.549,15.876,54.425,22.411,1:16.836,14.823,1:31.659,23.404,1:55.063,15.8,32.2,48.34,0.4895760397425058,0.2186449772597547,0,0.0220028187390959,0.1009195765219847,0.2149264367007533,77.62643498267506,22.373565017324932,22.168932765383012,0,0,-0.6565266335531064,0,0,0,Maintain current pace,21.463090152501096,0,115.063,115.063,0.0,0,High,-0.39464973749472887,0,0.3042872,23.131533
GR86-061-051,51,17.0,16.35395915898662,23.12396983649127,89.23345454545453,1.2719298245614037,5.0,145.0,1.6874498057955558,2.163955656882057,0.0,0.0,63.732499615382096,40.17869421666268,2.44608695652174,99.65304347826088,7.000702078943979,134.07068181818184,798.0800369996136,-8.14276406263098,37.76819538445415,127.00412719298244,31.5861134802428,62.722,185.05,0.0071146428787221,0.3720373595768362,-0.083542130978696,0.828860734375072,51,1,17,1:54.994,0,,38.409,0,37.999,0,38.586,0,120.2,36:04.822,14:41:53.645,0:38.409,0:37.999,0:38.586,187.2,,Am,,Toyota Gazoo Racing,GF,38.409,37.999,38.586,16.041,16.041,22.368,38.409,15.628,54.037,22.371,1:16.408,14.61,1:31.018,23.976,1:54.994,15.8,32.2,48.34,0.5556277332154034,0.3799784031373123,0,-0.3227218172071577,0.2791026096834462,0.24118490913622,78.26395813650248,21.73604186349752,21.463090152501096,0,0,-0.6894068872065588,0,0,0,Maintain current pace,21.50340197383069,0,114.994,115.063,0.0690000000000026,0,High,-0.3814068458222185,0,0.3042872,21.652847
GR86-061-051,51,18.0,16.14756217679974,21.44094956281605,85.16165789473683,1.4473684210526316,5.0,165.0,1.6626264161253326,2.163955656882057,0.0,0.0,62.98683753458549,38.96632571148475,2.408095238095238,99.64347826086956,7.077444062752053,93.72022727272726,806.828623153734,-6.509173569136535,36.53321320971549,127.32887280701756,31.83294344184545,66.49600000000001,186.9925,0.0046620635505737,0.3786394863007307,-0.0765173705143866,0.8218872337269295,51,1,18,1:54.905,0,,38.454,0,37.959,0,38.492,0,120.3,37:59.727,14:43:48.550,0:38.454,0:37.959,0:38.492,187.2,,Am,,Toyota Gazoo Racing,GF,38.454,37.959,38.492,16.038,16.038,22.416,38.454,15.596,54.050,22.363,1:16.413,14.96,1:31.373,23.532,1:54.905,15.8,32.2,48.34,0.491997902337385,0.2942192033014861,0,0.2835643129395607,0.37481785102537,0.3011706035700581,79.72033642331917,20.279663576680832,21.50340197383069,0,0,-0.665530791552321,0,0,0,Maintain current pace,21.751757502258183,0,114.905,115.063,0.1580000000000012,0,High,-0.36779866083264445,0,0.3042872,21.434814
GR86-061-051,51,19.0,15.643742585718492,22.621295478248705,86.186875,1.3157894736842106,5.0,150.0,1.6634993809357013,2.302585092994045,0.0,0.0,64.82271372393744,39.32961729588582,2.475263157894737,99.6282608695652,7.183595059380035,83.33578947368422,818.929836769324,-5.579740485564382,35.62644548267854,127.2313903508772,32.421539765818395,62.072,186.105,0.0061489935413329,0.3871835736270456,-0.0814661342167716,0.8166859583672246,51,1,19,1:54.571,0,,38.543,0,38.102,0,37.926,0,120.6,39:54.298,14:45:43.121,0:38.543,0:38.102,0:37.926,185.2,,Am,,Toyota Gazoo Racing,GF,38.543,38.102,37.926,15.901,15.901,22.642,38.543,15.712,54.255,22.39,1:16.645,14.571,1:31.216,23.355,1:54.571,15.8,32.2,48.34,0.3366760801195283,0.2972350993824253,0,-0.1711502846704783,0.6030625861306299,0.209945314793956,77.50549951868626,22.494500481313736,21.751757502258183,0,0,0.2886673497570875,0,0,0,Maintain current pace,21.36590610862417,0,114.571,115.063,0.4920000000000044,0,High,-0.38154467857789737,0,0.3042872,22.347075
GR86-061-051,51,20.0,16.009266059618948,24.700728799573834,91.25706004140788,1.327433628318584,5.0,150.0,1.6488971546974347,2.163955656882057,0.0,0.0,64.53104603418898,40.00222046421868,2.452608695652174,99.6115,7.07243948205041,94.45869565217392,799.1856614716963,-7.79015193287707,37.86275542442837,127.32771091445429,31.733553297736865,61.025,185.75,0.0061193064379441,0.3847813935386565,-0.0801791532096649,0.8290306150749388,51,1,20,1:56.410,0,,38.986,0,38.370,0,39.054,0,118.7,41:50.708,14:47:39.531,0:38.986,0:38.370,0:39.054,187.2,,Am,,Toyota Gazoo Racing,GF,38.986,38.37,39.054,16.432,16.432,22.554,38.986,15.942,54.928,22.428,1:17.356,15.344,1:32.700,23.71,1:56.410,15.8,32.2,48.34,0.4493627898756487,0.2467877086492569,0,-0.1309100547934845,0.3362765346932932,0.2104969093753154,77.51889155122002,22.481108448779977,21.36590610862417,0,0,-0.1374958652065245,0,0,0,Maintain current pace,22.235987208495025,0,116.41,115.063,1.3469999999999942,0,High,-0.3794215761842534,0,0.3042872,22.075735
GR86-061-051,51,21.0,15.38922057084923,20.843557558829183,80.71413636363637,1.5517241379310345,5.0,180.0,1.6810384984094662,2.163955656882057,0.0,0.0,64.17342643630337,38.66755957377026,2.441,99.5990476190476,8.879538967180094,134.89525,1030.026520192891,-6.834165072391565,41.62750295074561,126.02145689655173,33.06602794335575,56.4125,184.9425,0.0066582896199327,0.3885432661105474,-0.0774218709040899,0.8173406198924734,51,1,21,1:54.517,0,,38.901,0,37.906,0,37.710,2,120.7,43:45.225,14:49:34.048,0:38.901,0:37.906,0:37.710,185.2,,Am,,Toyota Gazoo Racing,GF,38.901,37.906,37.71,16.223,16.223,22.678,38.901,15.797,54.698,22.109,1:16.807,14.364,1:31.171,23.346,1:54.517,15.8,32.2,48.34,0.2582098516443459,0.3578287854325186,0,0.6442000282854538,0.8529809552559662,0.3488482516198481,80.87789060422121,19.122109395778796,22.235987208495025,0,0,0.4842297062368388,0,0,0,Maintain current pace,22.23646326479477,0,114.517,115.063,0.5460000000000065,0,High,-0.42863147405517715,0,0.3042872,22.429405
GR86-061-051,51,22.0,15.320845767363071,21.98155903000452,83.32954545454544,1.1507936507936507,5.0,145.0,1.6895835171068387,2.163955656882057,0.0,0.0,66.20774545342314,39.52351601097934,2.44,99.61409090909092,6.253086735938704,102.27022727272728,787.8889287282766,-7.012258049603587,35.665815522175826,125.61712698412698,32.04382833201653,60.620000000000005,182.494,0.0312976666749611,0.3523706453717262,-0.0877738274673105,0.8150422695000127,51,1,22,1:55.147,0,,38.050,2,37.965,0,39.132,0,120.0,45:40.372,14:51:29.195,0:38.050,0:37.965,0:39.132,187.2,,Am,,Toyota Gazoo Racing,GF,38.05,37.965,39.132,15.760,15.760,22.29,38.050,15.828,53.878,22.137,1:16.015,15.667,1:31.682,23.465,1:55.147,15.8,32.2,48.34,0.2371306811252597,0.3873498933796693,0,-0.741347954689417,0.4565943826385917,0.1024339227429418,74.8952562190737,25.1047437809263,22.23646326479477,0,0,0.8705571561706051,0,0,0,Maintain current pace,23.793640199302764,0,115.147,115.063,0.0839999999999889,0,High,-0.3713746750305313,0,0.3042872,23.898207
GR86-061-051,51,23.0,15.901190592246802,22.734791995425866,95.99207509881424,1.3461538461538465,5.0,315.0,1.6302218997074098,2.302585092994045,0.0,0.0,61.12723563890015,40.04722310587636,2.435652173913044,99.64681818181818,6.718703719646035,120.22630434782609,1572.176670397172,-13.200680204494176,35.06983391666527,124.26921153846156,32.1555038311033,52.3825,186.45,2.3877710410222834e-05,0.3664764432836929,-0.0867145716165807,0.7780605619895553,51,1,23,1:53.955,2,,38.530,0,37.714,2,37.711,0,121.3,47:34.327,14:53:23.150,0:38.530,0:37.714,0:37.711,185.2,,Am,,Toyota Gazoo Racing,FF,38.53,37.714,37.711,16.189,16.189,22.341,38.530,15.652,54.182,22.062,1:16.244,14.509,1:30.753,23.202,1:53.955,15.8,32.2,48.34,0.4160443583846012,0.1822689243111245,0,-0.0662161467604684,0.4998996899751353,0.2104380855766047,77.51746338232077,22.48253661767923,23.793640199302764,0,0,1.5576529908077426,0,0,0,Maintain current pace,,0,113.955,115.063,1.108000000000004,0,High,-0.40659345271383046,0,0.3042872,23.993788
GR86-062-012,12,1.0,8.626644249802853,17.520778498189944,95.4860276679842,1.370503597122302,5.0,381.0,1.0553137303512938,2.163955656882057,0.0,0.0,27.307347366526475,36.25878920714694,2.431304347826087,100.19090909090907,8.062068952630103,66.60000000000001,2241.2551688311687,-14.356813276651408,52.20129560709315,54.12840424242424,54.77482566209384,0.0,166.324,0.0143701730840265,0.2170746660317707,-0.050996966189799,0.4023875521099475,12,1,1,2:45.836,0,,1:11.203,0,47.617,0,47.016,0,83.3,2:45.836,14:08:34.659,1:11.203,0:47.617,0:47.016,169.0,,Am,,Toyota Gazoo Racing,GF,71.203,47.617,47.016,,,,1:11.203,19.757,1:30.960,27.86,1:58.820,20.526,2:19.346,26.49,2:45.836,15.8,32.2,48.34,-1.817353731085329,-1.781989209588091,0,-0.1729687298728412,3.879815109972229,-0.6286672202063246,57.145026933446914,42.854973066553086,28.057520133671154,0,0,,0,0,0,Maintain current pace,23.329539295400597,0,165.836,118.553,47.283000000000015,0,Medium,-0.5243804970464601,0,0.3042872,25.8243
GR86-062-012,12,2.0,19.186730249818176,23.588448463613588,85.99772727272727,1.7407407407407407,5.0,235.0,1.6513365329222631,2.302585092994045,0.0,0.0,49.78120887809726,40.73391246302476,2.439,100.22217391304348,4.018830380408641,55.89204545454545,542.5421013551666,-5.553816625323618,37.58048223216731,108.01417901234568,30.92086416727397,55.45,171.6175,-0.0007766431168439,0.2900120677798146,-0.0604478837788855,0.6698187269126973,12,1,2,2:04.799,0,,43.154,0,40.702,0,40.943,0,110.7,4:50.635,14:10:39.458,0:43.154,0:40.702,0:40.943,177.0,,Am,,Toyota Gazoo Racing,GF,43.154,40.702,40.943,18.691,18.691,24.463,43.154,16.348,59.502,24.354,1:23.856,16.365,1:40.221,24.578,2:04.799,15.8,32.2,48.34,1.0523476544301256,0.3932313390252792,0,1.3372462680675568,-0.2430347385211191,0.590295597443379,86.73993279921078,13.260067200789225,23.329539295400597,1,0,,0,0,1,High error bursts detected - suggest 1-lap cool down,16.26477392457468,0,124.799,118.553,6.246000000000009,0,High,-0.4439478138715995,0,0.3042872,20.26068
GR86-062-012,12,3.0,17.93432958610454,23.71366682028248,88.06422924901186,1.814516129032258,5.0,225.0,1.669772634653326,2.163955656882057,0.0,0.0,61.56370959559775,40.4974456884452,2.450909090909091,100.25181818181818,5.342312354123386,54.30652173913043,662.4467319112999,-6.154389360765881,38.75894088241382,117.08291129032258,31.78130161004505,47.32,177.1,0.0032098264149133,0.3443221967148392,-0.0640037845175135,0.7032791069182421,12,1,3,1:59.779,0,,40.862,0,39.334,0,39.583,0,115.4,6:50.414,14:12:39.237,0:40.862,0:39.334,0:39.583,179.1,,Am,,Toyota Gazoo Racing,GF,40.862,39.334,39.583,16.772,16.772,24.09,40.862,16.114,56.976,23.22,1:20.196,14.99,1:35.186,24.593,1:59.779,15.8,32.2,48.34,0.7120080094808057,0.4605149851353779,0,1.6381796017353163,-0.0943192146305857,0.5650261679253251,86.12642238114053,13.873577618859471,16.26477392457468,1,0,-11.792746209096476,1,0,2,High error bursts detected - suggest 1-lap cool down | Focus dropped 12 points - consider radio reminder,18.87494204996724,0,119.779,118.553,1.225999999999999,0,High,-0.41454860181682646,0,0.3042872,18.929504
GR86-062-012,12,4.0,16.14884735095699,22.79209188784887,82.58308300395255,1.5677966101694916,5.0,185.0,1.6725999879913709,2.1639556568820564,0.0,0.0,61.580808933270326,41.64231899349912,2.442272727272728,100.19666666666669,4.708452533890893,74.00714285714287,555.5973989991253,-5.070890831703462,36.51642465772473,122.0487881355932,30.230806319447737,60.9025,176.366,0.0043812170928907,0.3317117571498351,-0.0758001856681105,0.775515116200931,12,1,4,1:59.214,0,,40.231,0,39.477,0,39.506,0,115.9,8:49.628,14:14:38.451,0:40.231,0:39.477,0:39.506,177.0,,Am,,Toyota Gazoo Racing,GF,40.231,39.477,39.506,16.649,16.649,23.582,40.231,16.241,56.472,23.236,1:19.708,14.962,1:34.670,24.544,1:59.214,15.8,32.2,48.34,0.2268035476981352,0.4708335787404836,0,0.6317988965752076,-0.3623023450350245,0.2442890589773401,78.33932304592466,21.660676954075345,18.87494204996724,0,0,-4.454597245433352,0,0,0,Maintain current pace,20.436731136247403,0,119.214,118.553,0.6610000000000014,0,High,-0.39192211417315653,0,0.3042872,25.496716
GR86-062-012,12,5.0,16.986223856557608,24.20117937587052,92.10059288537548,1.596638655462185,5.0,190.0,1.5939751860621016,2.163955656882057,0.0,0.0,63.51209972344381,41.16628812304457,2.4477272727272728,100.15478260869564,5.137712104708744,62.64772727272727,611.3877404603405,-5.1134359985533,35.351019279035675,122.88186414565828,30.76910711205556,59.79200000000001,178.282,0.007854948487959,0.3416010544217284,-0.0720261072930236,0.7715860019919207,12,1,5,2:01.166,0,,40.977,0,40.904,0,39.285,0,114.0,10:50.794,14:16:39.617,0:40.977,0:40.904,0:39.285,176.2,,Am,,Toyota Gazoo Racing,FCY,40.977,40.904,39.285,16.669,16.669,24.308,40.977,16.482,57.459,24.422,1:21.881,14.957,1:36.838,24.328,2:01.166,15.8,32.2,48.34,0.4543604556927,0.1838877034325699,0,0.7494469773339328,-0.2692639898868044,0.267770710177362,78.90942842303309,21.09057157696691,20.436731136247403,1,0,4.171957211672723,0,0,1,High error bursts detected - suggest 1-lap cool down,43.3682865350025,0,121.166,118.553,2.6129999999999995,0,High,-0.3968919373853466,0,0.3042872,30.817268
GR86-062-012,12,6.0,17.08887838508216,24.93140586755496,96.28667984189724,1.7083333333333333,5.0,205.0,1.621476565272465,2.163955656882057,0.0,0.0,62.7611826266838,41.23108995604347,2.439047619047619,100.16545454545454,5.026592064783753,62.39904761904762,603.1910477740504,-5.650622638474755,35.608808531836914,120.5190875,30.91208789098682,63.767500000000005,177.754,0.0048948087684788,0.3388960769876798,-0.0680500020875835,0.7465848010087052,12,1,6,2:50.405,0,,59.021,0,1:02.306,0,49.078,0,81.1,13:41.199,14:19:30.022,0:59.021,1:02.306,0:49.078,172.2,,Am,,Toyota Gazoo Racing,FCY,59.021,62.306,49.078,19.096,19.096,39.925,59.021,32.047,1:31.068,30.259,2:01.327,16.364,2:17.691,32.714,2:50.405,15.8,32.2,48.34,0.4822568045231848,0.2842556170686725,0,1.2050549048977108,-0.2445516047812016,0.37204402088066,81.44105512230004,18.55894487769996,43.3682865350025,1,0,24.493344485035266,0,0,1,High error bursts detected - suggest 1-lap cool down,49.84788145700819,0,170.405,118.553,51.852,1,High,-0.42798556068648813,0,0.5643398,48.57412
GR86-062-012,12,7.0,2.009015995445381,7.622899944646444,89.24007905138339,0.6080645161290322,5.0,754.0,0.4393994968957566,2.302585092994045,0.0,0.0,10.255609658446083,14.12553050756418,2.3817391304347826,100.09454545454544,2.1201269422441045,73.73630434782608,2628.9574083826897,-86.62963872805666,72.54994159890056,13.644794030253918,32.05880278450543,0.0,174.0475,0.0158269603077507,0.0989204881736684,-0.0207301519957794,0.1963383421112332,12,1,7,2:47.504,0,,56.464,0,59.460,0,51.580,0,82.5,16:28.703,14:22:17.526,0:56.464,0:59.460,0:51.580,142.1,,Am,,Toyota Gazoo Racing,FCY,56.464,59.46,51.58,22.450,22.450,34.014,56.464,28.695,1:25.159,30.765,1:55.924,21.271,2:17.195,30.309,2:47.504,15.8,32.2,48.34,-3.615692965285533,-4.029804714325279,0,-3.282994168915758,-0.0463567126650665,-2.5892438647708502,9.54465684965935,90.45534315034064,49.84788145700819,0,0,29.41115032076079,0,0,0,Maintain current pace,49.99481247784956,0,167.504,118.553,48.95099999999999,1,Low,-0.6614184235801507,1,0.5339068,52.754257
GR86-062-012,12,8.0,10.633404792246171,14.270379211953424,74.74545454545454,1.4131736526946108,5.0,236.0,1.4533030756721983,2.025326220770068,0.0,0.0,27.924327267045022,32.87417434976736,2.3995238095238096,100.0408695652174,1.7446808359862047,26.23071428571429,291.3616996096962,-4.605321824629088,32.33416051771082,87.95285628742515,28.33129626642325,33.5425,146.75799999999998,6.215292012398677e-05,0.1912475770066222,-0.0509306400293645,0.5210676878999747,12,1,8,2:24.360,0,,48.170,0,50.061,0,46.129,0,95.7,18:53.063,14:24:41.886,0:48.170,0:50.061,0:46.129,170.1,,Am,,Toyota Gazoo Racing,GF,48.17,50.061,46.129,22.310,22.310,25.86,48.170,23.685,1:11.855,26.376,1:38.231,15.572,1:53.803,30.557,2:24.360,15.8,32.2,48.34,-1.272016930888912,-0.3295035021001933,0,0.0010844654885158,-0.6906081795197603,-0.5328791029204205,59.47064365701602,40.52935634298398,49.99481247784956,0,0,6.626525942847053,0,0,0,Maintain current pace,27.44531168036723,1,144.36,118.553,25.807000000000016,0,Medium,-0.4786575675017177,0,0.67983884,31.57951
GR86-062-012,12,9.0,18.22227659428845,21.883929513478712,83.89997835497834,1.7412587412587412,5.0,249.0,1.5376932937935104,2.163955656882057,0.0,0.0,43.18039847272206,38.53940293969982,2.398636363636364,100.02045454545454,3.253645200233509,41.05204545454546,465.2712636333918,-4.782158495527541,33.21113382736378,101.51366083916083,27.77281020649877,61.21,171.125,0.0100516285023254,0.2603035817559457,-0.0732032801213995,0.6284422374770725,12,1,9,2:00.050,0,,41.356,0,39.629,0,39.065,0,115.1,20:53.113,14:26:41.936,0:41.356,0:39.629,0:39.065,180.0,,Am,,Toyota Gazoo Racing,GF,41.356,39.629,39.065,17.638,17.638,23.718,41.356,16.526,57.882,23.103,1:20.985,14.715,1:35.700,24.35,2:00.050,15.8,32.2,48.34,0.7902575548291292,-0.0215163986410353,0,1.3393592169294126,-0.7871352980046841,0.3538885195274234,81.00026205977596,18.99973794022404,27.44531168036723,1,0,-22.402569776640963,1,0,2,High error bursts detected - suggest 1-lap cool down | Focus dropped 22 points - consider radio reminder,21.534167353860997,0,120.05,118.553,1.497,0,High,-0.4158410909737937,0,0.3042872,23.383186
GR86-062-012,12,10.0,16.66771446127858,22.822304035921363,80.86904761904762,1.4705882352941178,5.0,175.0,1.6507389651599949,2.025326220770068,0.0,0.0,62.37211129706719,41.11784789579379,2.448695652173913,100.037,4.97501519501081,78.89785714285715,592.0268082062864,-5.193688234603181,33.38272437771985,121.87403641456582,29.64726876821638,64.825,179.326,0.0068628275275161,0.3355510990650663,-0.0863495810889365,0.7590823990153303,12,1,10,1:58.651,0,,40.470,0,38.918,0,39.263,0,116.5,22:51.764,14:28:40.587,0:40.470,0:38.918,0:39.263,180.0,,Am,,Toyota Gazoo Racing,GF,40.47,38.918,39.263,17.007,17.007,23.463,40.470,16.126,56.596,22.792,1:19.388,14.917,1:34.305,24.346,1:58.651,15.8,32.2,48.34,0.3678055873961176,0.3910504800546694,0,0.2352812910550604,-0.4631592909643967,0.197080560794322,77.19315924210633,22.806840757893667,21.534167353860997,0,0,-28.460645123988563,1,0,1,Focus dropped 28 points - consider radio reminder,24.368504965351576,0,118.651,118.553,0.0980000000000131,0,High,-0.41096431909290937,0,0.3042872,21.888403
GR86-062-012,12,11.0,16.402084405454357,23.301072284258584,88.89054545454546,1.4830508474576272,5.0,175.0,1.641986962171129,2.163955656882057,0.0,0.0,63.65122815264306,40.71318765560974,2.407142857142857,100.03652173913044,5.007320443976055,66.92772727272728,590.8638123891745,-4.629552744268836,35.039315407168985,123.523656779661,30.94705000540723,64.374,180.36,0.0069964061285949,0.3503870943983325,-0.074015412795068,0.7825092819323695,12,1,11,1:58.405,0,,40.286,0,38.655,0,39.464,0,116.7,24:50.169,14:30:38.992,0:40.286,0:38.655,0:39.464,180.0,,Am,,Toyota Gazoo Racing,GF,40.286,38.655,39.464,16.618,16.618,23.668,40.286,16.035,56.321,22.62,1:18.941,15.053,1:33.994,24.411,1:58.405,15.8,32.2,48.34,0.295620669656601,0.3591095263515769,0,0.2861168815063611,-0.2385088538455764,0.197530229326271,77.20407663653472,22.79592336346528,24.368504965351576,0,0,-3.0768067150156533,0,0,0,Maintain current pace,25.401430558124428,0,118.405,118.553,0.1479999999999961,0,High,-0.36353917958213067,0,0.3042872,23.714632
GR86-062-012,12,12.0,14.776138255168004,21.51337211855213,97.4595,1.452991452991453,5.0,170.0,1.603643486498605,2.163955656882057,0.0,0.0,60.83112311499674,41.277560517474335,2.418,100.03333333333336,4.651310898039159,62.414047619047615,544.2033750705816,-4.117717921763553,35.80155724114539,123.71172222222224,30.48796848401166,65.77250000000001,179.7075,0.0047812136426844,0.3435812183565205,-0.0819686076261523,0.7911512749596934,12,1,12,1:58.553,0,,40.693,0,38.851,0,39.009,0,116.6,26:48.722,14:32:37.545,0:40.693,0:38.851,0:39.009,180.0,,Am,,Toyota Gazoo Racing,GF,40.693,38.851,39.009,16.671,16.671,24.022,40.693,16.165,56.858,22.686,1:19.544,14.84,1:34.384,24.169,1:58.553,15.8,32.2,48.34,-0.1462298910531788,0.2191727389864669,0,0.1635031753067271,-0.3178551788299129,0.0036641758436808,72.49724922530422,27.502750774695784,25.401430558124428,0,0,3.867263204263434,0,0,0,Maintain current pace,26.31476135196203,0,118.553,118.553,0.0,0,High,-0.3884445140608821,0,0.3042872,25.772182
GR86-062-012,12,13.0,15.890484979811804,24.995222086558893,92.12753588516746,1.3559322033898304,5.0,160.0,1.6354301834533371,2.163955656882057,0.0,0.0,61.53504696069185,41.64383249125045,2.4261904761904765,100.03826086956522,5.001977941499927,78.84795454545454,590.2333970969914,-4.290075911625382,35.0077463823828,123.78930508474576,30.79580928408415,65.9375,179.135,0.0076658012449784,0.3451176493560441,-0.0767789001027501,0.789659887197119,12,1,13,1:57.630,0,,39.824,0,38.951,0,38.855,0,117.5,28:46.352,14:34:35.175,0:39.824,0:38.951,0:38.855,181.2,,Am,,Toyota Gazoo Racing,GF,39.824,38.951,38.855,16.546,16.546,23.278,39.824,16.244,56.068,22.707,1:18.775,14.833,1:33.608,24.022,1:57.630,15.8,32.2,48.34,0.156593621904034,0.3351801737527671,0,-0.2324061410969089,-0.2646488635512304,0.0694473224897426,74.09438246378778,25.90561753621222,26.31476135196203,0,0,1.9462563866104536,0,0,0,Maintain current pace,25.586750360276472,0,117.63,118.553,0.9230000000000018,0,High,-0.37996882889362843,0,0.3042872,27.534365
GR86-062-012,12,14.0,16.118865279616685,22.77800980777048,92.94651785714284,1.3793103448275863,5.0,160.0,1.6266023465614805,2.163955656882057,0.0,0.0,62.34264290625748,40.79978101603872,2.4068181818181817,100.02380952380952,5.206188334646188,73.405,603.9178468189579,-4.695693752327812,35.06966801476386,124.12478879310343,30.23800254359972,64.8775,181.28,0.0055227113811942,0.3590386075085632,-0.0922011911205908,0.7944153792722994,12,1,14,1:56.580,0,,39.054,2,38.359,0,39.167,0,118.5,30:42.932,14:36:31.755,0:39.054,0:38.359,0:39.167,180.0,,Am,,Toyota Gazoo Racing,GF,39.054,38.359,39.167,16.123,16.123,22.931,39.054,15.645,54.699,22.714,1:17.413,14.793,1:32.206,24.374,1:56.580,15.8,32.2,48.34,0.2186559254471634,0.3029624597254799,0,-0.1370455852158472,-0.3610585704250433,0.0846746977406376,74.46408425502192,25.535915744978084,25.586750360276472,0,0,0.1853198021520441,0,0,0,Maintain current pace,24.52751850376011,0,116.58,118.553,1.972999999999999,0,High,-0.3695760234292589,0,0.3042872,25.614061
GR86-062-012,12,15.0,16.148733969865717,22.11375133894312,85.30981818181819,1.3793103448275863,5.0,160.0,1.614979034036078,2.163955656882057,0.0,0.0,63.57966581183093,40.17733156811015,2.39,100.02666666666669,5.565848155595818,84.638,645.6383860491148,-3.595271599646748,34.42020181469226,125.67144827586208,31.2282965181162,61.885000000000005,178.9725,0.0103703909878621,0.3587997342279495,-0.0766914100551114,0.8177826635295398,12,1,15,1:57.086,0,,39.617,0,38.565,0,38.904,0,118.0,32:40.018,14:38:28.841,0:39.617,0:38.565,0:38.904,183.1,,Am,,Toyota Gazoo Racing,GF,39.617,38.565,38.904,16.554,16.554,23.063,39.617,15.824,55.441,22.741,1:18.182,14.588,1:32.770,24.316,1:57.086,15.8,32.2,48.34,0.2267727364078937,0.2605424916652807,0,-0.1370455852158472,-0.1898990184283751,0.0936207042134736,74.68128220036088,25.31871779963912,24.52751850376011,0,0,-1.7872428482019205,0,0,0,Maintain current pace,24.892379638667403,0,117.086,118.553,1.4669999999999987,0,High,-0.3591244976066232,0,0.3042872,24.559921
GR86-062-012,12,16.0,17.42350973772626,23.74034174270992,84.90444976076554,1.3793103448275863,5.0,160.0,1.6144725120629246,2.163955656882057,0.0,0.0,65.10885360774984,40.12337575189997,2.408181818181818,100.01434782608696,5.439713488527652,73.82363636363635,631.0067646692077,-4.772234276423819,36.11724426159078,124.95497413793105,31.416132769565674,63.79200000000001,182.704,0.0068199681309664,0.3586785773026608,-0.0758739112241412,0.8116739450373384,12,1,16,1:56.858,0,,39.494,0,38.501,0,38.863,0,118.2,34:36.876,14:40:25.699,0:39.494,0:38.501,0:38.863,181.2,,Am,,Toyota Gazoo Racing,GF,39.494,38.501,38.863,16.590,16.590,22.904,39.494,15.992,55.486,22.509,1:17.995,14.72,1:32.715,24.143,1:56.858,15.8,32.2,48.34,0.5731928117032672,0.258693909698996,0,-0.1370455852158472,-0.1574339429314518,0.2003310888602069,77.27207803333687,22.72792196666313,24.892379638667403,0,0,-0.6943707216090687,0,0,0,Maintain current pace,24.295888685804456,0,116.858,118.553,1.6949999999999932,0,High,-0.37563257315802917,0,0.3042872,24.432486
GR86-062-012,12,17.0,16.804336748379594,22.567434823141262,80.32671497584542,1.206896551724138,5.0,140.0,1.6233634167578854,2.163955656882057,0.0,0.0,65.04032347050376,39.9806567809201,2.438636363636364,100.0095,5.837714963135316,89.78928571428571,677.1749357236966,-4.6752824522562415,35.917265960834456,125.2975646551724,30.670824377257382,66.914,180.366,0.0099427255917186,0.3668272816841886,-0.0871527849121465,0.8131584770007065,12,1,17,1:56.520,0,,39.421,0,38.342,0,38.757,0,118.6,36:33.396,14:42:22.219,0:39.421,0:38.342,0:38.757,183.1,,Am,,Toyota Gazoo Racing,GF,39.421,38.342,38.757,16.249,16.249,23.172,39.421,15.801,55.222,22.541,1:17.763,14.686,1:32.449,24.071,1:56.520,15.8,32.2,48.34,0.4049326682348054,0.2911417934122018,0,-0.8403296848386732,-0.2862508940687441,0.0395907066908166,73.36950085030004,26.63049914969996,24.295888685804456,0,0,-0.2316298179556533,0,0,0,Maintain current pace,25.395920911880538,0,116.52,118.553,2.032999999999987,0,High,-0.376735955396701,0,0.3042872,24.660889
GR86-062-012,12,18.0,16.89722722993389,24.37060164598862,96.772,1.391304347826087,5.0,160.0,1.6297049475016403,2.163955656882057,0.0,0.0,65.44588446797658,40.642632008148254,2.3813636363636363,99.99954545454544,5.890405852902933,98.00159090909092,677.3966730838373,-4.645862428353366,35.85294111583759,125.4633304347826,30.76022695608495,64.2225,182.465,0.0077835198853557,0.3585021241334087,-0.0889705277870231,0.8167007681244024,12,1,18,2:10.060,0,,52.870,0,38.135,0,39.055,0,106.2,38:43.456,14:44:32.279,0:52.870,0:38.135,0:39.055,182.1,,Am,,Toyota Gazoo Racing,GF,52.87,38.135,39.055,28.605,28.605,24.265,52.870,15.739,1:08.609,22.396,1:31.005,14.89,1:45.895,24.165,2:10.060,15.8,32.2,48.34,0.4301756391364793,0.3142855857704422,0,-0.0881214739377381,-0.2707988104115204,0.1673259860517415,76.47075505894972,23.52924494105028,25.395920911880538,0,0,0.5035412732131341,0,0,0,Maintain current pace,25.04045694477303,0,130.06,118.553,11.507000000000003,0,High,-0.37721063171531266,0,0.3042872,25.606972
GR86-062-012,12,19.0,14.555474354759651,22.48747819633595,91.82363636363635,1.317829457364341,5.0,170.0,1.511426938798426,2.302585092994045,0.0,0.0,61.67545233208697,40.8298914136733,2.401904761904762,99.9940909090909,6.054662850269192,78.88659090909091,781.0515076847257,27.87662202034588,111.73228838445424,112.18019379844962,44.696059531788485,0.0,182.284,0.0238017119403793,0.3343730858620145,-0.0654444644948769,0.7686693944885641,12,1,19,1:56.956,0,,39.776,0,38.495,0,38.685,0,118.1,40:40.412,14:46:29.235,0:39.776,0:38.495,0:38.685,184.3,,Am,,Toyota Gazoo Racing,GF,39.776,38.495,38.685,16.559,16.559,23.217,39.776,15.974,55.750,22.521,1:18.271,14.695,1:32.966,23.99,1:56.956,15.8,32.2,48.34,-0.2061952645107599,-0.1173770181945594,0,-0.3878290626007315,2.137830265134065,0.064405833221429,73.97198135510862,26.02801864489137,25.04045694477303,0,0,0.7445682589685738,0,0,0,Maintain current pace,26.60461594861739,0,116.956,118.553,1.5969999999999942,0,High,-0.4644639568655933,0,0.3042872,26.93912
GR86-062-012,12,20.0,16.31769801608082,23.82375592950676,92.30428571428573,1.206896551724138,5.0,140.0,1.7156286768056086,2.302585092994045,0.0,0.0,63.98815498001484,40.813140889924384,2.3633333333333333,99.971,5.1832647325517005,102.12931818181818,601.2587089759973,-5.019436329070448,36.174656022424266,125.11499568965516,30.636927907879247,66.68199999999999,182.936,0.0086988764965754,0.3463341978179119,-0.083545264246734,0.8093173416496465,12,1,20,1:56.337,0,,39.859,0,38.095,0,38.383,2,118.8,42:36.749,14:48:25.572,0:39.859,0:38.095,0:38.383,185.2,,Am,,Toyota Gazoo Racing,GF,39.859,38.095,38.383,16.483,16.483,23.376,39.859,15.807,55.666,22.288,1:17.954,14.533,1:32.487,23.85,1:56.337,15.8,32.2,48.34,0.2726886842065263,0.6278693291931274,0,-0.8403296848386732,-0.292109461991328,0.0835135386353059,74.43589275162256,25.56410724837744,26.60461594861739,0,0,1.2086950367368523,0,0,0,Maintain current pace,26.155975377473883,0,116.337,118.553,2.215999999999994,0,High,-0.38722081517637413,0,0.3042872,26.140514
GR86-062-012,12,21.0,15.143114385988824,23.20111217500175,92.23136363636362,1.25,5.0,145.0,1.6625727256784486,2.163955656882057,0.0,0.0,63.98799292881098,41.02379462014415,2.3943478260869564,99.97909090909091,5.570291079433227,79.1025,646.1537652142543,-4.495301108942611,37.43081001127448,126.0109698275862,31.11887776025635,65.375,185.5125,0.0093523911150923,0.3576574304659597,-0.0782600860023569,0.8097013635517423,12,1,21,1:56.171,0,,39.484,0,38.118,0,38.569,0,118.9,44:32.920,14:50:21.743,0:39.484,0:38.118,0:38.569,182.1,,Am,,Toyota Gazoo Racing,GF,39.484,38.118,38.569,16.535,16.535,22.949,39.484,15.707,55.191,22.411,1:17.602,14.633,1:32.235,23.936,1:56.171,15.8,32.2,48.34,-0.0465041964834489,0.4342384905403004,0,-0.6645086599329667,-0.2088106406913176,-0.0259489993690363,71.77827804741665,28.22172195258335,26.155975377473883,0,0,1.1155184327008527,0,0,0,Maintain current pace,26.32685967644962,0,116.171,118.553,2.382000000000005,0,High,-0.3679121450381444,0,0.3042872,26.583117
GR86-062-012,12,22.0,15.797961378999023,23.892455269664246,97.094,1.3432835820895523,5.0,180.0,1.6946889123134536,2.163955656882057,0.0,0.0,66.50183346134988,40.470647279402506,2.385,99.97954545454546,5.984025906253599,87.77568181818182,801.8594714379823,-5.839111931587468,37.9846224865729,124.45413059701494,31.467526160195536,64.10499999999999,181.9325,0.0085229057048654,0.3694732973458714,-0.1001249295055796,0.7851035869460562,12,1,22,1:56.145,2,,39.063,0,38.063,2,39.019,0,119.0,46:29.065,14:52:17.888,0:39.063,0:38.063,0:39.019,184.3,,Am,,Toyota Gazoo Racing,GF,39.063,38.063,39.019,16.341,16.341,22.722,39.063,15.794,54.857,22.269,1:17.126,14.629,1:31.755,24.39,1:56.145,15.8,32.2,48.34,0.131450350774904,0.5514484174260201,0,-0.2840004717041988,-0.1485512576459113,0.1198420130687552,75.31790306853914,24.682096931460865,26.32685967644962,0,0,-0.2777562721677711,0,0,0,Maintain current pace,25.379428538382754,0,116.145,118.553,2.407999999999987,0,High,-0.37673089580614927,0,0.3042872,26.471004
GR86-062-012,12,23.0,16.447897088950615,24.532743828780788,88.15134387351779,1.319148936170213,5.0,310.0,1.5824353048427713,2.163955656882057,0.0,0.0,64.19210397577494,41.29435450850357,2.381904761904762,99.98304347826088,5.146850207239569,88.27021739130434,1209.509798701299,-3.5164535676141524,34.44854214990794,123.72497659574468,31.858430335983925,60.375,183.88,0.0094178505288749,0.3515152745521524,-0.0785235893633391,0.7887813959199191,12,1,23,1:57.375,0,,39.466,0,38.791,0,39.118,0,117.7,48:26.440,14:54:15.263,0:39.466,0:38.791,0:39.118,183.1,,Am,,Toyota Gazoo Racing,FF,39.466,38.791,39.118,16.512,16.512,22.954,39.466,15.91,55.376,22.881,1:18.257,14.815,1:33.072,24.303,1:57.375,15.8,32.2,48.34,0.3080702577852586,0.1417722228694651,0,-0.3824468455097692,-0.0809885082772347,0.062398255398755,73.92323985469535,26.076760145304647,25.379428538382754,0,0,-0.7765468390911288,0,0,0,Maintain current pace,,0,117.375,118.553,1.1779999999999973,0,High,-0.38964532789288886,0,0.3042872,25.406017
